mean,std
77.5768321632226,28.77836344751664
