mean,std
30.91109069188436,25.702955340533293
