mean,std
30.923411587520256,25.721780121440958
