mean,std
834.9697242928007,314.494360753153
