mean,std
763.2619718472749,418.6450262773753
