mean,std
245.0987640380859,297.472615357216
