mean,std
3247.0304854146166,879.1942841719269
