mean,std
2094.7135797725805,644.4186875914867
