,lon,lat,year,geoUncertaintyInM,areaInM2,region,country,speciesId,surveyId,geometry,in_polygon
0,3.099038,43.134956,2021,5.0,100.0,MEDITERRANEAN,France,6874.0,212,POINT (3.099038 43.134956),True
16,5.71258,43.542,2021,10.0,200.0,MEDITERRANEAN,France,6039.0,878,POINT (5.71258 43.542),True
38,3.0315,42.749162,2018,10.0,16.0,MEDITERRANEAN,France,1587.0,1650,POINT (3.0315 42.749162),True
46,4.991745,43.433207,2018,0.0,1.0,MEDITERRANEAN,France,7244.0,1741,POINT (4.991745 43.433207),True
56,3.958843,43.567651,2020,3.0,25.0,MEDITERRANEAN,France,7871.0,1972,POINT (3.958843 43.567651),True
65,3.141879,43.259381,2019,10.0,-inf,MEDITERRANEAN,France,822.0,2472,POINT (3.141879 43.259381),True
71,4.160367,44.311934,2019,0.0,250.0,MEDITERRANEAN,France,11157.0,3014,POINT (4.160367 44.311934),True
98,5.38642,44.0729,2020,10.0,30.0,MEDITERRANEAN,France,7714.0,4544,POINT (5.38642 44.0729),True
121,3.038266,42.70752,2020,10.0,50.0,MEDITERRANEAN,France,5876.0,5316,POINT (3.038266 42.70752),True
131,2.852457,43.041303,2021,5.0,4.0,MEDITERRANEAN,France,2761.0,6811,POINT (2.852457 43.041303),True
134,7.47635,43.9648,2019,10.0,-inf,MEDITERRANEAN,France,3775.0,7917,POINT (7.47635 43.9648),True
193,4.17761,43.84839,2017,1.0,,MEDITERRANEAN,France,11193.0,7950,POINT (4.17761 43.84839),True
216,4.984343,43.464208,2021,3.0,20.0,MEDITERRANEAN,France,5980.0,9112,POINT (4.984343 43.464208),True
224,2.33904,43.14501,2018,1.0,,MEDITERRANEAN,France,876.0,9576,POINT (2.33904 43.14501),True
246,7.036106,43.791196,2020,9.0,16.0,MEDITERRANEAN,France,7529.0,9805,POINT (7.036106 43.791196),True
270,5.486416,43.204942,2019,10.0,40.0,MEDITERRANEAN,France,4431.0,11039,POINT (5.486416 43.204942),True
284,3.401909,43.33027,2021,4.0,200.0,MEDITERRANEAN,France,9581.0,11406,POINT (3.401909 43.33027),True
306,3.513773,43.328582,2017,10.0,-inf,MEDITERRANEAN,France,6279.0,14316,POINT (3.513773 43.328582),True
308,6.54386,43.1932,2020,10.0,10.0,MEDITERRANEAN,France,3958.0,14533,POINT (6.54386 43.1932),True
312,3.074258,43.172863,2021,6.0,100.0,MEDITERRANEAN,France,476.0,14583,POINT (3.074258 43.172863),True
324,5.21853,43.78978,2018,1.0,,MEDITERRANEAN,France,476.0,14930,POINT (5.21853 43.78978),True
336,6.54883,43.63823,2019,1.0,,MEDITERRANEAN,France,2539.0,15409,POINT (6.54883 43.63823),True
351,5.132455,43.397616,2017,0.0,10.0,MEDITERRANEAN,France,3642.0,15789,POINT (5.132455 43.397616),True
375,3.037705,42.76022,2018,10.0,16.0,MEDITERRANEAN,France,1381.0,16241,POINT (3.037705 42.76022),True
387,3.017092,42.831557,2018,10.0,16.0,MEDITERRANEAN,France,8721.0,17247,POINT (3.017092 42.831557),True
401,6.92167,43.459111,2018,0.0,50.0,MEDITERRANEAN,France,7212.0,17269,POINT (6.92167 43.459111),True
415,6.935912,43.525279,2020,3.0,3.0,MEDITERRANEAN,France,4916.0,18287,POINT (6.935912 43.525279),True
424,6.13731,43.031578,2018,10.0,70.0,MEDITERRANEAN,France,476.0,18667,POINT (6.13731 43.031578),True
434,3.519491,43.317678,2017,10.0,-inf,MEDITERRANEAN,France,6279.0,22036,POINT (3.519491 43.317678),True
435,3.521183,43.330345,2017,10.0,-inf,MEDITERRANEAN,France,7955.0,22152,POINT (3.521183 43.330345),True
436,5.576563,43.175508,2021,10.0,100.0,MEDITERRANEAN,France,476.0,22239,POINT (5.576563 43.175508),True
452,3.784565,43.669353,2019,0.0,50.0,MEDITERRANEAN,France,8887.0,22881,POINT (3.784565 43.669353),True
464,5.60598,43.61686,2017,1.0,,MEDITERRANEAN,France,4854.0,24481,POINT (5.60598 43.61686),True
489,3.872788,43.526774,2020,9.0,25.0,MEDITERRANEAN,France,2075.0,27824,POINT (3.872788 43.526774),True
492,3.731734,43.749216,2018,0.0,50.0,MEDITERRANEAN,France,6703.0,27836,POINT (3.731734 43.749216),True
498,6.0976,43.031909,2017,0.0,30.0,MEDITERRANEAN,France,3642.0,28482,POINT (6.0976 43.031909),True
504,5.99197,43.1039,2019,10.0,40.0,MEDITERRANEAN,France,6652.0,28680,POINT (5.99197 43.1039),True
514,6.381322,43.274818,2020,4.0,200.0,MEDITERRANEAN,France,5093.0,28970,POINT (6.381322 43.274818),True
539,6.01457,43.42379,2018,1.0,,MEDITERRANEAN,France,6874.0,29773,POINT (6.01457 43.42379),True
558,3.513276,43.314271,2017,10.0,-inf,MEDITERRANEAN,France,7955.0,30699,POINT (3.513276 43.314271),True
559,5.028378,43.342292,2017,0.0,15.0,MEDITERRANEAN,France,3803.0,31247,POINT (5.028378 43.342292),True
585,3.829973,44.236996,2017,0.0,-inf,MEDITERRANEAN,France,9892.0,31310,POINT (3.829973 44.236996),True
598,3.256259,43.225739,2019,10.0,-inf,MEDITERRANEAN,France,6855.0,31908,POINT (3.256259 43.225739),True
606,3.394578,44.060362,2021,5.0,250.0,MEDITERRANEAN,France,4498.0,32058,POINT (3.394578 44.060362),True
625,6.87679,44.02115,2017,1.0,,ALPINE,France,5412.0,32559,POINT (6.87679 44.02115),True
640,3.809804,44.197594,2017,0.0,-inf,MEDITERRANEAN,France,4498.0,34012,POINT (3.809804 44.197594),True
653,4.334848,43.470862,2017,0.0,5.0,MEDITERRANEAN,France,9820.0,34346,POINT (4.334848 43.470862),True
667,3.94807,44.51755,2018,1.0,,CONTINENTAL,France,1539.0,35107,POINT (3.94807 44.51755),True
674,3.19082,43.512311,2020,5.0,2.0,MEDITERRANEAN,France,7295.0,35167,POINT (3.19082 43.512311),True
678,3.704768,43.773178,2018,10.0,25.0,MEDITERRANEAN,France,7526.0,37438,POINT (3.704768 43.773178),True
685,6.2718,43.548058,2021,5.0,15.0,MEDITERRANEAN,France,5721.0,38418,POINT (6.2718 43.548058),True
693,6.50836,43.1899,2020,10.0,10.0,MEDITERRANEAN,France,10073.0,38593,POINT (6.50836 43.1899),True
712,3.521077,43.318651,2017,10.0,-inf,MEDITERRANEAN,France,7955.0,39591,POINT (3.521077 43.318651),True
714,3.96986,43.56676,2020,3.0,25.0,MEDITERRANEAN,France,5980.0,39675,POINT (3.96986 43.56676),True
718,7.143969,43.694257,2020,5.0,16.0,MEDITERRANEAN,France,8654.0,40321,POINT (7.143969 43.694257),True
743,3.0384,42.776854,2018,10.0,16.0,MEDITERRANEAN,France,10347.0,40543,POINT (3.0384 42.776854),True
748,4.416274,44.158867,2021,5.0,250.0,MEDITERRANEAN,France,1276.0,40924,POINT (4.416274 44.158867),True
757,6.575035,43.21136,2019,10.0,200.0,MEDITERRANEAN,France,6235.0,40942,POINT (6.575035 43.21136),True
771,1.993727,42.524095,2018,10.0,20.0,ALPINE,France,2638.0,41522,POINT (1.993727 42.524095),True
788,5.47641,43.96256,2018,1.0,,MEDITERRANEAN,France,6689.0,42598,POINT (5.47641 43.96256),True
806,5.99203,43.1041,2019,10.0,10.0,MEDITERRANEAN,France,3330.0,42603,POINT (5.99203 43.1041),True
822,3.354053,43.733389,2019,0.0,50.0,MEDITERRANEAN,France,960.0,43115,POINT (3.354053 43.733389),True
840,2.4849,42.60598,2019,1.0,,MEDITERRANEAN,France,10762.0,43194,POINT (2.4849 42.60598),True
869,7.130669,43.814636,2020,10.0,1.0,MEDITERRANEAN,France,32.0,43488,POINT (7.130669 43.814636),True
880,5.58559,43.168997,2017,0.0,100.0,MEDITERRANEAN,France,4530.0,44089,POINT (5.58559 43.168997),True
891,6.79841,44.2271,2019,10.0,-inf,ALPINE,France,96.0,47821,POINT (6.79841 44.2271),True
899,6.55063,43.1874,2020,10.0,50.0,MEDITERRANEAN,France,1458.0,51007,POINT (6.55063 43.1874),True
908,3.56744,43.32792,2020,10.0,50.0,MEDITERRANEAN,France,10347.0,51654,POINT (3.56744 43.32792),True
920,5.61113,43.70666,2017,1.0,,MEDITERRANEAN,France,6945.0,53760,POINT (5.61113 43.70666),True
944,6.53478,43.2012,2020,10.0,-inf,MEDITERRANEAN,France,11193.0,53781,POINT (6.53478 43.2012),True
955,3.594671,43.587541,2018,0.0,25.0,MEDITERRANEAN,France,9642.0,55464,POINT (3.594671 43.587541),True
957,5.66691,43.317593,2017,0.0,250.0,MEDITERRANEAN,France,1539.0,55893,POINT (5.66691 43.317593),True
961,6.11076,43.09938,2019,10.0,150.0,MEDITERRANEAN,France,6492.0,56890,POINT (6.11076 43.09938),True
982,4.46339,43.6147,2019,10.0,200.0,MEDITERRANEAN,France,7305.0,57002,POINT (4.46339 43.6147),True
989,6.53615,43.2,2020,10.0,-inf,MEDITERRANEAN,France,51.0,57297,POINT (6.53615 43.2),True
997,5.172998,43.400221,2017,0.0,15.0,MEDITERRANEAN,France,11078.0,58013,POINT (5.172998 43.400221),True
1001,3.33049,43.7156,2019,1.0,,MEDITERRANEAN,France,3935.0,58108,POINT (3.33049 43.7156),True
1007,7.016647,43.859946,2020,9.0,10.0,MEDITERRANEAN,France,9922.0,58312,POINT (7.016647 43.859946),True
1020,2.812483,42.994152,2021,5.0,16.0,MEDITERRANEAN,France,9581.0,60662,POINT (2.812483 42.994152),True
1050,6.29428,43.2822,2021,10.0,300.0,MEDITERRANEAN,France,376.0,60800,POINT (6.29428 43.2822),True
1058,7.195884,43.746717,2021,5.0,-inf,MEDITERRANEAN,France,11193.0,60996,POINT (7.195884 43.746717),True
1069,7.473166,44.083829,2021,0.0,3.0,ALPINE,France,4551.0,62976,POINT (7.473166 44.083829),True
1081,2.63022,42.49793,2017,1.0,,MEDITERRANEAN,France,4498.0,64504,POINT (2.63022 42.49793),True
1104,1.951045,42.526651,2018,0.0,16.0,ALPINE,France,3447.0,65270,POINT (1.951045 42.526651),True
1130,3.84802,44.53696,2017,1.0,,CONTINENTAL,France,10600.0,65656,POINT (3.84802 44.53696),True
1145,6.54499,43.1897,2020,10.0,-inf,MEDITERRANEAN,France,1160.0,65770,POINT (6.54499 43.1897),True
1156,5.43772,43.39329,2018,10.0,100.0,MEDITERRANEAN,France,7192.0,66225,POINT (5.43772 43.39329),True
1187,3.991115,43.805385,2020,4.0,270.0,MEDITERRANEAN,France,2643.0,66715,POINT (3.991115 43.805385),True
1204,4.80283,43.9546,2021,10.0,5.0,MEDITERRANEAN,France,3623.0,67171,POINT (4.80283 43.9546),True
1209,7.333826,44.130631,2018,0.0,30.0,ALPINE,France,10399.0,67210,POINT (7.333826 44.130631),True
1223,3.895614,43.512004,2020,10.0,40.0,MEDITERRANEAN,France,9877.0,67617,POINT (3.895614 43.512004),True
1233,5.12492,43.5059,2021,10.0,200.0,MEDITERRANEAN,France,10305.0,67890,POINT (5.12492 43.5059),True
1242,4.112119,43.615126,2020,5.0,50.0,MEDITERRANEAN,France,9547.0,72298,POINT (4.112119 43.615126),True
1251,5.374974,43.210098,2019,0.0,100.0,MEDITERRANEAN,France,2719.0,72880,POINT (5.374974 43.210098),True
1267,3.867004,44.194853,2017,0.0,-inf,MEDITERRANEAN,France,8138.0,74632,POINT (3.867004 44.194853),True
1283,4.552476,43.453593,2017,0.0,100.0,MEDITERRANEAN,France,3837.0,75812,POINT (4.552476 43.453593),True
1290,6.50454,43.1821,2020,10.0,60.0,MEDITERRANEAN,France,7868.0,75924,POINT (6.50454 43.1821),True
1309,3.780013,43.46212,2020,3.0,16.0,MEDITERRANEAN,France,9994.0,76017,POINT (3.780013 43.46212),True
1321,6.50035,43.1653,2020,10.0,4.0,MEDITERRANEAN,France,4477.0,76404,POINT (6.50035 43.1653),True
1331,2.97246,43.45868,2021,5.0,100.0,MEDITERRANEAN,France,5721.0,76985,POINT (2.97246 43.45868),True
1345,6.604804,43.18125,2019,10.0,30.0,MEDITERRANEAN,France,10619.0,77481,POINT (6.604804 43.18125),True
1359,5.600903,43.236857,2017,0.0,100.0,MEDITERRANEAN,France,9513.0,78357,POINT (5.600903 43.236857),True
1369,1.958611,42.742667,2018,10.0,-inf,ALPINE,France,10591.0,79548,POINT (1.958611 42.742667),True
1377,4.95377,44.0552,2020,10.0,50.0,MEDITERRANEAN,France,9977.0,81555,POINT (4.95377 44.0552),True
1383,2.732088,42.98186,2020,4.0,50.0,MEDITERRANEAN,France,5249.0,81635,POINT (2.732088 42.98186),True
1423,6.107941,43.148145,2020,4.0,200.0,MEDITERRANEAN,France,11193.0,82200,POINT (6.107941 43.148145),True
1454,3.08818,43.152772,2021,5.0,100.0,MEDITERRANEAN,France,5817.0,82405,POINT (3.08818 43.152772),True
1474,3.757449,43.663624,2020,3.0,200.0,MEDITERRANEAN,France,2474.0,82873,POINT (3.757449 43.663624),True
1508,3.050512,42.894565,2018,10.0,16.0,MEDITERRANEAN,France,7315.0,83405,POINT (3.050512 42.894565),True
1522,3.858355,44.173057,2017,0.0,-inf,MEDITERRANEAN,France,7755.0,85546,POINT (3.858355 44.173057),True
1539,6.37199,43.59098,2018,1.0,,MEDITERRANEAN,France,6874.0,87627,POINT (6.37199 43.59098),True
1563,3.813889,43.632929,2020,3.0,200.0,MEDITERRANEAN,France,3937.0,87654,POINT (3.813889 43.632929),True
1600,6.026188,43.115802,2018,0.0,200.0,MEDITERRANEAN,France,11140.0,88389,POINT (6.026188 43.115802),True
1641,4.998267,44.224124,2021,4.0,50.0,MEDITERRANEAN,France,2373.0,89168,POINT (4.998267 44.224124),True
1669,6.903554,43.513912,2018,0.0,15.0,MEDITERRANEAN,France,3251.0,89922,POINT (6.903554 43.513912),True
1684,7.148467,43.722869,2021,5.0,-inf,MEDITERRANEAN,France,4719.0,90210,POINT (7.148467 43.722869),True
1698,3.881654,43.50468,2020,10.0,40.0,MEDITERRANEAN,France,2926.0,90389,POINT (3.881654 43.50468),True
1708,3.045694,42.884111,2017,10.0,-inf,MEDITERRANEAN,France,4059.0,94126,POINT (3.045694 42.884111),True
1720,3.036703,42.75737,2018,10.0,16.0,MEDITERRANEAN,France,10082.0,97883,POINT (3.036703 42.75737),True
1731,3.77259,44.53797,2019,1.0,,CONTINENTAL,France,53.0,98380,POINT (3.77259 44.53797),True
1750,3.792378,43.647386,2021,5.0,200.0,MEDITERRANEAN,France,5412.0,100081,POINT (3.792378 43.647386),True
1785,3.349223,43.273185,2017,0.0,16.0,MEDITERRANEAN,France,4130.0,100162,POINT (3.349223 43.273185),True
1803,4.458102,43.522482,2018,0.0,100.0,MEDITERRANEAN,France,7315.0,101264,POINT (4.458102 43.522482),True
1816,6.933717,43.493311,2020,10.0,-inf,MEDITERRANEAN,France,7318.0,102940,POINT (6.933717 43.493311),True
1842,4.044261,43.559898,2020,9.0,50.0,MEDITERRANEAN,France,1195.0,102946,POINT (4.044261 43.559898),True
1853,4.023429,43.555153,2021,5.0,16.0,MEDITERRANEAN,France,1531.0,102976,POINT (4.023429 43.555153),True
1859,6.45809,43.172,2020,10.0,-inf,MEDITERRANEAN,France,51.0,103737,POINT (6.45809 43.172),True
1871,5.09386,44.1856,2021,10.0,-inf,MEDITERRANEAN,France,2957.0,105736,POINT (5.09386 44.1856),True
1893,5.74805,43.70716,2021,10.0,100.0,MEDITERRANEAN,France,6039.0,105833,POINT (5.74805 43.70716),True
1921,7.30387,43.714417,2017,10.0,1.0,MEDITERRANEAN,France,4985.0,109724,POINT (7.30387 43.714417),True
1928,4.328764,43.45779,2017,0.0,4.0,MEDITERRANEAN,France,11125.0,110229,POINT (4.328764 43.45779),True
1938,5.381253,43.23675,2018,0.0,-inf,MEDITERRANEAN,France,5116.0,110285,POINT (5.381253 43.23675),True
1963,5.84477,43.06968,2017,1.0,,MEDITERRANEAN,France,6669.0,110901,POINT (5.84477 43.06968),True
1974,5.930338,43.275345,2020,2.0,200.0,MEDITERRANEAN,France,8424.0,112317,POINT (5.930338 43.275345),True
2001,3.87664,43.74519,2017,1.0,,MEDITERRANEAN,France,9458.0,112770,POINT (3.87664 43.74519),True
2017,6.85389,43.73396,2019,1.0,,MEDITERRANEAN,France,7837.0,112869,POINT (6.85389 43.73396),True
2044,3.673639,43.65069,2021,5.0,250.0,MEDITERRANEAN,France,9458.0,114429,POINT (3.673639 43.65069),True
2058,3.30575,43.25213,2020,10.0,50.0,MEDITERRANEAN,France,1531.0,115619,POINT (3.30575 43.25213),True
2065,4.838646,43.37294,2017,0.0,9.0,MEDITERRANEAN,France,10051.0,116766,POINT (4.838646 43.37294),True
2076,6.78103,43.75498,2019,1.0,,MEDITERRANEAN,France,3451.0,116851,POINT (6.78103 43.75498),True
2099,2.147024,42.44538,2021,8.0,4.0,ALPINE,Spain,790.0,121083,POINT (2.147024 42.44538),True
2116,3.517462,43.327664,2017,10.0,-inf,MEDITERRANEAN,France,7955.0,122084,POINT (3.517462 43.327664),True
2117,4.211714,43.582824,2021,4.0,25.0,MEDITERRANEAN,France,11157.0,122228,POINT (4.211714 43.582824),True
2137,5.946019,43.265662,2020,4.0,16.0,MEDITERRANEAN,France,5212.0,125141,POINT (5.946019 43.265662),True
2147,3.734986,43.666896,2020,5.0,16.0,MEDITERRANEAN,France,5749.0,125395,POINT (3.734986 43.666896),True
2167,7.10847,43.73528,2019,10.0,-inf,MEDITERRANEAN,France,265.0,125419,POINT (7.10847 43.73528),True
2191,6.01443,43.1196,2020,10.0,200.0,MEDITERRANEAN,France,9353.0,126058,POINT (6.01443 43.1196),True
2205,3.512509,43.324989,2017,10.0,-inf,MEDITERRANEAN,France,6279.0,126782,POINT (3.512509 43.324989),True
2207,3.681813,43.393408,2019,10.0,16.0,MEDITERRANEAN,France,7315.0,128045,POINT (3.681813 43.393408),True
2216,2.266228,43.187136,2021,10.0,30.0,MEDITERRANEAN,France,3958.0,128168,POINT (2.266228 43.187136),True
2220,3.039056,42.812278,2017,10.0,500.0,MEDITERRANEAN,France,5018.0,128741,POINT (3.039056 42.812278),True
2239,5.651342,43.632251,2017,0.0,100.0,MEDITERRANEAN,France,2010.0,129285,POINT (5.651342 43.632251),True
2263,6.772295,43.823368,2021,5.0,100.0,MEDITERRANEAN,France,6205.0,129505,POINT (6.772295 43.823368),True
2297,3.113846,43.176324,2021,5.0,100.0,MEDITERRANEAN,France,4530.0,130819,POINT (3.113846 43.176324),True
2312,3.67406,43.56808,2019,1.0,,MEDITERRANEAN,France,5817.0,131138,POINT (3.67406 43.56808),True
2331,5.113644,44.133052,2021,4.0,2.0,MEDITERRANEAN,France,351.0,131914,POINT (5.113644 44.133052),True
2349,7.51999,43.95636,2017,1.0,,MEDITERRANEAN,France,3345.0,132019,POINT (7.51999 43.95636),True
2373,6.866302,43.582673,2021,5.0,3.0,MEDITERRANEAN,France,9126.0,132200,POINT (6.866302 43.582673),True
2392,6.601929,43.182498,2019,0.0,1000.0,MEDITERRANEAN,France,7749.0,133164,POINT (6.601929 43.182498),True
2401,3.037667,42.812278,2017,10.0,100.0,MEDITERRANEAN,France,7090.0,135169,POINT (3.037667 42.812278),True
2439,7.065517,43.843122,2021,5.0,-inf,MEDITERRANEAN,France,6685.0,136114,POINT (7.065517 43.843122),True
2491,5.06558,44.22553,2018,1.0,,MEDITERRANEAN,France,3043.0,136183,POINT (5.06558 44.22553),True
2518,7.143903,43.69428,2020,4.0,16.0,MEDITERRANEAN,France,1519.0,136368,POINT (7.143903 43.69428),True
2528,4.48925,43.6383,2021,10.0,200.0,MEDITERRANEAN,France,9890.0,137049,POINT (4.48925 43.6383),True
2535,6.38726,43.23525,2019,10.0,3.0,MEDITERRANEAN,France,8801.0,137790,POINT (6.38726 43.23525),True
2540,3.799693,43.640571,2020,4.0,200.0,MEDITERRANEAN,France,6183.0,139939,POINT (3.799693 43.640571),True
2586,3.691355,44.133894,2017,0.0,-inf,MEDITERRANEAN,France,10255.0,140170,POINT (3.691355 44.133894),True
2595,3.87164,44.086848,2017,0.0,-inf,MEDITERRANEAN,France,5412.0,141423,POINT (3.87164 44.086848),True
2613,1.965359,42.522781,2018,10.0,300.0,ALPINE,France,976.0,141480,POINT (1.965359 42.522781),True
2637,3.778477,43.665287,2020,3.0,4.0,MEDITERRANEAN,France,7295.0,143151,POINT (3.778477 43.665287),True
2639,2.012209,42.618507,2017,0.0,9.0,ALPINE,France,4842.0,143529,POINT (2.012209 42.618507),True
2640,5.116712,43.51155,2017,0.0,30.0,MEDITERRANEAN,France,129.0,143895,POINT (5.116712 43.51155),True
2653,3.217108,43.462851,2021,5.0,50.0,MEDITERRANEAN,France,982.0,144245,POINT (3.217108 43.462851),True
2674,3.016237,42.83064,2018,10.0,16.0,MEDITERRANEAN,France,5907.0,145163,POINT (3.016237 42.83064),True
2685,3.514941,43.321379,2017,10.0,-inf,MEDITERRANEAN,France,7955.0,145963,POINT (3.514941 43.321379),True
2686,3.198683,44.628079,2017,0.0,25.0,CONTINENTAL,France,7122.0,145978,POINT (3.198683 44.628079),True
2711,6.035032,43.08018,2019,0.0,-inf,MEDITERRANEAN,France,1912.0,146073,POINT (6.035032 43.08018),True
2740,5.62014,43.405444,2018,0.0,100.0,MEDITERRANEAN,France,9513.0,146432,POINT (5.62014 43.405444),True
2754,3.72009,44.4487,2017,1.0,,CONTINENTAL,France,6989.0,147022,POINT (3.72009 44.4487),True
2768,3.511221,43.318698,2017,10.0,-inf,MEDITERRANEAN,France,6279.0,147049,POINT (3.511221 43.318698),True
2770,6.017738,43.118443,2018,0.0,-inf,MEDITERRANEAN,France,3347.0,147258,POINT (6.017738 43.118443),True
2775,4.040674,43.557183,2020,3.0,16.0,MEDITERRANEAN,France,982.0,147654,POINT (4.040674 43.557183),True
2782,3.037773,42.770605,2018,10.0,16.0,MEDITERRANEAN,France,1531.0,150025,POINT (3.037773 42.770605),True
2792,3.519845,43.318657,2017,10.0,-inf,MEDITERRANEAN,France,7955.0,153397,POINT (3.519845 43.318657),True
2794,6.836574,44.306508,2018,0.0,16.0,ALPINE,France,96.0,153400,POINT (6.836574 44.306508),True
2817,3.202919,43.189284,2019,10.0,-inf,MEDITERRANEAN,France,11023.0,153474,POINT (3.202919 43.189284),True
2823,7.474419,44.082489,2021,0.0,8.0,ALPINE,France,2184.0,154518,POINT (7.474419 44.082489),True
2830,5.498877,43.227081,2017,0.0,250.0,MEDITERRANEAN,France,9572.0,154902,POINT (5.498877 43.227081),True
2837,3.277655,43.835171,2019,0.0,50.0,MEDITERRANEAN,France,1986.0,155109,POINT (3.277655 43.835171),True
2850,1.957972,42.743639,2018,10.0,-inf,ALPINE,France,4638.0,155637,POINT (1.957972 42.743639),True
2925,4.828807,44.039073,2018,0.0,-inf,MEDITERRANEAN,France,2761.0,156987,POINT (4.828807 44.039073),True
2932,3.10722,43.14834,2021,5.0,100.0,MEDITERRANEAN,France,9458.0,159175,POINT (3.10722 43.14834),True
2951,7.089966,43.610477,2018,10.0,-inf,MEDITERRANEAN,France,3738.0,160720,POINT (7.089966 43.610477),True
2991,4.031426,43.556243,2021,5.0,16.0,MEDITERRANEAN,France,8661.0,161003,POINT (4.031426 43.556243),True
2994,5.645082,43.540901,2017,0.0,4.0,MEDITERRANEAN,France,6048.0,161458,POINT (5.645082 43.540901),True
3013,4.95533,44.0551,2020,10.0,100.0,MEDITERRANEAN,France,5665.0,161720,POINT (4.95533 44.0551),True
3035,3.781245,43.465838,2021,6.0,25.0,MEDITERRANEAN,France,600.0,162843,POINT (3.781245 43.465838),True
3044,7.213439,43.81203,2021,5.0,-inf,MEDITERRANEAN,France,9261.0,167065,POINT (7.213439 43.81203),True
3065,5.11592,44.134311,2021,4.0,50.0,MEDITERRANEAN,France,4003.0,167253,POINT (5.11592 44.134311),True
3089,2.38817,43.1989,2019,1.0,,MEDITERRANEAN,France,8542.0,170239,POINT (2.38817 43.1989),True
3104,3.50045,44.75706,2019,1.0,,CONTINENTAL,France,8055.0,171223,POINT (3.50045 44.75706),True
3128,7.37407,43.9745,2019,10.0,-inf,ALPINE,France,3479.0,171527,POINT (7.37407 43.9745),True
3174,4.027906,43.557821,2020,3.0,16.0,MEDITERRANEAN,France,982.0,174090,POINT (4.027906 43.557821),True
3183,4.78159,43.6543,2021,10.0,200.0,MEDITERRANEAN,France,2753.0,174117,POINT (4.78159 43.6543),True
3211,3.873591,43.545822,2020,3.0,4.0,MEDITERRANEAN,France,11078.0,174363,POINT (3.873591 43.545822),True
3212,5.369457,43.208176,2019,10.0,100.0,MEDITERRANEAN,France,6039.0,175385,POINT (5.369457 43.208176),True
3227,3.711102,44.221871,2017,0.0,-inf,MEDITERRANEAN,France,6205.0,175962,POINT (3.711102 44.221871),True
3247,3.98725,44.13921,2017,1.0,,MEDITERRANEAN,France,51.0,177046,POINT (3.98725 44.13921),True
3262,5.555805,43.338129,2021,10.0,25.0,MEDITERRANEAN,France,2539.0,178281,POINT (5.555805 43.338129),True
3284,3.34899,44.75855,2018,1.0,,CONTINENTAL,France,661.0,178711,POINT (3.34899 44.75855),True
3300,3.817879,43.593862,2021,5.0,200.0,MEDITERRANEAN,France,180.0,179153,POINT (3.817879 43.593862),True
3341,5.68119,43.63255,2018,1.0,,MEDITERRANEAN,France,476.0,179801,POINT (5.68119 43.63255),True
3361,5.335572,43.370798,2017,0.0,40.0,MEDITERRANEAN,France,1304.0,180122,POINT (5.335572 43.370798),True
3384,1.995278,42.841917,2017,10.0,100.0,MEDITERRANEAN,France,2211.0,180288,POINT (1.995278 42.841917),True
3416,3.798708,43.793822,2019,0.0,50.0,MEDITERRANEAN,France,10305.0,180304,POINT (3.798708 43.793822),True
3426,3.822054,44.147519,2017,0.0,-inf,MEDITERRANEAN,France,5071.0,184068,POINT (3.822054 44.147519),True
3435,3.070178,43.13099,2021,5.0,100.0,MEDITERRANEAN,France,4029.0,184441,POINT (3.070178 43.13099),True
3449,3.244209,43.216781,2019,10.0,-inf,MEDITERRANEAN,France,1531.0,184776,POINT (3.244209 43.216781),True
3457,4.98129,43.4805,2021,10.0,200.0,MEDITERRANEAN,France,4326.0,185246,POINT (4.98129 43.4805),True
3485,2.775296,43.53831,2020,4.0,400.0,MEDITERRANEAN,France,981.0,185866,POINT (2.775296 43.53831),True
3491,5.37692,43.96538,2019,1.0,,MEDITERRANEAN,France,7706.0,186334,POINT (5.37692 43.96538),True
3516,6.04968,43.58454,2017,1.0,,MEDITERRANEAN,France,6945.0,186953,POINT (6.04968 43.58454),True
3532,4.797061,44.206054,2021,5.0,1.0,MEDITERRANEAN,France,10910.0,187105,POINT (4.797061 44.206054),True
3537,5.15352,44.1683,2020,10.0,40.0,MEDITERRANEAN,France,4719.0,187322,POINT (5.15352 44.1683),True
3545,3.779655,44.231649,2017,0.0,-inf,MEDITERRANEAN,France,10896.0,187491,POINT (3.779655 44.231649),True
3555,6.48424,43.272725,2021,5.0,16.0,MEDITERRANEAN,France,8959.0,189445,POINT (6.48424 43.272725),True
3573,3.667701,44.205554,2017,0.0,-inf,MEDITERRANEAN,France,10255.0,190262,POINT (3.667701 44.205554),True
3583,3.051268,42.89122,2018,10.0,16.0,MEDITERRANEAN,France,3466.0,191441,POINT (3.051268 42.89122),True
3602,3.741025,44.207073,2017,0.0,-inf,MEDITERRANEAN,France,6711.0,192823,POINT (3.741025 44.207073),True
3623,2.66078,43.62979,2017,1.0,,CONTINENTAL,France,8512.0,192968,POINT (2.66078 43.62979),True
3634,3.811427,43.626003,2021,5.0,4.0,MEDITERRANEAN,France,5754.0,194829,POINT (3.811427 43.626003),True
3635,6.92827,43.47446,2021,10.0,60.0,MEDITERRANEAN,France,476.0,194984,POINT (6.92827 43.47446),True
3651,2.930362,43.466767,2021,6.0,250.0,MEDITERRANEAN,France,3935.0,195742,POINT (2.930362 43.466767),True
3663,3.348627,43.272369,2017,0.0,16.0,MEDITERRANEAN,France,1176.0,197574,POINT (3.348627 43.272369),True
3680,5.3517,43.9967,2020,10.0,20.0,MEDITERRANEAN,France,544.0,198419,POINT (5.3517 43.9967),True
3705,3.038264,42.769881,2020,10.0,40.0,MEDITERRANEAN,France,5876.0,198580,POINT (3.038264 42.769881),True
3710,7.006793,43.869172,2021,0.0,50.0,MEDITERRANEAN,France,8542.0,199939,POINT (7.006793 43.869172),True
3739,3.349625,43.272509,2017,10.0,16.0,MEDITERRANEAN,France,6410.0,200232,POINT (3.349625 43.272509),True
3756,7.07009,43.7589,2019,10.0,-inf,MEDITERRANEAN,France,7848.0,201007,POINT (7.07009 43.7589),True
3791,2.970333,43.478855,2021,6.0,100.0,MEDITERRANEAN,France,2756.0,201492,POINT (2.970333 43.478855),True
3804,3.8727,43.525571,2020,5.0,25.0,MEDITERRANEAN,France,857.0,202925,POINT (3.8727 43.525571),True
3811,3.15949,43.246358,2019,10.0,-inf,MEDITERRANEAN,France,6491.0,204819,POINT (3.15949 43.246358),True
3816,7.36141,43.85571,2018,1.0,,MEDITERRANEAN,France,10909.0,205501,POINT (7.36141 43.85571),True
3843,5.10014,43.39715,2018,1.0,,MEDITERRANEAN,France,476.0,205557,POINT (5.10014 43.39715),True
3860,6.027474,43.115478,2018,0.0,30.0,MEDITERRANEAN,France,4748.0,206390,POINT (6.027474 43.115478),True
3872,4.051606,43.91051,2021,5.0,250.0,MEDITERRANEAN,France,5474.0,206532,POINT (4.051606 43.91051),True
3891,5.82572,43.16023,2017,1.0,,MEDITERRANEAN,France,7322.0,208023,POINT (5.82572 43.16023),True
3904,4.853425,43.666228,2018,0.0,-inf,MEDITERRANEAN,France,1069.0,209881,POINT (4.853425 43.666228),True
3917,2.800612,42.993388,2021,4.0,4.0,MEDITERRANEAN,France,5528.0,210853,POINT (2.800612 42.993388),True
3934,3.34575,44.57869,2018,1.0,,CONTINENTAL,France,6788.0,211601,POINT (3.34575 44.57869),True
3964,3.230413,43.20849,2019,10.0,-inf,MEDITERRANEAN,France,1300.0,211654,POINT (3.230413 43.20849),True
3968,6.96904,44.1814,2019,10.0,100.0,ALPINE,France,3256.0,212056,POINT (6.96904 44.1814),True
3978,7.04047,43.88811,2017,1.0,,MEDITERRANEAN,France,1276.0,212288,POINT (7.04047 43.88811),True
4001,5.762274,43.709061,2017,0.0,100.0,MEDITERRANEAN,France,10746.0,212977,POINT (5.762274 43.709061),True
4041,4.842152,43.49335,2017,0.0,100.0,MEDITERRANEAN,France,11157.0,213196,POINT (4.842152 43.49335),True
4061,2.75924,43.55754,2018,1.0,,CONTINENTAL,France,1539.0,213436,POINT (2.75924 43.55754),True
4066,2.146881,42.445405,2021,8.0,3.0,ALPINE,Spain,1678.0,214551,POINT (2.146881 42.445405),True
4084,5.08882,44.18896,2018,1.0,,MEDITERRANEAN,France,2634.0,215741,POINT (5.08882 44.18896),True
4112,2.09425,43.00099,2019,1.0,,MEDITERRANEAN,France,1539.0,218783,POINT (2.09425 43.00099),True
4143,3.663083,43.681985,2021,5.0,250.0,MEDITERRANEAN,France,2474.0,219486,POINT (3.663083 43.681985),True
4158,2.53358,42.62386,2019,1.0,,MEDITERRANEAN,France,5829.0,221121,POINT (2.53358 42.62386),True
4179,5.14838,44.1709,2020,10.0,10.0,MEDITERRANEAN,France,1712.0,221878,POINT (5.14838 44.1709),True
4200,2.961756,43.467035,2021,5.0,144.0,MEDITERRANEAN,France,6235.0,223232,POINT (2.961756 43.467035),True
4211,4.842069,43.493846,2017,0.0,16.0,MEDITERRANEAN,France,7863.0,224032,POINT (4.842069 43.493846),True
4224,3.782698,44.239891,2017,0.0,-inf,MEDITERRANEAN,France,10711.0,225470,POINT (3.782698 44.239891),True
4236,4.042073,43.55718,2021,5.0,16.0,MEDITERRANEAN,France,1300.0,228731,POINT (4.042073 43.55718),True
4241,6.96456,43.87336,2017,1.0,,MEDITERRANEAN,France,2783.0,230245,POINT (6.96456 43.87336),True
4258,3.780539,43.462245,2020,3.0,25.0,MEDITERRANEAN,France,8027.0,231249,POINT (3.780539 43.462245),True
4260,6.77801,43.4578,2020,10.0,200.0,MEDITERRANEAN,France,5737.0,231692,POINT (6.77801 43.4578),True
4301,4.843038,43.493605,2017,0.0,4.0,MEDITERRANEAN,France,167.0,232104,POINT (4.843038 43.493605),True
4312,6.137423,43.031628,2018,10.0,-inf,MEDITERRANEAN,France,1458.0,232396,POINT (6.137423 43.031628),True
4319,3.522697,43.319264,2017,10.0,-inf,MEDITERRANEAN,France,6279.0,234118,POINT (3.522697 43.319264),True
4320,1.729624,42.521767,2021,4.0,25.0,ALPINE,Andorra,6805.0,235270,POINT (1.729624 42.521767),True
4334,7.073484,43.840935,2021,5.0,-inf,MEDITERRANEAN,France,6067.0,235852,POINT (7.073484 43.840935),True
4352,6.125554,43.128133,2018,10.0,50.0,MEDITERRANEAN,France,2634.0,238053,POINT (6.125554 43.128133),True
4371,4.801216,43.591324,2017,0.0,50.0,MEDITERRANEAN,France,5557.0,238514,POINT (4.801216 43.591324),True
4380,5.12637,43.93611,2018,1.0,,MEDITERRANEAN,France,4530.0,239176,POINT (5.12637 43.93611),True
4398,6.09618,43.134751,2018,0.0,40.0,MEDITERRANEAN,France,2421.0,239512,POINT (6.09618 43.134751),True
4414,5.8587,43.69889,2017,1.0,,MEDITERRANEAN,France,3089.0,242168,POINT (5.8587 43.69889),True
4431,5.08184,44.04519,2019,1.0,,MEDITERRANEAN,France,4003.0,242898,POINT (5.08184 44.04519),True
4451,6.41913,43.21127,2018,1.0,,MEDITERRANEAN,France,5474.0,243614,POINT (6.41913 43.21127),True
4454,2.24178,42.60604,2019,1.0,,ALPINE,France,1850.0,249956,POINT (2.24178 42.60604),True
4510,6.15516,43.31094,2017,1.0,,MEDITERRANEAN,France,9572.0,250842,POINT (6.15516 43.31094),True
4529,3.3507,43.273217,2017,10.0,16.0,MEDITERRANEAN,France,5203.0,251023,POINT (3.3507 43.273217),True
4536,4.032492,43.556308,2020,10.0,40.0,MEDITERRANEAN,France,2243.0,254091,POINT (4.032492 43.556308),True
4540,5.459304,43.377751,2018,0.0,50.0,MEDITERRANEAN,France,8542.0,254171,POINT (5.459304 43.377751),True
4567,3.07457,43.481175,2021,4.0,25.0,MEDITERRANEAN,France,2634.0,254274,POINT (3.07457 43.481175),True
4589,5.09456,44.1867,2021,10.0,-inf,MEDITERRANEAN,France,838.0,254597,POINT (5.09456 44.1867),True
4592,2.80896,43.59329,2017,1.0,,CONTINENTAL,France,10247.0,255328,POINT (2.80896 43.59329),True
4603,5.987313,43.254999,2020,4.0,200.0,MEDITERRANEAN,France,8424.0,257231,POINT (5.987313 43.254999),True
4639,5.7038,43.59586,2018,1.0,,MEDITERRANEAN,France,2120.0,259931,POINT (5.7038 43.59586),True
4659,2.715159,43.443754,2021,5.0,250.0,CONTINENTAL,France,3177.0,260104,POINT (2.715159 43.443754),True
4674,6.01434,43.09983,2019,10.0,-inf,MEDITERRANEAN,France,3166.0,260148,POINT (6.01434 43.09983),True
4677,5.645144,43.541169,2017,0.0,100.0,MEDITERRANEAN,France,11013.0,261126,POINT (5.645144 43.541169),True
4682,4.62027,43.73208,2017,1.0,,MEDITERRANEAN,France,5335.0,261258,POINT (4.62027 43.73208),True
4694,2.38809,43.10906,2019,1.0,,MEDITERRANEAN,France,11157.0,261722,POINT (2.38809 43.10906),True
4708,2.7388,43.537406,2021,5.0,250.0,CONTINENTAL,France,5071.0,261986,POINT (2.7388 43.537406),True
4721,4.74284,43.6353,2021,10.0,200.0,MEDITERRANEAN,France,8926.0,262374,POINT (4.74284 43.6353),True
4732,4.548495,43.455269,2017,0.0,16.0,MEDITERRANEAN,France,7863.0,262403,POINT (4.548495 43.455269),True
4752,6.696984,43.660528,2021,6.0,-inf,MEDITERRANEAN,France,5969.0,265114,POINT (6.696984 43.660528),True
4768,5.73352,43.71038,2021,10.0,300.0,MEDITERRANEAN,France,4814.0,265729,POINT (5.73352 43.71038),True
4788,4.42398,43.78999,2018,1.0,,MEDITERRANEAN,France,1208.0,266915,POINT (4.42398 43.78999),True
4799,2.58154,42.46214,2019,1.0,,MEDITERRANEAN,Spain,3581.0,267825,POINT (2.58154 42.46214),True
4830,6.4539,43.1705,2020,10.0,300.0,MEDITERRANEAN,France,8328.0,267859,POINT (6.4539 43.1705),True
4845,3.511261,43.323196,2017,10.0,-inf,MEDITERRANEAN,France,7955.0,272074,POINT (3.511261 43.323196),True
4847,2.971003,43.043138,2020,4.0,16.0,MEDITERRANEAN,France,2101.0,272887,POINT (2.971003 43.043138),True
4860,3.414807,43.950937,2021,5.0,250.0,MEDITERRANEAN,France,5335.0,276071,POINT (3.414807 43.950937),True
4877,5.118346,44.137707,2021,5.0,30.0,MEDITERRANEAN,France,3723.0,276582,POINT (5.118346 44.137707),True
4887,6.18336,43.36392,2017,1.0,,MEDITERRANEAN,France,1736.0,277149,POINT (6.18336 43.36392),True
4908,2.731324,42.982716,2020,4.0,16.0,MEDITERRANEAN,France,3893.0,277636,POINT (2.731324 42.982716),True
4931,6.448219,43.270829,2021,4.0,4.0,MEDITERRANEAN,France,154.0,279888,POINT (6.448219 43.270829),True
4953,3.635308,43.929247,2021,4.0,250.0,MEDITERRANEAN,France,6235.0,280384,POINT (3.635308 43.929247),True
4972,6.92913,43.47499,2021,10.0,50.0,MEDITERRANEAN,France,51.0,280731,POINT (6.92913 43.47499),True
4986,5.4204,43.68857,2020,10.0,80.0,MEDITERRANEAN,France,8328.0,281649,POINT (5.4204 43.68857),True
5003,6.48382,43.76676,2017,1.0,,MEDITERRANEAN,France,4238.0,282913,POINT (6.48382 43.76676),True
5019,3.512453,43.318692,2017,10.0,-inf,MEDITERRANEAN,France,6279.0,284269,POINT (3.512453 43.318692),True
5021,5.029832,43.337018,2017,0.0,4.0,MEDITERRANEAN,France,701.0,284436,POINT (5.029832 43.337018),True
5056,6.404176,43.265097,2020,13.0,200.0,MEDITERRANEAN,France,6909.0,287494,POINT (6.404176 43.265097),True
5071,2.974478,42.804148,2018,10.0,-inf,MEDITERRANEAN,France,7955.0,288149,POINT (2.974478 42.804148),True
5072,6.90916,43.80367,2018,1.0,,MEDITERRANEAN,France,10946.0,288161,POINT (6.90916 43.80367),True
5079,5.578698,43.242961,2017,0.0,3.0,MEDITERRANEAN,France,6141.0,288315,POINT (5.578698 43.242961),True
5090,3.89073,43.977619,2021,4.0,250.0,MEDITERRANEAN,France,9458.0,288996,POINT (3.89073 43.977619),True
5105,6.137245,43.032192,2018,0.0,3.0,MEDITERRANEAN,France,9194.0,289201,POINT (6.137245 43.032192),True
5108,7.38088,43.7438,2019,10.0,50.0,MEDITERRANEAN,France,265.0,291674,POINT (7.38088 43.7438),True
5136,6.120489,43.033183,2017,0.0,100.0,MEDITERRANEAN,France,4194.0,293166,POINT (6.120489 43.033183),True
5145,6.556187,43.254866,2021,4.0,16.0,MEDITERRANEAN,France,1842.0,293463,POINT (6.556187 43.254866),True
5176,6.48523,43.1667,2020,10.0,-inf,MEDITERRANEAN,France,11159.0,294514,POINT (6.48523 43.1667),True
5186,5.644932,43.54113,2017,0.0,30.0,MEDITERRANEAN,France,8549.0,295222,POINT (5.644932 43.54113),True
5198,5.89252,43.44588,2017,1.0,,MEDITERRANEAN,France,11157.0,296963,POINT (5.89252 43.44588),True
5221,2.124917,42.61675,2021,10.0,10.0,ALPINE,France,2621.0,298081,POINT (2.124917 42.61675),True
5224,5.35491,44.01998,2017,1.0,,MEDITERRANEAN,France,5412.0,298821,POINT (5.35491 44.01998),True
5236,5.25882,44.1777,2020,10.0,50.0,MEDITERRANEAN,France,6108.0,299805,POINT (5.25882 44.1777),True
5252,7.138359,43.723787,2018,10.0,200.0,MEDITERRANEAN,France,9766.0,300306,POINT (7.138359 43.723787),True
5302,2.458474,42.505313,2017,0.0,-inf,ALPINE,France,4842.0,302950,POINT (2.458474 42.505313),True
5303,3.639159,43.708525,2021,5.0,250.0,MEDITERRANEAN,France,11157.0,303035,POINT (3.639159 43.708525),True
5318,4.55204,43.453896,2017,0.0,4.0,MEDITERRANEAN,France,9696.0,303251,POINT (4.55204 43.453896),True
5324,5.89861,43.28178,2020,16.0,50.0,MEDITERRANEAN,France,1208.0,304348,POINT (5.89861 43.28178),True
5339,6.77923,43.4582,2020,10.0,40.0,MEDITERRANEAN,France,2485.0,304350,POINT (6.77923 43.4582),True
5364,7.36256,43.74,2019,10.0,-inf,MEDITERRANEAN,France,1497.0,305031,POINT (7.36256 43.74),True
5394,7.118056,43.657675,2021,4.0,9.0,MEDITERRANEAN,France,9555.0,307760,POINT (7.118056 43.657675),True
5411,3.511277,43.324995,2017,10.0,-inf,MEDITERRANEAN,France,7955.0,308595,POINT (3.511277 43.324995),True
5413,3.800781,44.120233,2017,0.0,-inf,MEDITERRANEAN,France,7817.0,308806,POINT (3.800781 44.120233),True
5429,3.37809,43.60729,2018,1.0,,MEDITERRANEAN,France,6039.0,309203,POINT (3.37809 43.60729),True
5435,3.873274,43.523337,2020,3.0,25.0,MEDITERRANEAN,France,8027.0,309779,POINT (3.873274 43.523337),True
5438,3.714254,44.109283,2017,0.0,-inf,MEDITERRANEAN,France,981.0,309814,POINT (3.714254 44.109283),True
5447,6.9242,43.46358,2021,10.0,15.0,MEDITERRANEAN,France,3464.0,312428,POINT (6.9242 43.46358),True
5459,5.24522,44.17282,2020,10.0,-inf,MEDITERRANEAN,France,4725.0,312762,POINT (5.24522 44.17282),True
5465,7.341512,44.114921,2018,0.0,16.0,ALPINE,France,7817.0,313100,POINT (7.341512 44.114921),True
5476,7.08654,44.0081,2019,10.0,-inf,MEDITERRANEAN,France,11176.0,313823,POINT (7.08654 44.0081),True
5507,6.36502,43.14134,2019,1.0,,MEDITERRANEAN,France,9415.0,314652,POINT (6.36502 43.14134),True
5528,4.407774,43.533216,2018,0.0,-inf,MEDITERRANEAN,France,6703.0,314709,POINT (4.407774 43.533216),True
5531,3.829365,44.150777,2017,0.0,-inf,MEDITERRANEAN,France,6788.0,314837,POINT (3.829365 44.150777),True
5546,6.50416,43.1578,2020,10.0,40.0,MEDITERRANEAN,France,4477.0,315101,POINT (6.50416 43.1578),True
5569,4.837204,43.480366,2021,5.0,10.0,MEDITERRANEAN,France,7955.0,316708,POINT (4.837204 43.480366),True
5572,5.653972,43.248112,2018,10.0,25.0,MEDITERRANEAN,France,5483.0,318599,POINT (5.653972 43.248112),True
5603,3.24684,44.68748,2017,1.0,,CONTINENTAL,France,4499.0,319091,POINT (3.24684 44.68748),True
5616,6.025211,43.079044,2019,0.0,-inf,MEDITERRANEAN,France,1458.0,319822,POINT (6.025211 43.079044),True
5621,7.40001,43.7499,2019,10.0,20.0,MEDITERRANEAN,Monaco,5721.0,320284,POINT (7.40001 43.7499),True
5647,6.097477,43.02915,2017,0.0,200.0,MEDITERRANEAN,France,5907.0,321123,POINT (6.097477 43.02915),True
5662,4.322339,43.458778,2017,0.0,100.0,MEDITERRANEAN,France,10520.0,321406,POINT (4.322339 43.458778),True
5670,5.601029,43.237466,2017,0.0,5.0,MEDITERRANEAN,France,4184.0,321454,POINT (5.601029 43.237466),True
5683,3.648687,44.1678,2017,0.0,-inf,MEDITERRANEAN,France,9669.0,322529,POINT (3.648687 44.1678),True
5699,5.46568,43.9118,2020,10.0,10.0,MEDITERRANEAN,France,5018.0,322775,POINT (5.46568 43.9118),True
5731,3.023063,42.853839,2018,10.0,16.0,MEDITERRANEAN,France,1912.0,323916,POINT (3.023063 42.853839),True
5736,4.03718,44.13844,2019,1.0,,MEDITERRANEAN,France,5474.0,325562,POINT (4.03718 44.13844),True
5753,6.581187,43.187097,2019,0.0,30.0,MEDITERRANEAN,France,10695.0,326700,POINT (6.581187 43.187097),True
5761,5.668211,43.318272,2017,0.0,25.0,MEDITERRANEAN,France,10346.0,327518,POINT (5.668211 43.318272),True
5780,5.434171,43.210561,2018,0.0,100.0,MEDITERRANEAN,France,9458.0,328079,POINT (5.434171 43.210561),True
5799,6.48975,43.1678,2020,10.0,-inf,MEDITERRANEAN,France,10909.0,328265,POINT (6.48975 43.1678),True
5803,6.59585,43.2161,2019,10.0,150.0,MEDITERRANEAN,France,9862.0,329048,POINT (6.59585 43.2161),True
5833,5.04475,43.459,2021,10.0,200.0,MEDITERRANEAN,France,10520.0,329514,POINT (5.04475 43.459),True
5848,6.871354,43.454166,2017,10.0,100.0,MEDITERRANEAN,France,4481.0,330178,POINT (6.871354 43.454166),True
5853,6.50465,43.71195,2019,1.0,,MEDITERRANEAN,France,2756.0,330302,POINT (6.50465 43.71195),True
5871,7.12521,43.82172,2021,4.0,400.0,MEDITERRANEAN,France,8860.0,330396,POINT (7.12521 43.82172),True
5910,5.120211,43.507503,2017,10.0,4.0,MEDITERRANEAN,France,1069.0,331022,POINT (5.120211 43.507503),True
5915,5.68054,43.301334,2018,10.0,-inf,MEDITERRANEAN,France,1303.0,331054,POINT (5.68054 43.301334),True
5925,3.522358,43.324042,2017,10.0,-inf,MEDITERRANEAN,France,7955.0,331861,POINT (3.522358 43.324042),True
5926,4.677046,43.495084,2017,0.0,100.0,MEDITERRANEAN,France,5466.0,333050,POINT (4.677046 43.495084),True
5935,4.96777,44.2596,2020,10.0,5.0,MEDITERRANEAN,France,6141.0,333305,POINT (4.96777 44.2596),True
5947,7.036036,43.791257,2020,10.0,4.0,MEDITERRANEAN,France,9816.0,334567,POINT (7.036036 43.791257),True
5950,3.05237,42.892775,2018,10.0,16.0,MEDITERRANEAN,France,1531.0,334691,POINT (3.05237 42.892775),True
5960,4.597579,43.406756,2021,5.0,10.0,MEDITERRANEAN,France,9341.0,334845,POINT (4.597579 43.406756),True
5968,4.042026,43.560467,2020,9.0,50.0,MEDITERRANEAN,France,9572.0,334994,POINT (4.042026 43.560467),True
5986,2.41224,42.82159,2017,1.0,,MEDITERRANEAN,France,1092.0,336097,POINT (2.41224 42.82159),True
6004,6.693366,43.66256,2021,4.0,-inf,MEDITERRANEAN,France,10522.0,340471,POINT (6.693366 43.66256),True
6037,2.322528,43.333722,2020,10.0,60.0,MEDITERRANEAN,France,6235.0,342998,POINT (2.322528 43.333722),True
6047,5.389725,43.274586,2017,0.0,6.0,MEDITERRANEAN,France,10514.0,343369,POINT (5.389725 43.274586),True
6058,5.601442,43.240084,2017,0.0,50.0,MEDITERRANEAN,France,8583.0,343687,POINT (5.601442 43.240084),True
6085,6.125835,43.120383,2019,10.0,30.0,MEDITERRANEAN,France,4349.0,343882,POINT (6.125835 43.120383),True
6107,3.689522,43.791013,2018,0.0,25.0,MEDITERRANEAN,France,8908.0,345281,POINT (3.689522 43.791013),True
6112,4.335257,43.47038,2017,0.0,100.0,MEDITERRANEAN,France,9513.0,345597,POINT (4.335257 43.47038),True
6120,5.585725,43.169552,2017,10.0,16.0,MEDITERRANEAN,France,1625.0,345757,POINT (5.585725 43.169552),True
6142,4.86,44.10453,2019,1.0,,MEDITERRANEAN,France,4169.0,345900,POINT (4.86 44.10453),True
6155,3.349752,43.27313,2017,0.0,16.0,MEDITERRANEAN,France,8482.0,347534,POINT (3.349752 43.27313),True
6171,5.123612,43.508868,2017,0.0,300.0,MEDITERRANEAN,France,5704.0,347582,POINT (5.123612 43.508868),True
6191,6.919534,43.449019,2018,0.0,70.0,MEDITERRANEAN,France,1318.0,348927,POINT (6.919534 43.449019),True
6205,2.837286,43.528236,2021,5.0,250.0,MEDITERRANEAN,France,6226.0,350783,POINT (2.837286 43.528236),True
6226,4.778805,43.350112,2017,0.0,30.0,MEDITERRANEAN,France,11240.0,352047,POINT (4.778805 43.350112),True
6234,3.778916,44.158672,2017,0.0,-inf,MEDITERRANEAN,France,10255.0,353186,POINT (3.778916 44.158672),True
6247,2.731548,43.557217,2021,5.0,250.0,CONTINENTAL,France,1888.0,354918,POINT (2.731548 43.557217),True
6260,2.089639,42.608194,2021,10.0,5.0,ALPINE,France,8818.0,358595,POINT (2.089639 42.608194),True
6270,3.833137,43.79374,2021,10.0,4.0,MEDITERRANEAN,France,3222.0,359264,POINT (3.833137 43.79374),True
6283,7.15598,44.0274,2019,10.0,-inf,MEDITERRANEAN,France,7322.0,360573,POINT (7.15598 44.0274),True
6317,4.016048,43.555686,2020,3.0,100.0,MEDITERRANEAN,France,2683.0,361442,POINT (4.016048 43.555686),True
6324,2.824809,43.006533,2020,4.0,16.0,MEDITERRANEAN,France,10281.0,362582,POINT (2.824809 43.006533),True
6364,3.751313,44.100322,2017,10.0,-inf,MEDITERRANEAN,France,3581.0,363756,POINT (3.751313 44.100322),True
6374,7.014472,43.631637,2018,10.0,-inf,MEDITERRANEAN,France,5219.0,365252,POINT (7.014472 43.631637),True
6414,6.4982,43.16278,2020,10.0,20.0,MEDITERRANEAN,France,6235.0,365655,POINT (6.4982 43.16278),True
6424,3.501244,44.034842,2019,10.0,8.0,MEDITERRANEAN,France,9024.0,367099,POINT (3.501244 44.034842),True
6434,5.685169,43.695532,2018,10.0,16.0,MEDITERRANEAN,France,1312.0,367361,POINT (5.685169 43.695532),True
6439,5.030167,43.337777,2017,0.0,10.0,MEDITERRANEAN,France,6560.0,368159,POINT (5.030167 43.337777),True
6455,3.674458,43.798774,2018,10.0,18.0,MEDITERRANEAN,France,8904.0,376334,POINT (3.674458 43.798774),True
6468,3.051399,42.887551,2018,10.0,16.0,MEDITERRANEAN,France,5876.0,376445,POINT (3.051399 42.887551),True
6473,2.73044,42.96461,2019,1.0,,MEDITERRANEAN,France,10909.0,377144,POINT (2.73044 42.96461),True
6482,4.333947,43.458131,2017,0.0,-inf,MEDITERRANEAN,France,1062.0,378779,POINT (4.333947 43.458131),True
6496,3.923665,43.972812,2021,5.0,250.0,MEDITERRANEAN,France,5412.0,379232,POINT (3.923665 43.972812),True
6515,3.512469,43.320491,2017,10.0,-inf,MEDITERRANEAN,France,7955.0,379819,POINT (3.512469 43.320491),True
6517,5.09462,44.1868,2021,10.0,3.0,MEDITERRANEAN,France,5901.0,381873,POINT (5.09462 44.1868),True
6531,3.346852,43.271979,2017,0.0,25.0,MEDITERRANEAN,France,1176.0,382660,POINT (3.346852 43.271979),True
6539,3.103298,44.599797,2018,0.0,25.0,CONTINENTAL,France,8224.0,383504,POINT (3.103298 44.599797),True
6572,7.118866,43.822553,2020,5.0,-inf,MEDITERRANEAN,France,10822.0,384121,POINT (7.118866 43.822553),True
6596,3.70415,44.82669,2019,1.0,,CONTINENTAL,France,7817.0,384564,POINT (3.70415 44.82669),True
6609,7.218271,43.818254,2021,5.0,-inf,MEDITERRANEAN,France,2474.0,384628,POINT (7.218271 43.818254),True
6626,6.107004,43.030405,2017,0.0,40.0,MEDITERRANEAN,France,6874.0,385908,POINT (6.107004 43.030405),True
6636,2.219,43.18825,2020,10.0,30.0,MEDITERRANEAN,France,7576.0,387960,POINT (2.219 43.18825),True
6643,3.023322,42.858937,2018,10.0,16.0,MEDITERRANEAN,France,10537.0,391357,POINT (3.023322 42.858937),True
6654,2.147556,42.478861,2021,10.0,6.0,ALPINE,Spain,2078.0,391805,POINT (2.147556 42.478861),True
6666,3.707985,43.745107,2018,10.0,100.0,MEDITERRANEAN,France,3327.0,393036,POINT (3.707985 43.745107),True
6670,6.49988,43.1736,2020,10.0,1.0,MEDITERRANEAN,France,11132.0,393466,POINT (6.49988 43.1736),True
6672,4.7046,43.773,2021,10.0,200.0,MEDITERRANEAN,France,9030.0,393538,POINT (4.7046 43.773),True
6701,4.39119,43.464,2021,10.0,30.0,MEDITERRANEAN,France,6355.0,394209,POINT (4.39119 43.464),True
6707,3.232724,43.209527,2020,10.0,50.0,MEDITERRANEAN,France,4349.0,395659,POINT (3.232724 43.209527),True
6720,6.564752,43.194557,2019,10.0,-inf,MEDITERRANEAN,France,2643.0,398261,POINT (6.564752 43.194557),True
6743,7.118154,43.657826,2021,5.0,5.0,MEDITERRANEAN,France,10947.0,398789,POINT (7.118154 43.657826),True
6777,6.50298,43.1865,2020,10.0,25.0,MEDITERRANEAN,France,1698.0,399010,POINT (6.50298 43.1865),True
6799,7.11225,43.7355,2019,10.0,4.0,MEDITERRANEAN,France,3707.0,400451,POINT (7.11225 43.7355),True
6823,3.696621,44.138316,2017,0.0,-inf,MEDITERRANEAN,France,10600.0,400658,POINT (3.696621 44.138316),True
6832,1.983806,42.861667,2018,10.0,200.0,ALPINE,France,7739.0,400877,POINT (1.983806 42.861667),True
6861,3.033614,42.753738,2018,10.0,16.0,MEDITERRANEAN,France,10073.0,401823,POINT (3.033614 42.753738),True
6877,5.34728,43.87624,2018,1.0,,MEDITERRANEAN,France,8208.0,401832,POINT (5.34728 43.87624),True
6891,5.63822,43.6696,2019,10.0,20.0,MEDITERRANEAN,France,5868.0,402109,POINT (5.63822 43.6696),True
6899,5.579521,43.211801,2017,0.0,60.0,MEDITERRANEAN,France,2120.0,407038,POINT (5.579521 43.211801),True
6917,7.417005,43.945987,2018,0.0,-inf,ALPINE,France,6708.0,407698,POINT (7.417005 43.945987),True
6969,3.045255,42.580449,2020,10.0,40.0,MEDITERRANEAN,France,5203.0,408222,POINT (3.045255 42.580449),True
6978,3.70783,43.94525,2018,1.0,,MEDITERRANEAN,France,2932.0,409221,POINT (3.70783 43.94525),True
7010,3.176393,43.234653,2021,4.0,100.0,MEDITERRANEAN,France,476.0,412142,POINT (3.176393 43.234653),True
7020,6.98496,43.81846,2019,1.0,,MEDITERRANEAN,France,4258.0,414744,POINT (6.98496 43.81846),True
7031,6.01665,43.1166,2019,10.0,100.0,MEDITERRANEAN,France,4628.0,414915,POINT (6.01665 43.1166),True
7049,6.47923,43.1705,2020,10.0,-inf,MEDITERRANEAN,France,5483.0,415723,POINT (6.47923 43.1705),True
7073,3.336018,43.265978,2020,10.0,50.0,MEDITERRANEAN,France,9877.0,415783,POINT (3.336018 43.265978),True
7088,3.696469,44.400469,2018,0.0,25.0,CONTINENTAL,France,540.0,415866,POINT (3.696469 44.400469),True
7120,6.862262,43.584984,2021,5.0,-inf,MEDITERRANEAN,France,6175.0,416072,POINT (6.862262 43.584984),True
7136,3.763266,44.157999,2017,0.0,-inf,MEDITERRANEAN,France,981.0,417544,POINT (3.763266 44.157999),True
7144,7.115122,43.833088,2020,4.0,3.0,MEDITERRANEAN,France,8340.0,417597,POINT (7.115122 43.833088),True
7158,2.276528,43.163917,2020,10.0,30.0,MEDITERRANEAN,France,8921.0,417883,POINT (2.276528 43.163917),True
7166,5.9088,43.27694,2020,12.0,16.0,MEDITERRANEAN,France,8542.0,420452,POINT (5.9088 43.27694),True
7186,6.49897,43.1843,2020,10.0,50.0,MEDITERRANEAN,France,3324.0,423395,POINT (6.49897 43.1843),True
7207,3.349247,43.273131,2017,0.0,16.0,MEDITERRANEAN,France,2940.0,423642,POINT (3.349247 43.273131),True
7229,4.054543,43.558055,2021,5.0,16.0,MEDITERRANEAN,France,4659.0,423699,POINT (4.054543 43.558055),True
7235,7.032054,43.667636,2021,5.0,-inf,MEDITERRANEAN,France,522.0,423750,POINT (7.032054 43.667636),True
7245,5.666954,43.318276,2017,0.0,100.0,MEDITERRANEAN,France,11157.0,424034,POINT (5.666954 43.318276),True
7251,2.840617,43.594761,2020,4.0,400.0,CONTINENTAL,France,3958.0,424670,POINT (2.840617 43.594761),True
7259,4.026906,43.557152,2020,3.0,25.0,MEDITERRANEAN,France,8323.0,425294,POINT (4.026906 43.557152),True
7267,3.22967,43.60861,2017,1.0,,MEDITERRANEAN,France,4622.0,425636,POINT (3.22967 43.60861),True
7304,4.335108,43.470354,2017,0.0,5.0,MEDITERRANEAN,France,2325.0,425901,POINT (4.335108 43.470354),True
7323,7.52655,44.02813,2019,1.0,,ALPINE,France,9636.0,426190,POINT (7.52655 44.02813),True
7344,3.714611,43.886119,2018,0.0,15.0,MEDITERRANEAN,France,9468.0,428801,POINT (3.714611 43.886119),True
7353,5.541376,43.529336,2017,0.0,4.0,MEDITERRANEAN,France,9528.0,430104,POINT (5.541376 43.529336),True
7374,3.808299,43.637876,2021,5.0,200.0,MEDITERRANEAN,France,2291.0,433298,POINT (3.808299 43.637876),True
7410,7.123553,43.975208,2017,0.0,20.0,MEDITERRANEAN,France,4171.0,433550,POINT (7.123553 43.975208),True
7444,5.724182,43.703602,2018,10.0,50.0,MEDITERRANEAN,France,4977.0,436086,POINT (5.724182 43.703602),True
7454,5.551538,43.195286,2017,10.0,16.0,MEDITERRANEAN,France,10073.0,437182,POINT (5.551538 43.195286),True
7461,5.639432,43.674549,2017,0.0,50.0,MEDITERRANEAN,France,1254.0,437349,POINT (5.639432 43.674549),True
7493,3.517413,43.322267,2017,10.0,-inf,MEDITERRANEAN,France,7955.0,437521,POINT (3.517413 43.322267),True
7495,5.955549,43.265285,2020,4.0,200.0,MEDITERRANEAN,France,5412.0,437930,POINT (5.955549 43.265285),True
7526,6.918528,43.513829,2020,10.0,-inf,MEDITERRANEAN,France,6143.0,439008,POINT (6.918528 43.513829),True
7542,6.51737,43.1645,2020,10.0,20.0,MEDITERRANEAN,France,9714.0,441096,POINT (6.51737 43.1645),True
7564,4.42581,43.5077,2021,10.0,200.0,MEDITERRANEAN,France,2809.0,441147,POINT (4.42581 43.5077),True
7566,4.853059,43.368114,2017,0.0,100.0,MEDITERRANEAN,France,8027.0,441542,POINT (4.853059 43.368114),True
7579,5.13665,43.5066,2021,10.0,200.0,MEDITERRANEAN,France,3466.0,442066,POINT (5.13665 43.5066),True
7603,4.853359,43.484385,2017,0.0,5.0,MEDITERRANEAN,France,1121.0,442783,POINT (4.853359 43.484385),True
7618,2.075583,42.471694,2018,10.0,90.0,ALPINE,Spain,2569.0,445490,POINT (2.075583 42.471694),True
7642,4.340406,43.467077,2017,0.0,50.0,MEDITERRANEAN,France,3465.0,445730,POINT (4.340406 43.467077),True
7646,3.31167,43.25481,2020,10.0,40.0,MEDITERRANEAN,France,2243.0,445851,POINT (3.31167 43.25481),True
7656,4.619074,43.709713,2018,10.0,-inf,MEDITERRANEAN,France,9595.0,446072,POINT (4.619074 43.709713),True
7666,4.6779,43.493838,2018,0.0,50.0,MEDITERRANEAN,France,8525.0,447553,POINT (4.6779 43.493838),True
7673,5.593906,43.476134,2018,0.0,40.0,MEDITERRANEAN,France,540.0,447981,POINT (5.593906 43.476134),True
7683,3.657676,44.206479,2017,0.0,-inf,MEDITERRANEAN,France,10255.0,449151,POINT (3.657676 44.206479),True
7698,3.050778,42.892944,2017,10.0,-inf,MEDITERRANEAN,France,9974.0,449222,POINT (3.050778 42.892944),True
7708,3.050567,42.886994,2018,10.0,16.0,MEDITERRANEAN,France,3125.0,449711,POINT (3.050567 42.886994),True
7714,6.096476,43.134778,2018,10.0,30.0,MEDITERRANEAN,France,8482.0,450326,POINT (6.096476 43.134778),True
7734,7.138804,43.723743,2018,10.0,-inf,MEDITERRANEAN,France,10909.0,450628,POINT (7.138804 43.723743),True
7791,5.575087,43.179462,2021,10.0,60.0,MEDITERRANEAN,France,9513.0,451025,POINT (5.575087 43.179462),True
7808,3.038182,42.768181,2020,10.0,50.0,MEDITERRANEAN,France,2926.0,451261,POINT (3.038182 42.768181),True
7818,5.1815,44.04264,2018,1.0,,MEDITERRANEAN,France,464.0,451870,POINT (5.1815 44.04264),True
7844,6.47887,43.1702,2020,10.0,100.0,MEDITERRANEAN,France,1176.0,452745,POINT (6.47887 43.1702),True
7863,5.348706,43.226691,2018,10.0,50.0,MEDITERRANEAN,France,5016.0,453056,POINT (5.348706 43.226691),True
7888,1.976023,42.53217,2018,0.0,30.0,ALPINE,France,843.0,453110,POINT (1.976023 42.53217),True
7905,2.0261,42.5696,2021,10.0,25.0,ALPINE,France,4492.0,454270,POINT (2.0261 42.5696),True
7906,6.017456,43.115156,2018,10.0,30.0,MEDITERRANEAN,France,8924.0,455690,POINT (6.017456 43.115156),True
7925,3.879502,44.12611,2017,0.0,-inf,MEDITERRANEAN,France,11157.0,455957,POINT (3.879502 44.12611),True
7933,3.799943,44.197469,2017,0.0,-inf,MEDITERRANEAN,France,3457.0,456514,POINT (3.799943 44.197469),True
7955,4.96624,44.2599,2020,10.0,100.0,MEDITERRANEAN,France,146.0,456630,POINT (4.96624 44.2599),True
7978,2.72753,42.53353,2017,1.0,,MEDITERRANEAN,France,3865.0,457776,POINT (2.72753 42.53353),True
8000,3.654964,44.121048,2017,0.0,-inf,MEDITERRANEAN,France,1085.0,458120,POINT (3.654964 44.121048),True
8016,3.79726,44.51965,2017,1.0,,CONTINENTAL,France,4775.0,458715,POINT (3.79726 44.51965),True
8028,3.14859,44.86814,2018,1.0,,CONTINENTAL,France,6574.0,459405,POINT (3.14859 44.86814),True
8050,3.031012,42.749019,2018,10.0,16.0,MEDITERRANEAN,France,6152.0,459978,POINT (3.031012 42.749019),True
8062,4.841799,43.495849,2017,0.0,25.0,MEDITERRANEAN,France,7326.0,462838,POINT (4.841799 43.495849),True
8079,7.140396,43.722223,2018,10.0,200.0,MEDITERRANEAN,France,8424.0,462879,POINT (7.140396 43.722223),True
8123,2.01196,42.545,2021,10.0,-inf,ALPINE,France,9826.0,463427,POINT (2.01196 42.545),True
8126,4.35848,44.04302,2017,1.0,,MEDITERRANEAN,France,2474.0,465140,POINT (4.35848 44.04302),True
8146,3.77383,43.60276,2019,1.0,,MEDITERRANEAN,France,9458.0,465572,POINT (3.77383 43.60276),True
8171,3.519861,43.320456,2017,10.0,-inf,MEDITERRANEAN,France,7955.0,466321,POINT (3.519861 43.320456),True
8172,5.357874,43.208925,2019,10.0,100.0,MEDITERRANEAN,France,4299.0,467364,POINT (5.357874 43.208925),True
8190,3.05189,42.890023,2018,10.0,16.0,MEDITERRANEAN,France,3837.0,467846,POINT (3.05189 42.890023),True
8200,2.72934,42.80294,2017,1.0,,MEDITERRANEAN,France,2386.0,467967,POINT (2.72934 42.80294),True
8227,7.48818,44.0003,2019,10.0,-inf,MEDITERRANEAN,France,6208.0,468670,POINT (7.48818 44.0003),True
8261,3.01552,42.799276,2018,10.0,16.0,MEDITERRANEAN,France,1959.0,468989,POINT (3.01552 42.799276),True
8267,6.01982,43.122,2020,10.0,200.0,MEDITERRANEAN,France,11195.0,469161,POINT (6.01982 43.122),True
8286,5.504692,43.406772,2017,0.0,4.0,MEDITERRANEAN,France,4530.0,469282,POINT (5.504692 43.406772),True
8292,3.928053,44.131642,2017,0.0,-inf,MEDITERRANEAN,France,8151.0,469634,POINT (3.928053 44.131642),True
8321,2.559611,43.378833,2017,10.0,-inf,MEDITERRANEAN,France,6685.0,470070,POINT (2.559611 43.378833),True
8336,6.012961,43.117316,2018,0.0,-inf,MEDITERRANEAN,France,8542.0,471612,POINT (6.012961 43.117316),True
8368,3.062519,43.139902,2021,5.0,100.0,MEDITERRANEAN,France,4530.0,473277,POINT (3.062519 43.139902),True
8386,7.4014,43.74576,2017,1.0,,MEDITERRANEAN,Monaco,6689.0,473294,POINT (7.4014 43.74576),True
8396,5.62139,43.8075,2020,10.0,150.0,MEDITERRANEAN,France,3993.0,473748,POINT (5.62139 43.8075),True
8410,6.557368,43.208928,2019,10.0,100.0,MEDITERRANEAN,France,6669.0,479987,POINT (6.557368 43.208928),True
8432,5.454568,43.37982,2018,0.0,50.0,MEDITERRANEAN,France,1236.0,480668,POINT (5.454568 43.37982),True
8450,5.028495,43.339311,2017,0.0,10.0,MEDITERRANEAN,France,3011.0,483650,POINT (5.028495 43.339311),True
8481,7.411065,43.948057,2018,0.0,-inf,ALPINE,France,6708.0,483899,POINT (7.411065 43.948057),True
8523,6.23605,43.77596,2017,1.0,,MEDITERRANEAN,France,5969.0,484516,POINT (6.23605 43.77596),True
8535,7.005582,43.868356,2021,5.0,-inf,MEDITERRANEAN,France,9388.0,487537,POINT (7.005582 43.868356),True
8554,3.040421,42.820429,2020,10.0,50.0,MEDITERRANEAN,France,5876.0,487593,POINT (3.040421 42.820429),True
8565,4.98136,44.0789,2020,10.0,20.0,MEDITERRANEAN,France,1894.0,488821,POINT (4.98136 44.0789),True
8579,6.54158,43.1964,2020,10.0,-inf,MEDITERRANEAN,France,5474.0,488919,POINT (6.54158 43.1964),True
8585,5.644707,43.503432,2021,10.0,-inf,MEDITERRANEAN,France,10073.0,489212,POINT (5.644707 43.503432),True
8599,3.662827,43.658765,2021,5.0,250.0,MEDITERRANEAN,France,5474.0,489778,POINT (3.662827 43.658765),True
8618,6.751459,43.5563,2020,3.0,10.0,MEDITERRANEAN,France,10948.0,489930,POINT (6.751459 43.5563),True
8653,6.31973,43.3413,2020,10.0,200.0,MEDITERRANEAN,France,7748.0,490926,POINT (6.31973 43.3413),True
8681,3.521101,43.32135,2017,10.0,-inf,MEDITERRANEAN,France,7955.0,491126,POINT (3.521101 43.32135),True
8682,3.514997,43.327676,2017,10.0,-inf,MEDITERRANEAN,France,7955.0,494267,POINT (3.514997 43.327676),True
8683,4.336162,43.457744,2017,0.0,-inf,MEDITERRANEAN,France,9935.0,495916,POINT (4.336162 43.457744),True
8706,4.80321,43.9548,2021,10.0,10.0,MEDITERRANEAN,France,8633.0,496929,POINT (4.80321 43.9548),True
8713,3.819758,44.060461,2021,4.0,250.0,MEDITERRANEAN,France,6211.0,497498,POINT (3.819758 44.060461),True
8729,3.298953,43.249175,2020,10.0,40.0,MEDITERRANEAN,France,2243.0,497948,POINT (3.298953 43.249175),True
8740,3.097343,43.209119,2021,4.0,100.0,MEDITERRANEAN,France,9458.0,497949,POINT (3.097343 43.209119),True
8756,3.175323,43.172528,2021,5.0,100.0,MEDITERRANEAN,France,11193.0,502854,POINT (3.175323 43.172528),True
8776,4.41538,43.5169,2021,10.0,100.0,MEDITERRANEAN,France,6039.0,503266,POINT (4.41538 43.5169),True
8788,4.494432,44.224357,2021,5.0,250.0,MEDITERRANEAN,France,982.0,504358,POINT (4.494432 44.224357),True
8806,4.07937,43.88598,2019,1.0,,MEDITERRANEAN,France,6039.0,507081,POINT (4.07937 43.88598),True
8829,3.9883,44.17517,2018,1.0,,MEDITERRANEAN,France,3669.0,508447,POINT (3.9883 44.17517),True
8842,4.778423,43.350128,2017,0.0,4.0,MEDITERRANEAN,France,11125.0,509014,POINT (4.778423 43.350128),True
8845,3.35027,43.273263,2017,10.0,16.0,MEDITERRANEAN,France,4130.0,509342,POINT (3.35027 43.273263),True
8863,6.49741,43.158,2020,10.0,50.0,MEDITERRANEAN,France,6067.0,509510,POINT (6.49741 43.158),True
8871,6.32197,43.1954,2021,10.0,2.0,MEDITERRANEAN,France,9555.0,511060,POINT (6.32197 43.1954),True
8889,3.037472,42.758062,2018,10.0,16.0,MEDITERRANEAN,France,9877.0,513148,POINT (3.037472 42.758062),True
8895,2.270389,43.164528,2020,10.0,30.0,MEDITERRANEAN,France,8073.0,513746,POINT (2.270389 43.164528),True
8900,6.48047,43.167,2020,10.0,6.0,MEDITERRANEAN,France,3983.0,514266,POINT (6.48047 43.167),True
8922,3.882007,43.55055,2021,4.0,4.0,MEDITERRANEAN,France,2761.0,517653,POINT (3.882007 43.55055),True
8923,4.95252,44.0564,2020,10.0,30.0,MEDITERRANEAN,France,4814.0,518229,POINT (4.95252 44.0564),True
8931,7.065955,43.780815,2021,13.0,-inf,MEDITERRANEAN,France,10991.0,519826,POINT (7.065955 43.780815),True
8971,5.271755,44.174366,2021,5.0,25.0,MEDITERRANEAN,France,7330.0,520551,POINT (5.271755 44.174366),True
8983,6.12463,43.1248,2021,10.0,30.0,MEDITERRANEAN,France,2973.0,520605,POINT (6.12463 43.1248),True
8992,6.89936,43.441406,2018,0.0,40.0,MEDITERRANEAN,France,7212.0,522793,POINT (6.89936 43.441406),True
9010,3.972148,43.582623,2021,5.0,25.0,MEDITERRANEAN,France,6491.0,523353,POINT (3.972148 43.582623),True
9021,2.981001,43.594171,2020,4.0,400.0,MEDITERRANEAN,France,2488.0,523832,POINT (2.981001 43.594171),True
9031,5.80878,43.2867,2017,1.0,,MEDITERRANEAN,France,10909.0,523923,POINT (5.80878 43.2867),True
9047,5.18117,43.5169,2021,10.0,200.0,MEDITERRANEAN,France,180.0,524434,POINT (5.18117 43.5169),True
9070,6.47598,43.65905,2019,1.0,,MEDITERRANEAN,France,9636.0,526838,POINT (6.47598 43.65905),True
9092,3.542706,44.157187,2017,0.0,-inf,MEDITERRANEAN,France,1818.0,526877,POINT (3.542706 44.157187),True
9122,5.791034,43.733529,2017,10.0,100.0,MEDITERRANEAN,France,6911.0,528351,POINT (5.791034 43.733529),True
9157,6.48745,43.16811,2020,0.0,-inf,MEDITERRANEAN,France,4477.0,528746,POINT (6.48745 43.16811),True
9169,4.032631,43.557752,2020,3.0,25.0,MEDITERRANEAN,France,6491.0,529075,POINT (4.032631 43.557752),True
9177,6.372813,43.146487,2018,10.0,30.0,MEDITERRANEAN,France,6915.0,529148,POINT (6.372813 43.146487),True
9197,6.47281,43.16505,2020,10.0,-inf,MEDITERRANEAN,France,4719.0,530095,POINT (6.47281 43.16505),True
9201,6.032923,43.082112,2019,10.0,25.0,MEDITERRANEAN,France,6840.0,530794,POINT (6.032923 43.082112),True
9206,3.647662,44.222659,2017,0.0,-inf,MEDITERRANEAN,France,5411.0,531514,POINT (3.647662 44.222659),True
9229,2.752605,43.547667,2021,4.0,250.0,CONTINENTAL,France,53.0,531561,POINT (2.752605 43.547667),True
9240,3.142538,43.196691,2021,5.0,100.0,MEDITERRANEAN,France,11193.0,531814,POINT (3.142538 43.196691),True
9251,3.3954,44.54225,2019,1.0,,CONTINENTAL,France,9636.0,534779,POINT (3.3954 44.54225),True
9259,4.993257,43.431586,2018,0.0,100.0,MEDITERRANEAN,France,9555.0,535827,POINT (4.993257 43.431586),True
9295,5.59226,43.1664,2021,10.0,100.0,MEDITERRANEAN,France,9458.0,537495,POINT (5.59226 43.1664),True
9326,6.271699,43.547978,2021,4.0,1.0,MEDITERRANEAN,France,6264.0,539729,POINT (6.271699 43.547978),True
9337,3.349799,43.274857,2017,0.0,16.0,MEDITERRANEAN,France,1176.0,540644,POINT (3.349799 43.274857),True
9360,5.614556,43.407802,2018,10.0,50.0,MEDITERRANEAN,France,3736.0,542672,POINT (5.614556 43.407802),True
9393,5.604705,43.237899,2017,0.0,40.0,MEDITERRANEAN,France,476.0,543343,POINT (5.604705 43.237899),True
9402,5.418078,43.228453,2017,0.0,100.0,MEDITERRANEAN,France,3839.0,543554,POINT (5.418078 43.228453),True
9411,6.036125,43.083219,2019,10.0,200.0,MEDITERRANEAN,France,7868.0,545632,POINT (6.036125 43.083219),True
9425,7.233728,44.079519,2019,0.0,-inf,MEDITERRANEAN,France,9647.0,546428,POINT (7.233728 44.079519),True
9449,3.809583,44.209343,2017,0.0,-inf,MEDITERRANEAN,France,11157.0,547776,POINT (3.809583 44.209343),True
9461,3.879993,43.503746,2020,3.0,16.0,MEDITERRANEAN,France,2173.0,550523,POINT (3.879993 43.503746),True
9469,5.692983,43.420229,2017,0.0,250.0,MEDITERRANEAN,France,3935.0,550808,POINT (5.692983 43.420229),True
9499,2.6295,42.35428,2018,1.0,,MEDITERRANEAN,Spain,2386.0,550874,POINT (2.6295 42.35428),True
9546,4.450522,43.459801,2018,0.0,4.0,MEDITERRANEAN,France,10632.0,550930,POINT (4.450522 43.459801),True
9562,2.879748,43.579995,2021,6.0,250.0,CONTINENTAL,France,5071.0,551951,POINT (2.879748 43.579995),True
9584,2.71027,43.62963,2018,1.0,,CONTINENTAL,France,4609.0,552227,POINT (2.71027 43.62963),True
9600,5.205136,44.126542,2017,10.0,50.0,MEDITERRANEAN,France,7190.0,552671,POINT (5.205136 44.126542),True
9615,5.466,43.9123,2020,10.0,20.0,MEDITERRANEAN,France,7190.0,553725,POINT (5.466 43.9123),True
9631,6.49993,43.1651,2020,10.0,20.0,MEDITERRANEAN,France,2386.0,554701,POINT (6.49993 43.1651),True
9643,3.810756,44.08556,2021,5.0,250.0,MEDITERRANEAN,France,2783.0,558798,POINT (3.810756 44.08556),True
9661,7.12131,43.82274,2020,4.0,5.0,MEDITERRANEAN,France,3387.0,559055,POINT (7.12131 43.82274),True
9683,5.549495,43.530784,2017,0.0,4.0,MEDITERRANEAN,France,9053.0,559433,POINT (5.549495 43.530784),True
9698,3.039276,42.791058,2020,10.0,50.0,MEDITERRANEAN,France,9877.0,562869,POINT (3.039276 42.791058),True
9705,6.77823,43.71908,2018,1.0,,MEDITERRANEAN,France,2783.0,563008,POINT (6.77823 43.71908),True
9715,5.6495,43.245927,2018,10.0,100.0,MEDITERRANEAN,France,4530.0,563564,POINT (5.6495 43.245927),True
9733,3.780768,43.460674,2020,3.0,25.0,MEDITERRANEAN,France,857.0,563583,POINT (3.780768 43.460674),True
9735,6.026936,43.115997,2018,0.0,20.0,MEDITERRANEAN,France,10051.0,564108,POINT (6.026936 43.115997),True
9753,2.996659,43.443718,2021,5.0,250.0,MEDITERRANEAN,France,3935.0,564282,POINT (2.996659 43.443718),True
9786,6.125616,43.121551,2019,10.0,30.0,MEDITERRANEAN,France,1996.0,564320,POINT (6.125616 43.121551),True
9805,6.5353,43.1949,2020,10.0,-inf,MEDITERRANEAN,France,4229.0,564924,POINT (6.5353 43.1949),True
9826,3.03772,42.746022,2018,10.0,16.0,MEDITERRANEAN,France,11222.0,565418,POINT (3.03772 42.746022),True
9837,5.607317,43.394628,2018,0.0,100.0,MEDITERRANEAN,France,5219.0,566624,POINT (5.607317 43.394628),True
9862,3.880533,43.539665,2020,3.0,16.0,MEDITERRANEAN,France,6033.0,566720,POINT (3.880533 43.539665),True
9865,6.022847,43.112989,2018,0.0,30.0,MEDITERRANEAN,France,8885.0,567110,POINT (6.022847 43.112989),True
9882,6.49843,43.1548,2020,10.0,50.0,MEDITERRANEAN,France,3019.0,567691,POINT (6.49843 43.1548),True
9895,3.09738,43.208993,2021,5.0,100.0,MEDITERRANEAN,France,6039.0,567730,POINT (3.09738 43.208993),True
9914,3.348271,43.276652,2017,0.0,16.0,MEDITERRANEAN,France,8482.0,568374,POINT (3.348271 43.276652),True
9932,7.138432,43.83334,2021,5.0,-inf,MEDITERRANEAN,France,4122.0,568397,POINT (7.138432 43.83334),True
9963,7.34754,43.7369,2019,10.0,-inf,MEDITERRANEAN,France,476.0,568452,POINT (7.34754 43.7369),True
10001,2.941228,43.658573,2020,4.0,300.0,CONTINENTAL,France,10317.0,568492,POINT (2.941228 43.658573),True
10013,5.38657,44.14506,2019,1.0,,MEDITERRANEAN,France,10419.0,569144,POINT (5.38657 44.14506),True
10032,5.512339,43.531894,2017,0.0,2.0,MEDITERRANEAN,France,4404.0,569966,POINT (5.512339 43.531894),True
10043,3.022929,42.854864,2018,10.0,16.0,MEDITERRANEAN,France,7968.0,570532,POINT (3.022929 42.854864),True
10052,5.710715,43.543125,2017,0.0,12.0,MEDITERRANEAN,France,1018.0,571410,POINT (5.710715 43.543125),True
10073,3.828923,43.470036,2020,4.0,50.0,MEDITERRANEAN,France,4659.0,572808,POINT (3.828923 43.470036),True
10080,6.409225,43.267743,2020,9.0,200.0,MEDITERRANEAN,France,3251.0,573537,POINT (6.409225 43.267743),True
10100,3.792241,44.214906,2017,0.0,-inf,MEDITERRANEAN,France,8508.0,573586,POINT (3.792241 44.214906),True
10110,6.101084,43.033951,2017,0.0,40.0,MEDITERRANEAN,France,10899.0,574216,POINT (6.101084 43.033951),True
10137,3.023333,42.855682,2018,10.0,16.0,MEDITERRANEAN,France,7090.0,574990,POINT (3.023333 42.855682),True
10144,5.585565,43.168719,2017,0.0,16.0,MEDITERRANEAN,France,10520.0,575969,POINT (5.585565 43.168719),True
10152,3.753501,44.19011,2017,0.0,-inf,MEDITERRANEAN,France,3669.0,576576,POINT (3.753501 44.19011),True
10174,5.348294,43.212328,2018,10.0,100.0,MEDITERRANEAN,France,2719.0,577159,POINT (5.348294 43.212328),True
10186,7.32843,43.730142,2017,0.0,100.0,MEDITERRANEAN,France,5721.0,577699,POINT (7.32843 43.730142),True
10229,3.667121,44.122082,2017,0.0,-inf,MEDITERRANEAN,France,7755.0,577840,POINT (3.667121 44.122082),True
10241,4.799484,43.512005,2021,5.0,-inf,MEDITERRANEAN,France,5348.0,578253,POINT (4.799484 43.512005),True
10255,6.467615,43.269271,2021,5.0,1.0,MEDITERRANEAN,France,628.0,579688,POINT (6.467615 43.269271),True
10265,3.348059,43.27211,2017,10.0,16.0,MEDITERRANEAN,France,6410.0,579927,POINT (3.348059 43.27211),True
10275,6.048487,43.089917,2019,10.0,100.0,MEDITERRANEAN,France,4003.0,580040,POINT (6.048487 43.089917),True
10293,3.415445,44.076027,2021,8.0,250.0,MEDITERRANEAN,France,10800.0,580517,POINT (3.415445 44.076027),True
10302,2.967996,43.055244,2021,5.0,16.0,MEDITERRANEAN,France,5219.0,582087,POINT (2.967996 43.055244),True
10308,3.377694,43.887504,2021,5.0,250.0,MEDITERRANEAN,France,8208.0,583239,POINT (3.377694 43.887504),True
10332,5.38627,44.0336,2020,10.0,100.0,MEDITERRANEAN,France,1998.0,583480,POINT (5.38627 44.0336),True
10365,3.016969,42.827655,2018,10.0,16.0,MEDITERRANEAN,France,10558.0,583510,POINT (3.016969 42.827655),True
10374,5.29854,43.89557,2019,1.0,,MEDITERRANEAN,France,10255.0,584503,POINT (5.29854 43.89557),True
10383,4.95933,44.0588,2020,10.0,200.0,MEDITERRANEAN,France,4341.0,585447,POINT (4.95933 44.0588),True
10399,3.014041,42.793639,2018,0.0,16.0,MEDITERRANEAN,France,5829.0,586269,POINT (3.014041 42.793639),True
10405,6.18577,43.39982,2018,1.0,,MEDITERRANEAN,France,6039.0,587337,POINT (6.18577 43.39982),True
10420,6.838416,44.31387,2018,0.0,9.0,ALPINE,France,5206.0,587980,POINT (6.838416 44.31387),True
10441,3.350471,43.273553,2020,10.0,50.0,MEDITERRANEAN,France,2243.0,588010,POINT (3.350471 43.273553),True
10452,4.53636,43.6587,2021,10.0,50.0,MEDITERRANEAN,France,10239.0,588103,POINT (4.53636 43.6587),True
10458,4.39096,43.4637,2021,10.0,100.0,MEDITERRANEAN,France,2683.0,588974,POINT (4.39096 43.4637),True
10460,3.724287,44.116246,2017,0.0,-inf,MEDITERRANEAN,France,4498.0,588997,POINT (3.724287 44.116246),True
10485,4.321213,43.457109,2017,0.0,1.0,MEDITERRANEAN,France,9877.0,594356,POINT (4.321213 43.457109),True
10490,4.780595,43.629765,2021,5.0,4.0,MEDITERRANEAN,France,10289.0,594617,POINT (4.780595 43.629765),True
10501,3.348762,43.272251,2017,0.0,16.0,MEDITERRANEAN,France,1176.0,595021,POINT (3.348762 43.272251),True
10516,3.792718,44.127132,2017,0.0,-inf,MEDITERRANEAN,France,10268.0,595625,POINT (3.792718 44.127132),True
10526,6.04036,43.4409,2018,1.0,,MEDITERRANEAN,France,10247.0,596440,POINT (6.04036 43.4409),True
10537,6.51045,43.1652,2020,10.0,200.0,MEDITERRANEAN,France,1842.0,597321,POINT (6.51045 43.1652),True
10559,2.48618,43.10897,2018,1.0,,MEDITERRANEAN,France,9458.0,598081,POINT (2.48618 43.10897),True
10582,3.828262,44.238143,2017,0.0,-inf,MEDITERRANEAN,France,1539.0,598740,POINT (3.828262 44.238143),True
10595,7.08308,43.7482,2019,10.0,90.0,MEDITERRANEAN,France,8208.0,598965,POINT (7.08308 43.7482),True
10639,3.037729,42.759285,2018,10.0,16.0,MEDITERRANEAN,France,10523.0,600018,POINT (3.037729 42.759285),True
10652,6.8072,43.77191,2018,1.0,,MEDITERRANEAN,France,5173.0,600904,POINT (6.8072 43.77191),True
10659,6.096753,43.134887,2018,0.0,10.0,MEDITERRANEAN,France,9139.0,602214,POINT (6.096753 43.134887),True
10676,5.57945,43.2104,2021,10.0,200.0,MEDITERRANEAN,France,1254.0,603213,POINT (5.57945 43.2104),True
10695,6.910793,43.509073,2020,4.0,10.0,MEDITERRANEAN,France,3308.0,605152,POINT (6.910793 43.509073),True
10717,7.076,43.7561,2019,10.0,1.0,MEDITERRANEAN,France,4530.0,607548,POINT (7.076 43.7561),True
10737,3.19357,43.23109,2019,10.0,-inf,MEDITERRANEAN,France,5242.0,607889,POINT (3.19357 43.23109),True
10742,3.145645,43.179245,2021,5.0,100.0,MEDITERRANEAN,France,2634.0,608080,POINT (3.145645 43.179245),True
10762,5.10566,44.1874,2021,10.0,60.0,MEDITERRANEAN,France,6874.0,609968,POINT (5.10566 44.1874),True
10785,3.426462,44.082663,2021,5.0,250.0,MEDITERRANEAN,France,8428.0,611919,POINT (3.426462 44.082663),True
10794,3.67828,43.74782,2019,1.0,,MEDITERRANEAN,France,11193.0,614910,POINT (3.67828 43.74782),True
10811,7.116634,43.817863,2021,6.0,-inf,MEDITERRANEAN,France,4326.0,615647,POINT (7.116634 43.817863),True
10844,7.098437,43.673984,2021,5.0,-inf,MEDITERRANEAN,France,7576.0,616809,POINT (7.098437 43.673984),True
10855,5.160576,44.127619,2017,10.0,20.0,MEDITERRANEAN,France,4902.0,617118,POINT (5.160576 44.127619),True
10863,7.005822,43.86844,2021,1.0,-inf,MEDITERRANEAN,France,6909.0,617781,POINT (7.005822 43.86844),True
10878,6.48432,43.1681,2020,10.0,5.0,MEDITERRANEAN,France,9957.0,618510,POINT (6.48432 43.1681),True
10887,4.94979,44.0556,2020,10.0,15.0,MEDITERRANEAN,France,5507.0,620619,POINT (4.94979 44.0556),True
10893,3.801295,44.232114,2017,0.0,-inf,MEDITERRANEAN,France,11120.0,620641,POINT (3.801295 44.232114),True
10904,5.595569,43.166967,2017,0.0,16.0,MEDITERRANEAN,France,10073.0,621508,POINT (5.595569 43.166967),True
10916,3.663104,44.106553,2017,0.0,-inf,MEDITERRANEAN,France,10268.0,621783,POINT (3.663104 44.106553),True
10931,5.28574,43.4458,2021,10.0,100.0,MEDITERRANEAN,France,6226.0,622147,POINT (5.28574 43.4458),True
10946,4.8193,43.74569,2018,1.0,,MEDITERRANEAN,France,6039.0,623420,POINT (4.8193 43.74569),True
10963,3.743105,44.112601,2017,0.0,-inf,MEDITERRANEAN,France,661.0,623451,POINT (3.743105 44.112601),True
10972,3.779375,43.462288,2020,4.0,25.0,MEDITERRANEAN,France,857.0,623867,POINT (3.779375 43.462288),True
10974,3.036664,42.772638,2018,10.0,16.0,MEDITERRANEAN,France,6823.0,624083,POINT (3.036664 42.772638),True
10994,3.90787,43.97851,2017,1.0,,MEDITERRANEAN,France,5557.0,624103,POINT (3.90787 43.97851),True
11005,6.49992,43.1736,2020,10.0,20.0,MEDITERRANEAN,France,6874.0,626105,POINT (6.49992 43.1736),True
11036,3.037667,42.812722,2017,10.0,-inf,MEDITERRANEAN,France,7817.0,626747,POINT (3.037667 42.812722),True
11043,3.695161,44.13747,2017,0.0,-inf,MEDITERRANEAN,France,4498.0,627531,POINT (3.695161 44.13747),True
11053,4.79062,44.23205,2017,1.0,,MEDITERRANEAN,France,11193.0,628071,POINT (4.79062 44.23205),True
11078,7.119038,43.648553,2020,3.0,-inf,MEDITERRANEAN,France,7118.0,628622,POINT (7.119038 43.648553),True
11106,4.73734,43.5694,2019,10.0,5.0,MEDITERRANEAN,France,2953.0,629152,POINT (4.73734 43.5694),True
11122,7.10103,43.7822,2019,10.0,200.0,MEDITERRANEAN,France,5400.0,629583,POINT (7.10103 43.7822),True
11158,3.098876,42.523632,2018,0.0,16.0,MEDITERRANEAN,France,4114.0,631395,POINT (3.098876 42.523632),True
11162,4.98141,44.0789,2020,10.0,50.0,MEDITERRANEAN,France,6911.0,633364,POINT (4.98141 44.0789),True
11201,3.518589,43.315964,2017,10.0,-inf,MEDITERRANEAN,France,7955.0,633399,POINT (3.518589 43.315964),True
11202,4.010991,43.554757,2020,9.0,50.0,MEDITERRANEAN,France,10239.0,633465,POINT (4.010991 43.554757),True
11207,7.473479,44.083197,2021,0.0,5.0,ALPINE,France,6748.0,633775,POINT (7.473479 44.083197),True
11218,5.92604,43.1929,2017,1.0,,MEDITERRANEAN,France,10909.0,634783,POINT (5.92604 43.1929),True
11232,4.040858,43.557067,2021,5.0,16.0,MEDITERRANEAN,France,9877.0,634823,POINT (4.040858 43.557067),True
11236,5.596033,43.16691,2017,0.0,18.0,MEDITERRANEAN,France,6874.0,635675,POINT (5.596033 43.16691),True
11249,6.57755,43.69112,2019,1.0,,MEDITERRANEAN,France,5301.0,637249,POINT (6.57755 43.69112),True
11261,3.513766,43.325073,2017,10.0,-inf,MEDITERRANEAN,France,6279.0,637437,POINT (3.513766 43.325073),True
11263,4.413938,44.156035,2021,5.0,250.0,MEDITERRANEAN,France,3935.0,637914,POINT (4.413938 44.156035),True
11271,2.296861,43.169667,2021,10.0,15.0,MEDITERRANEAN,France,5882.0,638284,POINT (2.296861 43.169667),True
11280,6.51066,43.1891,2020,10.0,10.0,MEDITERRANEAN,France,1121.0,639553,POINT (6.51066 43.1891),True
11291,5.184538,43.404558,2021,5.0,25.0,MEDITERRANEAN,France,1187.0,642284,POINT (5.184538 43.404558),True
11295,3.235921,43.21139,2019,10.0,-inf,MEDITERRANEAN,France,5799.0,643231,POINT (3.235921 43.21139),True
11306,3.051523,42.889763,2018,10.0,16.0,MEDITERRANEAN,France,5868.0,643827,POINT (3.051523 42.889763),True
11318,3.035066,42.754493,2018,10.0,16.0,MEDITERRANEAN,France,7968.0,645622,POINT (3.035066 42.754493),True
11330,4.042664,43.557232,2021,5.0,16.0,MEDITERRANEAN,France,262.0,645913,POINT (4.042664 43.557232),True
11336,3.172159,43.199281,2021,5.0,100.0,MEDITERRANEAN,France,515.0,646506,POINT (3.172159 43.199281),True
11353,5.16391,43.6922,2021,10.0,1.0,MEDITERRANEAN,France,4349.0,647440,POINT (5.16391 43.6922),True
11381,2.740299,43.442667,2021,5.0,250.0,CONTINENTAL,France,661.0,648090,POINT (2.740299 43.442667),True
11391,7.0227,43.67276,2017,1.0,,MEDITERRANEAN,France,6235.0,648221,POINT (7.0227 43.67276),True
11405,4.014567,43.554735,2020,3.0,16.0,MEDITERRANEAN,France,9943.0,649047,POINT (4.014567 43.554735),True
11409,7.142658,43.711647,2020,80.0,200.0,MEDITERRANEAN,France,9028.0,649606,POINT (7.142658 43.711647),True
11456,3.18179,43.71686,2018,1.0,,MEDITERRANEAN,France,6684.0,649730,POINT (3.18179 43.71686),True
11480,4.857214,43.661501,2018,0.0,-inf,MEDITERRANEAN,France,4325.0,650126,POINT (4.857214 43.661501),True
11486,3.7488,44.59225,2017,1.0,,CONTINENTAL,France,3374.0,651270,POINT (3.7488 44.59225),True
11498,5.667074,43.318201,2017,0.0,100.0,MEDITERRANEAN,France,51.0,652312,POINT (5.667074 43.318201),True
11520,3.037944,42.766361,2017,10.0,35.0,MEDITERRANEAN,France,11222.0,652551,POINT (3.037944 42.766361),True
11539,7.146,43.723449,2021,3.0,2.0,MEDITERRANEAN,France,3758.0,653544,POINT (7.146 43.723449),True
11552,3.213661,43.55454,2020,13.0,200.0,MEDITERRANEAN,France,5474.0,653703,POINT (3.213661 43.55454),True
11563,2.870596,43.600833,2020,4.0,400.0,CONTINENTAL,France,7755.0,655332,POINT (2.870596 43.600833),True
11573,3.016106,42.799447,2018,10.0,16.0,MEDITERRANEAN,France,4114.0,656984,POINT (3.016106 42.799447),True
11576,6.467033,43.269451,2021,6.0,200.0,MEDITERRANEAN,France,5422.0,657077,POINT (6.467033 43.269451),True
11620,2.333333,42.916667,2018,10.0,-inf,MEDITERRANEAN,France,963.0,657386,POINT (2.333333 42.916667),True
11631,5.681916,43.355288,2017,0.0,4.0,MEDITERRANEAN,France,5147.0,657521,POINT (5.681916 43.355288),True
11643,3.402871,43.741768,2019,0.0,50.0,MEDITERRANEAN,France,982.0,658662,POINT (3.402871 43.741768),True
11654,3.199395,44.629968,2017,0.0,25.0,CONTINENTAL,France,11195.0,658867,POINT (3.199395 44.629968),True
11688,3.216228,43.200567,2019,10.0,-inf,MEDITERRANEAN,France,8027.0,660120,POINT (3.216228 43.200567),True
11695,3.597727,43.921571,2021,6.0,250.0,MEDITERRANEAN,France,5412.0,662616,POINT (3.597727 43.921571),True
11712,4.034311,43.556592,2021,5.0,16.0,MEDITERRANEAN,France,262.0,664767,POINT (4.034311 43.556592),True
11719,3.764826,44.209826,2017,0.0,-inf,MEDITERRANEAN,France,8792.0,665712,POINT (3.764826 44.209826),True
11732,5.946458,43.26604,2020,3.0,200.0,MEDITERRANEAN,France,8705.0,665944,POINT (5.946458 43.26604),True
11760,5.503334,43.406759,2017,0.0,12.0,MEDITERRANEAN,France,9480.0,666035,POINT (5.503334 43.406759),True
11769,5.56804,43.38413,2017,1.0,,MEDITERRANEAN,France,4003.0,667311,POINT (5.56804 43.38413),True
11799,2.119639,42.726528,2018,10.0,90.0,ALPINE,France,8284.0,668769,POINT (2.119639 42.726528),True
11820,3.276303,43.371598,2021,5.0,4.0,MEDITERRANEAN,France,11078.0,669048,POINT (3.276303 43.371598),True
11821,6.098364,43.032193,2017,10.0,8.0,MEDITERRANEAN,France,9458.0,672516,POINT (6.098364 43.032193),True
11831,3.203016,43.188494,2019,10.0,-inf,MEDITERRANEAN,France,2173.0,672723,POINT (3.203016 43.188494),True
11837,3.59016,44.2524,2019,1.0,,MEDITERRANEAN,France,1475.0,673693,POINT (3.59016 44.2524),True
11871,3.153348,43.265478,2019,10.0,-inf,MEDITERRANEAN,France,8339.0,674132,POINT (3.153348 43.265478),True
11877,5.71978,43.6953,2019,10.0,100.0,MEDITERRANEAN,France,10904.0,675786,POINT (5.71978 43.6953),True
11898,3.77436,44.090378,2017,0.0,-inf,MEDITERRANEAN,France,2488.0,677829,POINT (3.77436 44.090378),True
11904,7.011034,43.869014,2021,6.0,-inf,MEDITERRANEAN,France,3958.0,680571,POINT (7.011034 43.869014),True
11917,3.349531,43.273256,2017,0.0,16.0,MEDITERRANEAN,France,2940.0,683120,POINT (3.349531 43.273256),True
11937,6.73587,44.13499,2019,1.0,,ALPINE,France,11195.0,683390,POINT (6.73587 44.13499),True
11981,3.879543,43.503455,2020,10.0,50.0,MEDITERRANEAN,France,2926.0,684939,POINT (3.879543 43.503455),True
11989,2.830289,43.019505,2021,4.0,16.0,MEDITERRANEAN,France,5882.0,685150,POINT (2.830289 43.019505),True
12010,2.811535,42.995508,2021,4.0,50.0,MEDITERRANEAN,France,11193.0,685954,POINT (2.811535 42.995508),True
12055,6.456804,43.270487,2021,5.0,16.0,MEDITERRANEAN,France,1497.0,688298,POINT (6.456804 43.270487),True
12074,5.499251,43.40913,2017,0.0,400.0,MEDITERRANEAN,France,1539.0,691134,POINT (5.499251 43.40913),True
12107,5.20187,43.95214,2019,1.0,,MEDITERRANEAN,France,476.0,691434,POINT (5.20187 43.95214),True
12125,3.744344,43.852408,2021,5.0,250.0,MEDITERRANEAN,France,982.0,691503,POINT (3.744344 43.852408),True
12135,6.140025,43.151442,2021,4.0,200.0,MEDITERRANEAN,France,10305.0,691996,POINT (6.140025 43.151442),True
12163,3.07776,43.052632,2020,10.0,40.0,MEDITERRANEAN,France,9877.0,692307,POINT (3.07776 43.052632),True
12173,1.99992,42.39006,2018,1.0,,ALPINE,Spain,2337.0,692373,POINT (1.99992 42.39006),True
12198,5.313894,43.517111,2021,7.0,10.0,MEDITERRANEAN,France,4341.0,692555,POINT (5.313894 43.517111),True
12209,5.09655,44.1883,2021,10.0,60.0,MEDITERRANEAN,France,4671.0,693774,POINT (5.09655 44.1883),True
12237,4.076095,43.934657,2021,5.0,250.0,MEDITERRANEAN,France,5249.0,694914,POINT (4.076095 43.934657),True
12254,6.49103,43.1583,2020,10.0,-inf,MEDITERRANEAN,France,5474.0,695147,POINT (6.49103 43.1583),True
12269,5.0083,43.54334,2018,1.0,,MEDITERRANEAN,France,9458.0,696336,POINT (5.0083 43.54334),True
12293,6.47858,43.1689,2020,10.0,5.0,MEDITERRANEAN,France,1121.0,696939,POINT (6.47858 43.1689),True
12306,4.54705,43.455263,2017,0.0,100.0,MEDITERRANEAN,France,9877.0,697717,POINT (4.54705 43.455263),True
12317,5.57636,43.2208,2021,10.0,200.0,MEDITERRANEAN,France,6652.0,698402,POINT (5.57636 43.2208),True
12332,3.10816,43.77135,2019,1.0,,MEDITERRANEAN,France,9261.0,701441,POINT (3.10816 43.77135),True
12343,5.786197,43.744629,2017,10.0,300.0,MEDITERRANEAN,France,10073.0,702071,POINT (5.786197 43.744629),True
12374,6.48394,43.1739,2020,10.0,100.0,MEDITERRANEAN,France,5483.0,703228,POINT (6.48394 43.1739),True
12414,1.94835,42.85683,2019,1.0,,MEDITERRANEAN,France,1201.0,703377,POINT (1.94835 42.85683),True
12452,2.844703,43.625258,2021,5.0,250.0,CONTINENTAL,France,843.0,704239,POINT (2.844703 43.625258),True
12474,3.132625,43.124929,2020,10.0,-inf,MEDITERRANEAN,France,5799.0,704755,POINT (3.132625 43.124929),True
12490,2.82115,43.000026,2021,5.0,50.0,MEDITERRANEAN,France,10305.0,705505,POINT (2.82115 43.000026),True
12521,3.172334,44.403529,2021,5.0,250.0,CONTINENTAL,France,9548.0,708316,POINT (3.172334 44.403529),True
12545,5.05482,44.209,2020,10.0,150.0,MEDITERRANEAN,France,1655.0,708801,POINT (5.05482 44.209),True
12575,5.544521,43.358229,2018,0.0,-inf,MEDITERRANEAN,France,6141.0,710096,POINT (5.544521 43.358229),True
12580,3.94778,44.0859,2021,10.0,60.0,MEDITERRANEAN,France,2120.0,710169,POINT (3.94778 44.0859),True
12591,4.3049,43.93609,2017,1.0,,MEDITERRANEAN,France,2474.0,710351,POINT (4.3049 43.93609),True
12620,3.642505,44.172859,2017,0.0,-inf,MEDITERRANEAN,France,2764.0,710386,POINT (3.642505 44.172859),True
12643,3.206787,43.532468,2021,5.0,50.0,MEDITERRANEAN,France,11157.0,712678,POINT (3.206787 43.532468),True
12681,3.778825,43.436229,2020,9.0,25.0,MEDITERRANEAN,France,2075.0,712869,POINT (3.778825 43.436229),True
12683,3.684336,44.145702,2017,0.0,-inf,MEDITERRANEAN,France,10460.0,713158,POINT (3.684336 44.145702),True
12698,3.291825,43.837177,2019,0.0,50.0,MEDITERRANEAN,France,9261.0,713934,POINT (3.291825 43.837177),True
12723,5.500209,43.206684,2018,10.0,50.0,MEDITERRANEAN,France,9458.0,714575,POINT (5.500209 43.206684),True
12730,1.975444,42.864528,2017,10.0,-inf,ALPINE,France,6989.0,714599,POINT (1.975444 42.864528),True
12739,3.789155,43.655759,2020,9.0,200.0,MEDITERRANEAN,France,3177.0,714613,POINT (3.789155 43.655759),True
12765,3.30357,43.59,2017,1.0,,MEDITERRANEAN,France,11157.0,715271,POINT (3.30357 43.59),True
12786,5.73612,43.30701,2017,1.0,,MEDITERRANEAN,France,1236.0,715443,POINT (5.73612 43.30701),True
12812,5.28173,44.1656,2020,10.0,200.0,MEDITERRANEAN,France,4247.0,717525,POINT (5.28173 44.1656),True
12823,3.349667,43.275298,2017,0.0,16.0,MEDITERRANEAN,France,7371.0,718546,POINT (3.349667 43.275298),True
12857,2.19125,43.36056,2017,1.0,,CONTINENTAL,France,981.0,719794,POINT (2.19125 43.36056),True
12875,5.595689,43.166919,2017,0.0,4.0,MEDITERRANEAN,France,10558.0,722751,POINT (5.595689 43.166919),True
12891,6.45994,43.1608,2020,10.0,10.0,MEDITERRANEAN,France,10409.0,723238,POINT (6.45994 43.1608),True
12896,3.024532,42.859144,2018,10.0,16.0,MEDITERRANEAN,France,1176.0,724498,POINT (3.024532 42.859144),True
12902,3.024543,42.857418,2018,10.0,16.0,MEDITERRANEAN,France,1176.0,725288,POINT (3.024543 42.857418),True
12908,2.209284,42.6357,2017,0.0,12.0,ALPINE,France,4842.0,725425,POINT (2.209284 42.6357),True
12909,2.88042,43.30537,2017,1.0,,MEDITERRANEAN,France,2421.0,725757,POINT (2.88042 43.30537),True
12931,5.72557,43.703828,2018,10.0,50.0,MEDITERRANEAN,France,9943.0,725921,POINT (5.72557 43.703828),True
12941,3.808607,43.486694,2020,3.0,16.0,MEDITERRANEAN,France,4229.0,725942,POINT (3.808607 43.486694),True
12948,2.68227,43.09055,2018,1.0,,MEDITERRANEAN,France,476.0,727530,POINT (2.68227 43.09055),True
12965,2.013639,42.828083,2018,10.0,65.0,MEDITERRANEAN,France,1051.0,727953,POINT (2.013639 42.828083),True
12989,6.859407,43.607971,2021,5.0,7.0,MEDITERRANEAN,France,5704.0,728008,POINT (6.859407 43.607971),True
13007,5.669134,43.319834,2017,10.0,2.0,MEDITERRANEAN,France,8340.0,729992,POINT (5.669134 43.319834),True
13027,4.81237,43.9159,2019,10.0,100.0,MEDITERRANEAN,France,6548.0,730885,POINT (4.81237 43.9159),True
13041,6.50273,43.1604,2021,10.0,10.0,MEDITERRANEAN,France,4087.0,732363,POINT (6.50273 43.1604),True
13059,2.960382,43.051066,2020,4.0,16.0,MEDITERRANEAN,France,10514.0,733111,POINT (2.960382 43.051066),True
13086,6.49264,43.1666,2020,10.0,100.0,MEDITERRANEAN,France,10411.0,735271,POINT (6.49264 43.1666),True
13092,7.202508,43.750496,2021,6.0,-inf,MEDITERRANEAN,France,9261.0,735372,POINT (7.202508 43.750496),True
13103,6.436987,43.27151,2020,3.0,2.0,MEDITERRANEAN,France,5528.0,738367,POINT (6.436987 43.27151),True
13113,3.116386,43.147164,2021,5.0,100.0,MEDITERRANEAN,France,476.0,739530,POINT (3.116386 43.147164),True
13127,3.033988,42.558373,2020,7.0,400.0,MEDITERRANEAN,France,2474.0,740057,POINT (3.033988 42.558373),True
13138,4.12874,44.312245,2019,0.0,60.0,MEDITERRANEAN,France,1086.0,741460,POINT (4.12874 44.312245),True
13168,6.601319,43.183176,2019,0.0,50.0,MEDITERRANEAN,France,11140.0,741764,POINT (6.601319 43.183176),True
13194,4.1482,43.70503,2017,1.0,,MEDITERRANEAN,France,476.0,741937,POINT (4.1482 43.70503),True
13207,4.12904,44.31217,2019,0.0,25.0,MEDITERRANEAN,France,643.0,742636,POINT (4.12904 44.31217),True
13236,4.785,44.2099,2020,10.0,10.0,MEDITERRANEAN,France,4184.0,743678,POINT (4.785 44.2099),True
13246,6.580153,43.213892,2019,10.0,100.0,MEDITERRANEAN,France,3125.0,744055,POINT (6.580153 43.213892),True
13279,7.33573,43.7294,2019,10.0,500.0,MEDITERRANEAN,France,4530.0,745331,POINT (7.33573 43.7294),True
13302,5.119667,43.51052,2017,0.0,12.0,MEDITERRANEAN,France,6313.0,745492,POINT (5.119667 43.51052),True
13320,4.39094,43.4638,2021,10.0,1.0,MEDITERRANEAN,France,1959.0,746423,POINT (4.39094 43.4638),True
13321,4.76716,44.26856,2017,1.0,,MEDITERRANEAN,France,2386.0,746742,POINT (4.76716 44.26856),True
13338,3.42612,44.82978,2018,1.0,,CONTINENTAL,France,1539.0,748469,POINT (3.42612 44.82978),True
13348,4.033179,43.55642,2021,5.0,16.0,MEDITERRANEAN,France,8661.0,749281,POINT (4.033179 43.55642),True
13352,5.675263,43.693318,2018,10.0,20.0,MEDITERRANEAN,France,9808.0,750063,POINT (5.675263 43.693318),True
13362,6.747831,43.557096,2020,4.0,200.0,MEDITERRANEAN,France,7147.0,750151,POINT (6.747831 43.557096),True
13402,2.969782,43.044059,2020,4.0,200.0,MEDITERRANEAN,France,10305.0,752723,POINT (2.969782 43.044059),True
13433,2.86865,43.641805,2020,4.0,400.0,CONTINENTAL,France,963.0,753949,POINT (2.86865 43.641805),True
13437,3.523696,43.320797,2017,10.0,-inf,MEDITERRANEAN,France,6279.0,755039,POINT (3.523696 43.320797),True
13438,3.264431,43.230637,2020,10.0,40.0,MEDITERRANEAN,France,1300.0,755043,POINT (3.264431 43.230637),True
13449,5.452099,43.376888,2018,0.0,100.0,MEDITERRANEAN,France,1160.0,755328,POINT (5.452099 43.376888),True
13472,6.711811,43.557442,2020,4.0,-inf,MEDITERRANEAN,France,10255.0,755663,POINT (6.711811 43.557442),True
13490,5.5007,43.406955,2017,10.0,400.0,MEDITERRANEAN,France,3251.0,756130,POINT (5.5007 43.406955),True
13515,6.38217,43.7346,2017,1.0,,MEDITERRANEAN,France,1276.0,756384,POINT (6.38217 43.7346),True
13527,6.55146,43.1875,2020,10.0,20.0,MEDITERRANEAN,France,2539.0,756730,POINT (6.55146 43.1875),True
13538,5.387951,43.279062,2017,0.0,10.0,MEDITERRANEAN,France,10514.0,756897,POINT (5.387951 43.279062),True
13551,4.608009,43.411161,2021,5.0,100.0,MEDITERRANEAN,France,9513.0,759277,POINT (4.608009 43.411161),True
13566,4.613264,43.960779,2021,4.0,250.0,MEDITERRANEAN,France,1736.0,760948,POINT (4.613264 43.960779),True
13581,6.015731,43.119768,2018,0.0,30.0,MEDITERRANEAN,France,9890.0,761720,POINT (6.015731 43.119768),True
13594,2.272611,43.164111,2020,10.0,30.0,MEDITERRANEAN,France,4653.0,762409,POINT (2.272611 43.164111),True
13601,6.55024,43.1888,2020,10.0,100.0,MEDITERRANEAN,France,6707.0,762448,POINT (6.55024 43.1888),True
13614,6.01276,43.11838,2019,10.0,100.0,MEDITERRANEAN,France,8921.0,762799,POINT (6.01276 43.11838),True
13637,6.38134,43.274801,2020,4.0,200.0,MEDITERRANEAN,France,2474.0,764964,POINT (6.38134 43.274801),True
13659,3.015408,42.794762,2018,10.0,16.0,MEDITERRANEAN,France,1959.0,765672,POINT (3.015408 42.794762),True
13664,7.2326,43.784521,2018,10.0,100.0,MEDITERRANEAN,France,2386.0,766566,POINT (7.2326 43.784521),True
13708,4.143228,43.482209,2020,10.0,20.0,MEDITERRANEAN,France,8661.0,767778,POINT (4.143228 43.482209),True
13712,7.08862,43.8575,2019,10.0,200.0,MEDITERRANEAN,France,4122.0,768936,POINT (7.08862 43.8575),True
13756,7.160314,44.054449,2019,0.0,-inf,MEDITERRANEAN,France,4026.0,769355,POINT (7.160314 44.054449),True
13784,5.645271,43.540977,2017,0.0,-inf,MEDITERRANEAN,France,6226.0,770194,POINT (5.645271 43.540977),True
13791,2.976317,43.07178,2021,5.0,50.0,MEDITERRANEAN,France,2075.0,770564,POINT (2.976317 43.07178),True
13793,5.65856,43.66923,2018,1.0,,MEDITERRANEAN,France,5721.0,770619,POINT (5.65856 43.66923),True
13836,3.145542,43.213359,2021,5.0,100.0,MEDITERRANEAN,France,9458.0,771165,POINT (3.145542 43.213359),True
13852,6.757964,43.50879,2021,5.0,10.0,MEDITERRANEAN,France,494.0,771364,POINT (6.757964 43.50879),True
13891,4.59834,43.80448,2018,1.0,,MEDITERRANEAN,France,11157.0,771653,POINT (4.59834 43.80448),True
13913,3.01931,42.850144,2018,10.0,16.0,MEDITERRANEAN,France,7968.0,771846,POINT (3.01931 42.850144),True
13915,5.585372,43.169623,2017,0.0,16.0,MEDITERRANEAN,France,10558.0,772947,POINT (5.585372 43.169623),True
13927,3.68781,43.810849,2018,0.0,20.0,MEDITERRANEAN,France,9468.0,775396,POINT (3.68781 43.810849),True
13930,3.050555,42.88774,2018,10.0,16.0,MEDITERRANEAN,France,6339.0,775579,POINT (3.050555 42.88774),True
13939,3.666904,43.858522,2018,0.0,30.0,MEDITERRANEAN,France,4628.0,775586,POINT (3.666904 43.858522),True
13946,5.022307,43.340417,2017,0.0,2.0,MEDITERRANEAN,France,2617.0,776179,POINT (5.022307 43.340417),True
13948,7.3605,43.9766,2019,10.0,-inf,ALPINE,France,1498.0,776603,POINT (7.3605 43.9766),True
13988,5.58545,43.168902,2017,0.0,100.0,MEDITERRANEAN,France,6039.0,776669,POINT (5.58545 43.168902),True
13993,5.28717,43.4467,2021,10.0,200.0,MEDITERRANEAN,France,7565.0,778001,POINT (5.28717 43.4467),True
14006,5.708336,43.690528,2018,0.0,150.0,MEDITERRANEAN,France,4977.0,779561,POINT (5.708336 43.690528),True
14028,5.690641,43.354324,2017,0.0,15.0,MEDITERRANEAN,France,8782.0,780046,POINT (5.690641 43.354324),True
14057,6.590637,43.491664,2017,10.0,20.0,MEDITERRANEAN,France,9595.0,780531,POINT (6.590637 43.491664),True
14068,3.833175,44.195844,2017,0.0,-inf,MEDITERRANEAN,France,10255.0,782572,POINT (3.833175 44.195844),True
14087,6.375056,43.146569,2018,10.0,5.0,MEDITERRANEAN,France,6141.0,783048,POINT (6.375056 43.146569),True
14097,3.036088,42.768637,2018,10.0,16.0,MEDITERRANEAN,France,10082.0,784864,POINT (3.036088 42.768637),True
14113,4.79029,43.6472,2021,10.0,200.0,MEDITERRANEAN,France,9647.0,785486,POINT (4.79029 43.6472),True
14135,4.80148,43.9538,2021,10.0,10.0,MEDITERRANEAN,France,8959.0,785669,POINT (4.80148 43.9538),True
14144,3.877703,43.503132,2021,5.0,25.0,MEDITERRANEAN,France,6491.0,785977,POINT (3.877703 43.503132),True
14148,3.596554,43.919617,2021,6.0,250.0,MEDITERRANEAN,France,9261.0,786074,POINT (3.596554 43.919617),True
14165,5.28488,44.11186,2019,1.0,,MEDITERRANEAN,France,9190.0,787114,POINT (5.28488 44.11186),True
14184,3.222794,43.202624,2020,10.0,-inf,MEDITERRANEAN,France,5799.0,787531,POINT (3.222794 43.202624),True
14194,3.674419,43.798639,2018,0.0,25.0,MEDITERRANEAN,France,10408.0,787987,POINT (3.674419 43.798639),True
14197,3.515915,44.1808,2018,0.0,400.0,MEDITERRANEAN,France,4498.0,788336,POINT (3.515915 44.1808),True
14205,3.644332,43.574148,2018,0.0,25.0,MEDITERRANEAN,France,9826.0,788560,POINT (3.644332 43.574148),True
14208,2.829914,43.027707,2021,5.0,50.0,MEDITERRANEAN,France,1304.0,789581,POINT (2.829914 43.027707),True
14239,7.454945,43.890777,2018,0.0,-inf,MEDITERRANEAN,France,4026.0,790058,POINT (7.454945 43.890777),True
14290,5.373108,43.232349,2017,0.0,200.0,MEDITERRANEAN,France,1176.0,790881,POINT (5.373108 43.232349),True
14303,6.027295,43.115816,2018,10.0,50.0,MEDITERRANEAN,France,74.0,792257,POINT (6.027295 43.115816),True
14328,5.60495,43.5989,2019,1.0,,MEDITERRANEAN,France,3935.0,792847,POINT (5.60495 43.5989),True
14341,5.3339,43.4632,2019,10.0,200.0,MEDITERRANEAN,France,5118.0,793684,POINT (5.3339 43.4632),True
14344,3.805062,43.450301,2021,6.0,20.0,MEDITERRANEAN,France,2075.0,794022,POINT (3.805062 43.450301),True
14346,2.920346,43.052536,2021,5.0,16.0,MEDITERRANEAN,France,7713.0,794147,POINT (2.920346 43.052536),True
14368,5.186139,43.404673,2017,0.0,10.0,MEDITERRANEAN,France,3438.0,794734,POINT (5.186139 43.404673),True
14383,5.69658,43.6937,2019,10.0,15.0,MEDITERRANEAN,France,5203.0,796187,POINT (5.69658 43.6937),True
14411,3.313582,43.663729,2021,5.0,250.0,MEDITERRANEAN,France,3935.0,796931,POINT (3.313582 43.663729),True
14434,5.575816,43.24293,2017,0.0,100.0,MEDITERRANEAN,France,3696.0,797577,POINT (5.575816 43.24293),True
14447,4.330575,44.164353,2021,4.0,250.0,MEDITERRANEAN,France,3935.0,798101,POINT (4.330575 44.164353),True
14460,2.718981,43.445566,2021,4.0,250.0,CONTINENTAL,France,10047.0,799578,POINT (2.718981 43.445566),True
14471,6.031295,43.081024,2019,10.0,100.0,MEDITERRANEAN,France,3865.0,799636,POINT (6.031295 43.081024),True
14485,5.585607,43.169105,2017,0.0,100.0,MEDITERRANEAN,France,9458.0,800516,POINT (5.585607 43.169105),True
14497,3.037796,42.768133,2018,10.0,16.0,MEDITERRANEAN,France,10523.0,802974,POINT (3.037796 42.768133),True
14509,3.788258,43.664283,2021,5.0,4.0,MEDITERRANEAN,France,2922.0,803275,POINT (3.788258 43.664283),True
14513,3.883077,43.982569,2021,4.0,250.0,MEDITERRANEAN,France,3251.0,803308,POINT (3.883077 43.982569),True
14526,4.78439,44.08826,2018,1.0,,MEDITERRANEAN,France,5969.0,803376,POINT (4.78439 44.08826),True
14537,4.95933,44.2599,2020,10.0,100.0,MEDITERRANEAN,France,11157.0,804218,POINT (4.95933 44.2599),True
14545,6.798925,43.563976,2021,4.0,-inf,MEDITERRANEAN,France,10917.0,806328,POINT (6.798925 43.563976),True
14564,7.34678,43.71481,2017,0.0,10.0,MEDITERRANEAN,France,1564.0,806610,POINT (7.34678 43.71481),True
14577,5.62172,43.6655,2019,10.0,80.0,MEDITERRANEAN,France,8076.0,809680,POINT (5.62172 43.6655),True
14592,3.519221,43.317796,2017,10.0,-inf,MEDITERRANEAN,France,6279.0,809987,POINT (3.519221 43.317796),True
14594,3.877171,43.539667,2021,5.0,16.0,MEDITERRANEAN,France,3125.0,810393,POINT (3.877171 43.539667),True
14612,2.43658,42.78565,2017,1.0,,MEDITERRANEAN,France,249.0,810559,POINT (2.43658 42.78565),True
14623,3.817099,44.061283,2021,5.0,250.0,MEDITERRANEAN,France,10728.0,810754,POINT (3.817099 44.061283),True
14640,3.29054,44.29139,2018,1.0,,CONTINENTAL,France,10427.0,811684,POINT (3.29054 44.29139),True
14664,4.049978,43.562233,2021,5.0,50.0,MEDITERRANEAN,France,9513.0,812675,POINT (4.049978 43.562233),True
14674,6.096665,43.134854,2018,0.0,-inf,MEDITERRANEAN,France,4519.0,813795,POINT (6.096665 43.134854),True
14703,5.11136,44.132624,2021,5.0,-inf,MEDITERRANEAN,France,6141.0,815938,POINT (5.11136 44.132624),True
14718,2.65518,42.62357,2019,1.0,,MEDITERRANEAN,France,5721.0,815992,POINT (2.65518 42.62357),True
14736,5.56575,43.2144,2021,10.0,200.0,MEDITERRANEAN,France,6874.0,817214,POINT (5.56575 43.2144),True
14748,2.60588,42.48004,2018,1.0,,MEDITERRANEAN,France,11120.0,817578,POINT (2.60588 42.48004),True
14779,6.120231,43.033172,2017,0.0,2.0,MEDITERRANEAN,France,4567.0,817823,POINT (6.120231 43.033172),True
14792,3.753216,44.117627,2017,0.0,-inf,MEDITERRANEAN,France,5071.0,819327,POINT (3.753216 44.117627),True
14802,2.21758,42.55214,2019,1.0,,ALPINE,France,1498.0,819407,POINT (2.21758 42.55214),True
14843,3.627346,43.730592,2021,5.0,250.0,MEDITERRANEAN,France,1276.0,819925,POINT (3.627346 43.730592),True
14858,3.814413,43.61895,2020,10.0,200.0,MEDITERRANEAN,France,2474.0,820025,POINT (3.814413 43.61895),True
14893,3.032306,42.670694,2019,10.0,-inf,MEDITERRANEAN,France,1625.0,820042,POINT (3.032306 42.670694),True
14908,5.66911,43.375212,2021,5.0,-inf,MEDITERRANEAN,France,6560.0,820054,POINT (5.66911 43.375212),True
14926,5.172485,44.082697,2017,10.0,80.0,MEDITERRANEAN,France,11157.0,820998,POINT (5.172485 44.082697),True
14952,1.967917,42.857528,2017,10.0,-inf,MEDITERRANEAN,France,7121.0,822304,POINT (1.967917 42.857528),True
15088,6.502273,43.16015,2021,10.0,10.0,MEDITERRANEAN,France,7576.0,824545,POINT (6.502273 43.16015),True
15102,3.038514,42.747155,2018,10.0,16.0,MEDITERRANEAN,France,1300.0,825144,POINT (3.038514 42.747155),True
15109,2.979839,43.630112,2020,11.0,25.0,CONTINENTAL,France,2303.0,826509,POINT (2.979839 43.630112),True
15122,4.510393,44.233066,2021,5.0,250.0,MEDITERRANEAN,France,3935.0,826578,POINT (4.510393 44.233066),True
15146,5.908895,43.277197,2020,4.0,200.0,MEDITERRANEAN,France,10991.0,826771,POINT (5.908895 43.277197),True
15181,5.115049,43.505003,2017,0.0,12.0,MEDITERRANEAN,France,6836.0,827328,POINT (5.115049 43.505003),True
15188,6.99651,43.65588,2018,1.0,,MEDITERRANEAN,France,8106.0,828403,POINT (6.99651 43.65588),True
15203,4.594961,43.401793,2021,5.0,10.0,MEDITERRANEAN,France,3465.0,828618,POINT (4.594961 43.401793),True
15208,4.028635,43.557888,2020,11.0,250.0,MEDITERRANEAN,France,11240.0,829142,POINT (4.028635 43.557888),True
15217,2.04765,42.53385,2019,1.0,,ALPINE,France,2949.0,829376,POINT (2.04765 42.53385),True
15273,3.698767,44.10346,2017,0.0,-inf,MEDITERRANEAN,France,10600.0,829384,POINT (3.698767 44.10346),True
15283,6.48026,43.1675,2020,10.0,-inf,MEDITERRANEAN,France,6786.0,829938,POINT (6.48026 43.1675),True
15287,6.020492,43.120121,2018,0.0,20.0,MEDITERRANEAN,France,2101.0,831121,POINT (6.020492 43.120121),True
15302,7.54977,44.009,2017,1.0,,MEDITERRANEAN,France,5969.0,832666,POINT (7.54977 44.009),True
15326,3.08542,43.192442,2021,5.0,100.0,MEDITERRANEAN,France,11157.0,834354,POINT (3.08542 43.192442),True
15340,6.760079,43.779117,2021,5.0,-inf,MEDITERRANEAN,France,433.0,834606,POINT (6.760079 43.779117),True
15368,7.066306,43.783637,2021,1.0,200.0,MEDITERRANEAN,France,6788.0,834931,POINT (7.066306 43.783637),True
15409,2.97605,43.05327,2019,1.0,,MEDITERRANEAN,France,3958.0,835055,POINT (2.97605 43.05327),True
15420,5.71048,43.54439,2021,10.0,200.0,MEDITERRANEAN,France,9636.0,835832,POINT (5.71048 43.54439),True
15438,6.48447,43.1687,2020,10.0,-inf,MEDITERRANEAN,France,7118.0,837860,POINT (6.48447 43.1687),True
15455,3.169617,43.250498,2019,10.0,-inf,MEDITERRANEAN,France,4541.0,837894,POINT (3.169617 43.250498),True
15465,4.407094,43.533711,2018,0.0,-inf,MEDITERRANEAN,France,916.0,838006,POINT (4.407094 43.533711),True
15469,6.102227,43.137043,2018,0.0,40.0,MEDITERRANEAN,France,2485.0,838052,POINT (6.102227 43.137043),True
15491,4.254498,43.459608,2020,10.0,40.0,MEDITERRANEAN,France,2173.0,838125,POINT (4.254498 43.459608),True
15496,5.23929,43.4481,2021,10.0,4.0,MEDITERRANEAN,France,9348.0,839153,POINT (5.23929 43.4481),True
15517,4.599565,43.402205,2021,5.0,10.0,MEDITERRANEAN,France,7748.0,840012,POINT (4.599565 43.402205),True
15529,2.010387,42.62259,2017,0.0,9.0,ALPINE,France,4842.0,840593,POINT (2.010387 42.62259),True
15531,5.06437,43.7829,2019,10.0,20.0,MEDITERRANEAN,France,5520.0,840732,POINT (5.06437 43.7829),True
15547,3.051316,42.890554,2018,10.0,16.0,MEDITERRANEAN,France,3441.0,840876,POINT (3.051316 42.890554),True
15558,4.021089,43.927879,2021,5.0,250.0,MEDITERRANEAN,France,449.0,841453,POINT (4.021089 43.927879),True
15570,2.01255,42.618537,2017,0.0,12.0,ALPINE,France,5997.0,841458,POINT (2.01255 42.618537),True
15574,3.824716,43.465629,2020,3.0,16.0,MEDITERRANEAN,France,9877.0,841738,POINT (3.824716 43.465629),True
15579,3.516141,43.317775,2017,10.0,-inf,MEDITERRANEAN,France,7955.0,842012,POINT (3.516141 43.317775),True
15580,5.371214,43.20902,2019,0.0,100.0,MEDITERRANEAN,France,3669.0,842196,POINT (5.371214 43.20902),True
15597,6.816613,43.800331,2021,6.0,-inf,MEDITERRANEAN,France,2490.0,844265,POINT (6.816613 43.800331),True
15618,4.030745,43.556063,2021,5.0,16.0,MEDITERRANEAN,France,8661.0,845817,POINT (4.030745 43.556063),True
15621,5.579057,43.212145,2017,0.0,50.0,MEDITERRANEAN,France,10520.0,847020,POINT (5.579057 43.212145),True
15641,6.49822,43.1628,2020,10.0,20.0,MEDITERRANEAN,France,8770.0,848302,POINT (6.49822 43.1628),True
15663,3.783652,43.463032,2020,3.0,25.0,MEDITERRANEAN,France,598.0,848821,POINT (3.783652 43.463032),True
15664,2.82875,43.01811,2017,1.0,,MEDITERRANEAN,France,876.0,850552,POINT (2.82875 43.01811),True
15695,6.68967,43.769914,2021,5.0,-inf,MEDITERRANEAN,France,9738.0,850600,POINT (6.68967 43.769914),True
15730,6.572915,43.191432,2019,10.0,50.0,MEDITERRANEAN,France,6823.0,852216,POINT (6.572915 43.191432),True
15748,6.54949,43.1871,2020,10.0,10.0,MEDITERRANEAN,France,8924.0,853222,POINT (6.54949 43.1871),True
15755,3.118839,43.107005,2020,10.0,40.0,MEDITERRANEAN,France,1531.0,854898,POINT (3.118839 43.107005),True
15765,7.116885,43.830637,2020,4.0,10.0,MEDITERRANEAN,France,4147.0,854991,POINT (7.116885 43.830637),True
15787,6.914981,43.509447,2020,4.0,-inf,MEDITERRANEAN,France,3654.0,855136,POINT (6.914981 43.509447),True
15817,7.09672,43.674915,2021,5.0,5.0,MEDITERRANEAN,France,10073.0,856707,POINT (7.09672 43.674915),True
15840,3.914007,43.560945,2020,3.0,16.0,MEDITERRANEAN,France,6643.0,856985,POINT (3.914007 43.560945),True
15853,3.732034,43.832235,2021,5.0,250.0,MEDITERRANEAN,France,9458.0,858120,POINT (3.732034 43.832235),True
15867,3.350206,43.272849,2017,10.0,16.0,MEDITERRANEAN,France,262.0,858407,POINT (3.350206 43.272849),True
15879,2.724786,43.525904,2020,8.0,17.0,CONTINENTAL,France,3067.0,859166,POINT (2.724786 43.525904),True
15901,6.019465,43.122103,2018,0.0,50.0,MEDITERRANEAN,France,9642.0,860753,POINT (6.019465 43.122103),True
15923,4.38657,43.5224,2021,10.0,200.0,MEDITERRANEAN,France,8027.0,862060,POINT (4.38657 43.5224),True
15926,5.595556,43.166958,2017,0.0,4.0,MEDITERRANEAN,France,8243.0,863070,POINT (5.595556 43.166958),True
15940,3.751137,44.12197,2017,0.0,-inf,MEDITERRANEAN,France,2488.0,863726,POINT (3.751137 44.12197),True
15950,3.653619,44.216071,2017,0.0,-inf,MEDITERRANEAN,France,4498.0,866423,POINT (3.653619 44.216071),True
15962,3.349897,43.272626,2017,10.0,16.0,MEDITERRANEAN,France,245.0,867544,POINT (3.349897 43.272626),True
15978,4.76871,44.30451,2018,1.0,,MEDITERRANEAN,France,4854.0,870485,POINT (4.76871 44.30451),True
15999,3.665046,44.157297,2017,10.0,-inf,MEDITERRANEAN,France,5071.0,871044,POINT (3.665046 44.157297),True
16019,1.984692,42.566336,2017,0.0,9.0,ALPINE,France,4842.0,871712,POINT (1.984692 42.566336),True
16023,3.82383,44.57327,2017,1.0,,CONTINENTAL,France,53.0,874346,POINT (3.82383 44.57327),True
16040,3.69542,44.46699,2019,1.0,,CONTINENTAL,France,8428.0,874387,POINT (3.69542 44.46699),True
16047,3.078748,43.053822,2020,10.0,30.0,MEDITERRANEAN,France,5605.0,875989,POINT (3.078748 43.053822),True
16061,1.978972,42.751528,2018,10.0,30.0,ALPINE,France,2885.0,876055,POINT (1.978972 42.751528),True
16102,3.10374,44.600166,2018,0.0,25.0,CONTINENTAL,France,4748.0,876753,POINT (3.10374 44.600166),True
16139,6.166928,43.034049,2017,10.0,20.0,MEDITERRANEAN,France,7983.0,876948,POINT (6.166928 43.034049),True
16151,3.35033,43.272993,2017,0.0,16.0,MEDITERRANEAN,France,1300.0,877036,POINT (3.35033 43.272993),True
16162,6.867975,43.442814,2021,7.0,-inf,MEDITERRANEAN,France,5076.0,877951,POINT (6.867975 43.442814),True
16173,3.517389,43.319568,2017,10.0,-inf,MEDITERRANEAN,France,7955.0,878069,POINT (3.517389 43.319568),True
16174,3.60338,43.738934,2018,0.0,25.0,MEDITERRANEAN,France,10408.0,879396,POINT (3.60338 43.738934),True
16178,5.373083,43.208988,2019,0.0,100.0,MEDITERRANEAN,France,11125.0,879631,POINT (5.373083 43.208988),True
16193,5.15426,43.4561,2021,10.0,1.0,MEDITERRANEAN,France,8027.0,879642,POINT (5.15426 43.4561),True
16197,3.10477,43.51969,2017,1.0,,MEDITERRANEAN,France,5474.0,879661,POINT (3.10477 43.51969),True
16211,6.908264,43.668692,2021,6.0,-inf,MEDITERRANEAN,France,6945.0,881716,POINT (6.908264 43.668692),True
16243,6.103203,43.030911,2017,0.0,15.0,MEDITERRANEAN,France,7748.0,881930,POINT (6.103203 43.030911),True
16247,3.05492,43.48408,2018,1.0,,MEDITERRANEAN,France,5474.0,882315,POINT (3.05492 43.48408),True
16263,3.051485,42.889385,2021,5.0,25.0,MEDITERRANEAN,France,245.0,882515,POINT (3.051485 42.889385),True
16276,1.975028,42.864639,2018,10.0,2.0,ALPINE,France,6079.0,882534,POINT (1.975028 42.864639),True
16288,2.935611,43.667603,2020,4.0,400.0,CONTINENTAL,France,5071.0,885020,POINT (2.935611 43.667603),True
16297,5.182739,43.402887,2017,10.0,4.0,MEDITERRANEAN,France,4567.0,886300,POINT (5.182739 43.402887),True
16313,6.54683,43.1891,2020,10.0,-inf,MEDITERRANEAN,France,3845.0,886492,POINT (6.54683 43.1891),True
16335,5.549403,43.526772,2017,0.0,100.0,MEDITERRANEAN,France,3993.0,887560,POINT (5.549403 43.526772),True
16347,3.51871,43.329458,2017,10.0,-inf,MEDITERRANEAN,France,6279.0,890810,POINT (3.51871 43.329458),True
16349,3.17013,44.61614,2017,1.0,,CONTINENTAL,France,8512.0,890998,POINT (3.17013 44.61614),True
16374,3.808016,43.637553,2021,5.0,4.0,MEDITERRANEAN,France,7295.0,891161,POINT (3.808016 43.637553),True
16375,3.60349,43.73074,2018,1.0,,MEDITERRANEAN,France,51.0,891247,POINT (3.60349 43.73074),True
16406,4.491343,43.461497,2018,0.0,-inf,MEDITERRANEAN,France,982.0,891644,POINT (4.491343 43.461497),True
16426,3.493889,43.921544,2021,4.0,250.0,MEDITERRANEAN,France,2634.0,892030,POINT (3.493889 43.921544),True
16445,3.258962,43.22713,2019,10.0,-inf,MEDITERRANEAN,France,2926.0,892619,POINT (3.258962 43.22713),True
16451,2.60779,42.89313,2017,1.0,,MEDITERRANEAN,France,1254.0,893300,POINT (2.60779 42.89313),True
16477,2.970929,43.606552,2020,8.0,400.0,MEDITERRANEAN,France,2488.0,894232,POINT (2.970929 43.606552),True
16484,3.518595,43.318042,2017,10.0,-inf,MEDITERRANEAN,France,6279.0,895415,POINT (3.518595 43.318042),True
16485,5.22949,44.00538,2019,1.0,,MEDITERRANEAN,France,7706.0,896307,POINT (5.22949 44.00538),True
16491,3.349038,43.275093,2017,0.0,16.0,MEDITERRANEAN,France,9547.0,896890,POINT (3.349038 43.275093),True
16515,4.27818,43.88261,2017,1.0,,MEDITERRANEAN,France,2421.0,899471,POINT (4.27818 43.88261),True
16541,5.04608,43.4649,2021,10.0,200.0,MEDITERRANEAN,France,10520.0,899633,POINT (5.04608 43.4649),True
16551,6.021789,43.123082,2018,0.0,200.0,MEDITERRANEAN,France,3438.0,900077,POINT (6.021789 43.123082),True
16581,3.79913,44.59159,2019,1.0,,CONTINENTAL,France,8428.0,900722,POINT (3.79913 44.59159),True
16584,6.88294,43.78677,2019,1.0,,MEDITERRANEAN,France,3043.0,901430,POINT (6.88294 43.78677),True
16604,7.142709,43.711859,2020,16.0,50.0,MEDITERRANEAN,France,2783.0,901732,POINT (7.142709 43.711859),True
16625,3.823714,44.186158,2017,0.0,-inf,MEDITERRANEAN,France,661.0,901747,POINT (3.823714 44.186158),True
16635,3.034788,42.558584,2020,4.0,40.0,MEDITERRANEAN,France,2684.0,901855,POINT (3.034788 42.558584),True
16645,5.671086,43.692611,2018,0.0,150.0,MEDITERRANEAN,France,9547.0,902712,POINT (5.671086 43.692611),True
16670,6.137251,43.032074,2018,0.0,20.0,MEDITERRANEAN,France,3464.0,907807,POINT (6.137251 43.032074),True
16674,6.48778,43.1554,2020,10.0,4.0,MEDITERRANEAN,France,3958.0,910466,POINT (6.48778 43.1554),True
16681,3.406753,43.333078,2021,5.0,50.0,MEDITERRANEAN,France,305.0,911098,POINT (3.406753 43.333078),True
16703,1.942885,42.5336,2018,10.0,4.0,ALPINE,France,6352.0,911731,POINT (1.942885 42.5336),True
16711,6.415177,43.596217,2018,10.0,10.0,MEDITERRANEAN,France,10408.0,912574,POINT (6.415177 43.596217),True
16717,3.63634,43.941746,2021,5.0,250.0,MEDITERRANEAN,France,4871.0,912792,POINT (3.63634 43.941746),True
16734,6.572487,43.191474,2019,10.0,250.0,MEDITERRANEAN,France,2753.0,914779,POINT (6.572487 43.191474),True
16766,5.597319,43.235989,2017,0.0,4.0,MEDITERRANEAN,France,9053.0,914976,POINT (5.597319 43.235989),True
16771,3.822379,43.464246,2020,3.0,25.0,MEDITERRANEAN,France,1692.0,915036,POINT (3.822379 43.464246),True
16777,6.51944,43.16572,2020,10.0,-inf,MEDITERRANEAN,France,7310.0,915917,POINT (6.51944 43.16572),True
16795,5.464601,43.209483,2018,10.0,50.0,MEDITERRANEAN,France,3019.0,916842,POINT (5.464601 43.209483),True
16809,6.6276,43.763433,2021,4.0,100.0,MEDITERRANEAN,France,9465.0,917487,POINT (6.6276 43.763433),True
16843,1.98548,42.6059,2021,10.0,25.0,ALPINE,France,703.0,918358,POINT (1.98548 42.6059),True
16848,2.305333,42.881,2021,10.0,50.0,MEDITERRANEAN,France,1276.0,919048,POINT (2.305333 42.881),True
16863,1.973333,42.751861,2018,10.0,4.0,ALPINE,France,9816.0,919266,POINT (1.973333 42.751861),True
16867,4.23045,43.460617,2020,10.0,40.0,MEDITERRANEAN,France,8661.0,919308,POINT (4.23045 43.460617),True
16876,3.79029,44.24992,2017,1.0,,MEDITERRANEAN,France,1910.0,920085,POINT (3.79029 44.24992),True
16890,3.514965,43.324078,2017,10.0,-inf,MEDITERRANEAN,France,7955.0,921281,POINT (3.514965 43.324078),True
16891,5.94144,43.27228,2020,16.0,-inf,MEDITERRANEAN,France,8512.0,921515,POINT (5.94144 43.27228),True
16926,3.037183,42.74489,2018,10.0,16.0,MEDITERRANEAN,France,3466.0,922077,POINT (3.037183 42.74489),True
16942,7.30113,44.02063,2017,1.0,,MEDITERRANEAN,France,2142.0,923533,POINT (7.30113 44.02063),True
16990,4.13953,43.484458,2020,10.0,20.0,MEDITERRANEAN,France,5876.0,927368,POINT (4.13953 43.484458),True
16998,6.855767,43.449443,2017,10.0,50.0,MEDITERRANEAN,France,1330.0,929444,POINT (6.855767 43.449443),True
17010,5.685453,43.696561,2018,10.0,16.0,MEDITERRANEAN,France,5203.0,929741,POINT (5.685453 43.696561),True
17018,3.849314,44.1941,2017,0.0,-inf,MEDITERRANEAN,France,3935.0,930231,POINT (3.849314 44.1941),True
17047,6.168559,43.035144,2017,10.0,80.0,MEDITERRANEAN,France,7212.0,930340,POINT (6.168559 43.035144),True
17063,6.052756,43.090516,2019,0.0,40.0,MEDITERRANEAN,France,1431.0,931140,POINT (6.052756 43.090516),True
17077,2.09651,42.46214,2019,1.0,,ALPINE,Spain,3792.0,932074,POINT (2.09651 42.46214),True
17111,7.08902,43.7603,2019,10.0,20.0,MEDITERRANEAN,France,9873.0,932522,POINT (7.08902 43.7603),True
17143,6.125804,43.121401,2019,10.0,17.0,MEDITERRANEAN,France,10039.0,933375,POINT (6.125804 43.121401),True
17152,3.255154,43.616051,2021,5.0,250.0,MEDITERRANEAN,France,3935.0,935398,POINT (3.255154 43.616051),True
17165,6.790225,43.69988,2021,5.0,-inf,MEDITERRANEAN,France,9568.0,935934,POINT (6.790225 43.69988),True
17196,6.49898,43.1637,2020,10.0,100.0,MEDITERRANEAN,France,8733.0,936154,POINT (6.49898 43.1637),True
17204,6.30408,43.145114,2018,10.0,100.0,MEDITERRANEAN,France,5474.0,936398,POINT (6.30408 43.145114),True
17213,2.915202,43.560365,2021,8.0,250.0,MEDITERRANEAN,France,10600.0,937549,POINT (2.915202 43.560365),True
17232,7.09521,43.86049,2019,10.0,200.0,MEDITERRANEAN,France,6925.0,938232,POINT (7.09521 43.86049),True
17275,5.613164,43.227894,2017,0.0,6.0,MEDITERRANEAN,France,10166.0,939227,POINT (5.613164 43.227894),True
17288,3.817177,43.585044,2020,11.0,200.0,MEDITERRANEAN,France,8904.0,942521,POINT (3.817177 43.585044),True
17304,2.969416,43.044257,2020,4.0,50.0,MEDITERRANEAN,France,9353.0,943025,POINT (2.969416 43.044257),True
17324,7.140241,43.718839,2020,17.0,200.0,MEDITERRANEAN,France,515.0,945971,POINT (7.140241 43.718839),True
17358,3.815265,43.602939,2020,9.0,16.0,MEDITERRANEAN,France,5882.0,946967,POINT (3.815265 43.602939),True
17381,6.52904,43.2051,2020,10.0,50.0,MEDITERRANEAN,France,6141.0,949164,POINT (6.52904 43.2051),True
17397,3.8998,44.5902,2018,1.0,,CONTINENTAL,France,8428.0,949675,POINT (3.8998 44.5902),True
17404,4.70145,43.7751,2021,10.0,300.0,MEDITERRANEAN,France,11157.0,949690,POINT (4.70145 43.7751),True
17415,6.446452,43.27033,2021,5.0,16.0,MEDITERRANEAN,France,540.0,950391,POINT (6.446452 43.27033),True
17435,5.573625,43.178262,2021,10.0,100.0,MEDITERRANEAN,France,476.0,950608,POINT (5.573625 43.178262),True
17451,3.017825,42.831935,2018,10.0,16.0,MEDITERRANEAN,France,9304.0,951026,POINT (3.017825 42.831935),True
17468,6.48206,43.1676,2020,10.0,10.0,MEDITERRANEAN,France,11132.0,951944,POINT (6.48206 43.1676),True
17483,5.71202,43.44138,2021,10.0,200.0,MEDITERRANEAN,France,3935.0,952165,POINT (5.71202 43.44138),True
17510,4.850268,43.719773,2018,0.0,-inf,MEDITERRANEAN,France,9458.0,952870,POINT (4.850268 43.719773),True
17530,5.19556,43.366124,2021,5.0,50.0,MEDITERRANEAN,France,6264.0,953846,POINT (5.19556 43.366124),True
17554,6.019795,43.122075,2018,0.0,200.0,MEDITERRANEAN,France,9714.0,954508,POINT (6.019795 43.122075),True
17578,2.859682,43.045334,2021,5.0,4.0,MEDITERRANEAN,France,2761.0,955166,POINT (2.859682 43.045334),True
17579,3.517397,43.320468,2017,10.0,-inf,MEDITERRANEAN,France,7955.0,958425,POINT (3.517397 43.320468),True
17580,3.263066,43.22987,2019,10.0,-inf,MEDITERRANEAN,France,4130.0,958748,POINT (3.263066 43.22987),True
17590,3.718682,44.126508,2017,0.0,-inf,MEDITERRANEAN,France,11157.0,959674,POINT (3.718682 44.126508),True
17608,5.72214,43.67682,2021,10.0,100.0,MEDITERRANEAN,France,6275.0,961823,POINT (5.72214 43.67682),True
17624,6.556529,43.188732,2019,10.0,20.0,MEDITERRANEAN,France,8924.0,961839,POINT (6.556529 43.188732),True
17634,3.79387,44.126395,2017,0.0,-inf,MEDITERRANEAN,France,661.0,961930,POINT (3.79387 44.126395),True
17644,4.69062,44.23425,2018,1.0,,MEDITERRANEAN,France,6925.0,962423,POINT (4.69062 44.23425),True
17657,4.675314,43.495894,2018,0.0,100.0,MEDITERRANEAN,France,4541.0,963126,POINT (4.675314 43.495894),True
17672,2.062139,42.824333,2017,10.0,200.0,MEDITERRANEAN,France,2569.0,963213,POINT (2.062139 42.824333),True
17697,3.387339,43.908713,2021,5.0,100.0,MEDITERRANEAN,France,6226.0,963397,POINT (3.387339 43.908713),True
17716,3.895347,43.538646,2021,5.0,50.0,MEDITERRANEAN,France,2075.0,964079,POINT (3.895347 43.538646),True
17720,4.800271,43.511337,2021,4.0,10.0,MEDITERRANEAN,France,5928.0,964964,POINT (4.800271 43.511337),True
17726,3.037887,42.777133,2018,10.0,16.0,MEDITERRANEAN,France,9328.0,965308,POINT (3.037887 42.777133),True
17734,2.29008,43.00126,2017,1.0,,MEDITERRANEAN,France,661.0,967035,POINT (2.29008 43.00126),True
17753,7.075476,43.779188,2020,6.0,16.0,MEDITERRANEAN,France,222.0,967055,POINT (7.075476 43.779188),True
17777,7.095015,43.793708,2020,3.0,2.0,MEDITERRANEAN,France,3402.0,970929,POINT (7.095015 43.793708),True
17803,5.668107,43.318689,2017,0.0,4.0,MEDITERRANEAN,France,272.0,971058,POINT (5.668107 43.318689),True
17817,5.687395,43.358761,2017,0.0,8.0,MEDITERRANEAN,France,1894.0,971330,POINT (5.687395 43.358761),True
17843,4.402228,43.533009,2018,10.0,2.0,MEDITERRANEAN,France,7315.0,973274,POINT (4.402228 43.533009),True
17850,6.428739,43.272127,2020,4.0,200.0,MEDITERRANEAN,France,1910.0,973644,POINT (6.428739 43.272127),True
17873,3.523699,43.321112,2017,10.0,-inf,MEDITERRANEAN,France,6279.0,974736,POINT (3.523699 43.321112),True
17874,5.389806,43.274467,2017,0.0,4.0,MEDITERRANEAN,France,3466.0,977000,POINT (5.389806 43.274467),True
17886,2.73602,42.988171,2021,4.0,200.0,MEDITERRANEAN,France,9771.0,978484,POINT (2.73602 42.988171),True
17931,6.48371,43.1709,2020,10.0,-inf,MEDITERRANEAN,France,2386.0,978701,POINT (6.48371 43.1709),True
17934,3.102065,44.60032,2017,0.0,25.0,CONTINENTAL,France,7618.0,979627,POINT (3.102065 44.60032),True
17960,5.47931,43.9819,2020,10.0,-inf,MEDITERRANEAN,France,3639.0,981320,POINT (5.47931 43.9819),True
17994,6.929428,43.476008,2018,0.0,-inf,MEDITERRANEAN,France,9458.0,981629,POINT (6.929428 43.476008),True
18002,3.522317,43.319545,2017,10.0,-inf,MEDITERRANEAN,France,7955.0,981678,POINT (3.522317 43.319545),True
18003,7.086803,43.780528,2020,4.0,200.0,MEDITERRANEAN,France,694.0,982795,POINT (7.086803 43.780528),True
18052,5.483007,43.511361,2017,0.0,100.0,MEDITERRANEAN,France,10305.0,983232,POINT (5.483007 43.511361),True
18081,4.32788,43.88171,2019,1.0,,MEDITERRANEAN,France,9513.0,983503,POINT (4.32788 43.88171),True
18096,4.78984,44.21408,2019,1.0,,MEDITERRANEAN,France,3669.0,983672,POINT (4.78984 44.21408),True
18112,6.019145,43.121851,2018,0.0,30.0,MEDITERRANEAN,France,7054.0,984590,POINT (6.019145 43.121851),True
18129,5.40276,43.98265,2018,1.0,,MEDITERRANEAN,France,9873.0,985743,POINT (5.40276 43.98265),True
18154,5.272419,43.693809,2017,0.0,-inf,MEDITERRANEAN,France,10278.0,985797,POINT (5.272419 43.693809),True
18164,3.815627,43.619649,2021,5.0,16.0,MEDITERRANEAN,France,4349.0,986810,POINT (3.815627 43.619649),True
18188,5.615595,43.243792,2017,0.0,40.0,MEDITERRANEAN,France,9458.0,988241,POINT (5.615595 43.243792),True
18206,3.037952,42.744943,2018,10.0,16.0,MEDITERRANEAN,France,5799.0,988342,POINT (3.037952 42.744943),True
18214,3.750449,44.085936,2017,0.0,-inf,MEDITERRANEAN,France,5071.0,990033,POINT (3.750449 44.085936),True
18224,5.9091,43.277542,2020,4.0,50.0,MEDITERRANEAN,France,2474.0,990790,POINT (5.9091 43.277542),True
18249,3.49525,44.50526,2017,1.0,,CONTINENTAL,France,10946.0,992929,POINT (3.49525 44.50526),True
18294,3.82611,43.70993,2019,1.0,,MEDITERRANEAN,France,7990.0,992964,POINT (3.82611 43.70993),True
18316,7.08941,43.7993,2019,10.0,50.0,MEDITERRANEAN,France,5398.0,993397,POINT (7.08941 43.7993),True
18357,2.0725,42.40822,2019,1.0,,ALPINE,Spain,843.0,994378,POINT (2.0725 42.40822),True
18381,6.027394,43.115823,2018,0.0,100.0,MEDITERRANEAN,France,340.0,994941,POINT (6.027394 43.115823),True
18411,4.45587,43.6125,2019,10.0,100.0,MEDITERRANEAN,France,3051.0,996599,POINT (4.45587 43.6125),True
18415,3.818029,44.146667,2017,0.0,-inf,MEDITERRANEAN,France,6235.0,996884,POINT (3.818029 44.146667),True
18428,6.48917,43.168,2020,10.0,50.0,MEDITERRANEAN,France,3669.0,998603,POINT (6.48917 43.168),True
18448,3.519894,43.324054,2017,10.0,-inf,MEDITERRANEAN,France,7955.0,999540,POINT (3.519894 43.324054),True
18449,3.519454,43.317597,2017,10.0,-inf,MEDITERRANEAN,France,6279.0,1003516,POINT (3.519454 43.317597),True
18450,6.755979,43.509129,2021,5.0,25.0,MEDITERRANEAN,France,3669.0,1003973,POINT (6.755979 43.509129),True
18465,3.878626,44.126009,2017,0.0,-inf,MEDITERRANEAN,France,7318.0,1005977,POINT (3.878626 44.126009),True
18477,4.842699,43.493458,2017,0.0,30.0,MEDITERRANEAN,France,10073.0,1006433,POINT (4.842699 43.493458),True
18491,5.585356,43.169534,2017,0.0,25.0,MEDITERRANEAN,France,9513.0,1007067,POINT (5.585356 43.169534),True
18501,4.060549,43.85682,2021,5.0,250.0,MEDITERRANEAN,France,3865.0,1007418,POINT (4.060549 43.85682),True
18518,4.95581,44.0562,2020,10.0,20.0,MEDITERRANEAN,France,2684.0,1008215,POINT (4.95581 44.0562),True
18529,7.09313,43.793949,2020,3.0,2.0,MEDITERRANEAN,France,1014.0,1008437,POINT (7.09313 43.793949),True
18548,5.73005,43.70642,2021,10.0,200.0,MEDITERRANEAN,France,1858.0,1008881,POINT (5.73005 43.70642),True
18569,7.4374,43.87018,2019,1.0,,MEDITERRANEAN,France,1539.0,1009185,POINT (7.4374 43.87018),True
18600,3.031732,42.748614,2018,10.0,16.0,MEDITERRANEAN,France,1587.0,1009523,POINT (3.031732 42.748614),True
18609,3.030614,42.756428,2018,10.0,16.0,MEDITERRANEAN,France,8075.0,1009636,POINT (3.030614 42.756428),True
18622,3.050641,42.887911,2018,10.0,16.0,MEDITERRANEAN,France,4659.0,1009690,POINT (3.050641 42.887911),True
18632,3.876006,43.501675,2021,5.0,25.0,MEDITERRANEAN,France,11222.0,1010051,POINT (3.876006 43.501675),True
18641,3.365511,43.759249,2019,0.0,50.0,MEDITERRANEAN,France,7971.0,1011442,POINT (3.365511 43.759249),True
18659,6.25594,43.3433,2017,1.0,,MEDITERRANEAN,France,4326.0,1011735,POINT (6.25594 43.3433),True
18679,2.266667,43.416667,2017,10.0,50.0,CONTINENTAL,France,1888.0,1012159,POINT (2.266667 43.416667),True
18687,5.73171,43.64897,2018,1.0,,MEDITERRANEAN,France,1525.0,1012985,POINT (5.73171 43.64897),True
18702,3.084614,43.198844,2021,6.0,100.0,MEDITERRANEAN,France,4530.0,1013140,POINT (3.084614 43.198844),True
18715,7.075322,43.779127,2020,4.0,50.0,MEDITERRANEAN,France,9766.0,1015925,POINT (7.075322 43.779127),True
18753,3.87362,43.537896,2020,3.0,16.0,MEDITERRANEAN,France,6141.0,1019388,POINT (3.87362 43.537896),True
18763,7.06489,43.7518,2019,10.0,-inf,MEDITERRANEAN,France,3586.0,1021315,POINT (7.06489 43.7518),True
18780,6.602128,43.182132,2019,0.0,200.0,MEDITERRANEAN,France,4477.0,1021513,POINT (6.602128 43.182132),True
18796,3.315151,43.869266,2019,0.0,50.0,MEDITERRANEAN,France,2386.0,1021726,POINT (3.315151 43.869266),True
18821,3.513693,43.319586,2017,10.0,-inf,MEDITERRANEAN,France,7955.0,1022108,POINT (3.513693 43.319586),True
18822,3.85232,43.76351,2019,1.0,,MEDITERRANEAN,France,2429.0,1023137,POINT (3.85232 43.76351),True
18846,3.32737,43.53586,2019,1.0,,MEDITERRANEAN,France,9572.0,1023429,POINT (3.32737 43.53586),True
18864,4.337713,43.456996,2017,0.0,16.0,MEDITERRANEAN,France,10893.0,1024468,POINT (4.337713 43.456996),True
18872,6.473023,43.670308,2018,10.0,12.0,MEDITERRANEAN,France,9486.0,1024577,POINT (6.473023 43.670308),True
18880,3.52359,43.324036,2017,10.0,-inf,MEDITERRANEAN,France,6279.0,1024813,POINT (3.52359 43.324036),True
18882,3.036889,42.733778,2017,10.0,10.0,MEDITERRANEAN,France,669.0,1025850,POINT (3.036889 42.733778),True
18893,3.034528,42.643028,2019,10.0,-inf,MEDITERRANEAN,France,8206.0,1026904,POINT (3.034528 42.643028),True
18941,3.050713,42.886553,2018,10.0,16.0,MEDITERRANEAN,France,3441.0,1027683,POINT (3.050713 42.886553),True
18957,6.70261,43.70415,2017,1.0,,MEDITERRANEAN,France,3043.0,1028534,POINT (6.70261 43.70415),True
18977,7.136538,44.006589,2020,18.0,10.0,MEDITERRANEAN,France,5804.0,1028883,POINT (7.136538 44.006589),True
18988,4.779296,43.350455,2017,0.0,4.0,MEDITERRANEAN,France,2325.0,1029691,POINT (4.779296 43.350455),True
18993,3.616667,43.617603,2021,6.0,250.0,MEDITERRANEAN,France,11157.0,1030206,POINT (3.616667 43.617603),True
19012,3.288854,44.075441,2021,5.0,250.0,MEDITERRANEAN,France,6226.0,1031059,POINT (3.288854 44.075441),True
19025,7.113023,43.818598,2020,10.0,10.0,MEDITERRANEAN,France,6048.0,1031227,POINT (7.113023 43.818598),True
19038,6.78987,43.696405,2021,5.0,-inf,MEDITERRANEAN,France,11193.0,1031539,POINT (6.78987 43.696405),True
19066,5.10828,43.7276,2021,10.0,100.0,MEDITERRANEAN,France,10520.0,1031725,POINT (5.10828 43.7276),True
19080,1.952072,42.518174,2018,10.0,12.0,ALPINE,France,11122.0,1032252,POINT (1.952072 42.518174),True
19098,7.39799,43.974,2019,10.0,600.0,ALPINE,France,5022.0,1032681,POINT (7.39799 43.974),True
19144,5.652331,43.631389,2017,0.0,8.0,MEDITERRANEAN,France,1858.0,1032835,POINT (5.652331 43.631389),True
19155,6.120282,43.0357,2017,10.0,100.0,MEDITERRANEAN,France,3935.0,1032874,POINT (6.120282 43.0357),True
19172,3.817613,43.593851,2021,5.0,16.0,MEDITERRANEAN,France,2949.0,1036215,POINT (3.817613 43.593851),True
19187,1.972222,42.864917,2017,10.0,-inf,ALPINE,France,6079.0,1036991,POINT (1.972222 42.864917),True
19198,4.81027,44.0659,2020,10.0,10.0,MEDITERRANEAN,France,5868.0,1037141,POINT (4.81027 44.0659),True
19216,2.4367,42.8575,2019,1.0,,MEDITERRANEAN,France,6235.0,1037508,POINT (2.4367 42.8575),True
19240,5.650863,43.5404,2017,0.0,250.0,MEDITERRANEAN,France,3049.0,1038386,POINT (5.650863 43.5404),True
19251,5.98937,43.105,2019,10.0,20.0,MEDITERRANEAN,France,3019.0,1038472,POINT (5.98937 43.105),True
19269,6.69366,43.4451,2020,10.0,200.0,MEDITERRANEAN,France,4653.0,1038833,POINT (6.69366 43.4451),True
19296,3.68594,44.07141,2018,1.0,,MEDITERRANEAN,France,5412.0,1039006,POINT (3.68594 44.07141),True
19314,4.41227,44.14994,2017,1.0,,MEDITERRANEAN,France,3251.0,1041543,POINT (4.41227 44.14994),True
19323,3.694896,44.102548,2017,0.0,-inf,MEDITERRANEAN,France,661.0,1042559,POINT (3.694896 44.102548),True
19331,6.171687,43.032901,2017,10.0,50.0,MEDITERRANEAN,France,2634.0,1044065,POINT (6.171687 43.032901),True
19344,6.49322,43.1692,2020,10.0,-inf,MEDITERRANEAN,France,11193.0,1044210,POINT (6.49322 43.1692),True
19353,4.335711,43.460674,2017,0.0,4.0,MEDITERRANEAN,France,2539.0,1044415,POINT (4.335711 43.460674),True
19368,3.348294,43.27228,2017,0.0,16.0,MEDITERRANEAN,France,9513.0,1045293,POINT (3.348294 43.27228),True
19383,2.077778,42.845194,2017,10.0,-inf,MEDITERRANEAN,France,10073.0,1046251,POINT (2.077778 42.845194),True
19427,3.521085,43.319551,2017,10.0,-inf,MEDITERRANEAN,France,7955.0,1046910,POINT (3.521085 43.319551),True
19428,3.752521,44.213367,2017,0.0,-inf,MEDITERRANEAN,France,2474.0,1048063,POINT (3.752521 44.213367),True
19445,6.43296,43.1548,2020,10.0,10.0,MEDITERRANEAN,France,5249.0,1048166,POINT (6.43296 43.1548),True
19452,6.600924,43.783334,2021,6.0,-inf,MEDITERRANEAN,France,10485.0,1048787,POINT (6.600924 43.783334),True
19488,5.88362,43.30224,2017,1.0,,MEDITERRANEAN,France,5721.0,1049675,POINT (5.88362 43.30224),True
19503,3.87762,43.540586,2021,5.0,50.0,MEDITERRANEAN,France,7576.0,1049898,POINT (3.87762 43.540586),True
19518,5.18137,43.7377,2019,10.0,30.0,MEDITERRANEAN,France,146.0,1050181,POINT (5.18137 43.7377),True
19536,3.033667,42.6695,2019,10.0,-inf,MEDITERRANEAN,France,8332.0,1050311,POINT (3.033667 42.6695),True
19543,1.975556,42.865389,2017,10.0,1.0,ALPINE,France,10255.0,1051632,POINT (1.975556 42.865389),True
19556,3.038326,42.775631,2018,10.0,16.0,MEDITERRANEAN,France,5799.0,1052782,POINT (3.038326 42.775631),True
19565,3.878699,43.502894,2020,3.0,50.0,MEDITERRANEAN,France,1959.0,1054103,POINT (3.878699 43.502894),True
19570,5.585564,43.16925,2017,0.0,100.0,MEDITERRANEAN,France,3935.0,1054377,POINT (5.585564 43.16925),True
19578,3.823726,44.179209,2017,0.0,-inf,MEDITERRANEAN,France,981.0,1054921,POINT (3.823726 44.179209),True
19588,3.519951,43.330351,2017,10.0,-inf,MEDITERRANEAN,France,7955.0,1055237,POINT (3.519951 43.330351),True
19589,7.145551,43.682247,2021,5.0,50.0,MEDITERRANEAN,France,180.0,1055423,POINT (7.145551 43.682247),True
19618,3.050639,42.892944,2017,10.0,-inf,MEDITERRANEAN,France,10993.0,1055621,POINT (3.050639 42.892944),True
19629,6.096004,43.135143,2018,0.0,20.0,MEDITERRANEAN,France,5076.0,1056539,POINT (6.096004 43.135143),True
19661,4.334146,43.470951,2017,0.0,10.0,MEDITERRANEAN,France,351.0,1057538,POINT (4.334146 43.470951),True
19686,6.0528,43.089957,2019,0.0,40.0,MEDITERRANEAN,France,6874.0,1058020,POINT (6.0528 43.089957),True
19716,5.586652,43.169107,2018,0.0,200.0,MEDITERRANEAN,France,4431.0,1060114,POINT (5.586652 43.169107),True
19737,3.00014,43.01719,2019,1.0,,MEDITERRANEAN,France,10909.0,1060678,POINT (3.00014 43.01719),True
19756,6.603919,43.177309,2019,10.0,100.0,MEDITERRANEAN,France,3642.0,1061022,POINT (6.603919 43.177309),True
19776,6.561675,43.192957,2019,10.0,-inf,MEDITERRANEAN,France,3654.0,1061798,POINT (6.561675 43.192957),True
19789,5.169173,43.39893,2017,0.0,20.0,MEDITERRANEAN,France,8924.0,1063163,POINT (5.169173 43.39893),True
19814,5.483568,43.945369,2021,5.0,-inf,MEDITERRANEAN,France,9541.0,1063905,POINT (5.483568 43.945369),True
19826,6.928243,43.492174,2020,10.0,-inf,MEDITERRANEAN,France,1497.0,1064791,POINT (6.928243 43.492174),True
19844,3.07064,43.142195,2021,5.0,100.0,MEDITERRANEAN,France,2634.0,1066199,POINT (3.07064 43.142195),True
19861,6.02735,43.1159,2020,10.0,-inf,MEDITERRANEAN,France,5994.0,1067085,POINT (6.02735 43.1159),True
19880,3.711967,44.202026,2017,0.0,-inf,MEDITERRANEAN,France,661.0,1067826,POINT (3.711967 44.202026),True
19894,5.605367,43.161223,2019,10.0,100.0,MEDITERRANEAN,France,3019.0,1068184,POINT (5.605367 43.161223),True
19907,4.842996,44.007426,2018,10.0,-inf,MEDITERRANEAN,France,822.0,1068500,POINT (4.842996 44.007426),True
19916,3.038391,42.708824,2020,10.0,40.0,MEDITERRANEAN,France,2926.0,1069495,POINT (3.038391 42.708824),True
19925,2.28975,43.39659,2017,1.0,,CONTINENTAL,France,1888.0,1071172,POINT (2.28975 43.39659),True
19938,3.299048,43.365005,2021,5.0,200.0,MEDITERRANEAN,France,8462.0,1073143,POINT (3.299048 43.365005),True
19983,2.1,42.85,2017,10.0,50.0,ALPINE,France,1986.0,1073929,POINT (2.1 42.85),True
19998,2.56094,43.41434,2017,1.0,,CONTINENTAL,France,2386.0,1073941,POINT (2.56094 43.41434),True
20010,3.522707,43.319003,2017,10.0,-inf,MEDITERRANEAN,France,6279.0,1074328,POINT (3.522707 43.319003),True
20011,5.09167,43.34,2021,10.0,200.0,MEDITERRANEAN,France,8208.0,1074536,POINT (5.09167 43.34),True
20025,2.316667,42.933333,2018,10.0,-inf,MEDITERRANEAN,France,6689.0,1076476,POINT (2.316667 42.933333),True
20035,5.508868,43.406559,2017,0.0,6.0,MEDITERRANEAN,France,8782.0,1076666,POINT (5.508868 43.406559),True
20044,3.211585,43.47303,2020,4.0,50.0,MEDITERRANEAN,France,2722.0,1078475,POINT (3.211585 43.47303),True
20094,5.349966,43.227735,2018,0.0,100.0,MEDITERRANEAN,France,9458.0,1078567,POINT (5.349966 43.227735),True
20109,4.196367,43.466267,2020,10.0,50.0,MEDITERRANEAN,France,8661.0,1079358,POINT (4.196367 43.466267),True
20117,6.09619,43.10289,2020,10.0,60.0,MEDITERRANEAN,France,7054.0,1083382,POINT (6.09619 43.10289),True
20134,3.84032,44.24925,2019,1.0,,MEDITERRANEAN,France,2783.0,1084794,POINT (3.84032 44.24925),True
20149,4.986112,44.263278,2021,5.0,-inf,MEDITERRANEAN,France,982.0,1085261,POINT (4.986112 44.263278),True
20168,6.798024,44.2811,2018,0.0,9.0,ALPINE,France,2630.0,1086717,POINT (6.798024 44.2811),True
20185,3.519942,43.329452,2017,10.0,-inf,MEDITERRANEAN,France,7955.0,1087348,POINT (3.519942 43.329452),True
20187,6.797925,43.564197,2021,5.0,200.0,MEDITERRANEAN,France,4525.0,1087585,POINT (6.797925 43.564197),True
20189,5.704592,43.691387,2018,0.0,100.0,MEDITERRANEAN,France,10364.0,1087668,POINT (5.704592 43.691387),True
20207,6.910911,43.498313,2020,5.0,-inf,MEDITERRANEAN,France,509.0,1088982,POINT (6.910911 43.498313),True
20230,4.61383,43.966847,2021,4.0,250.0,MEDITERRANEAN,France,11157.0,1089956,POINT (4.61383 43.966847),True
20244,5.71407,43.46478,2021,10.0,200.0,MEDITERRANEAN,France,10948.0,1091739,POINT (5.71407 43.46478),True
20285,1.988304,42.521454,2018,0.0,4.0,ALPINE,France,9024.0,1092301,POINT (1.988304 42.521454),True
20297,5.23868,44.18508,2019,1.0,,MEDITERRANEAN,France,3043.0,1092444,POINT (5.23868 44.18508),True
20305,3.013395,42.799439,2018,10.0,16.0,MEDITERRANEAN,France,9328.0,1096069,POINT (3.013395 42.799439),True
20316,3.524839,43.32583,2017,10.0,-inf,MEDITERRANEAN,France,7955.0,1096950,POINT (3.524839 43.32583),True
20317,6.67509,43.7651,2019,10.0,-inf,MEDITERRANEAN,France,544.0,1097018,POINT (6.67509 43.7651),True
20358,6.52067,43.1654,2020,10.0,-inf,MEDITERRANEAN,France,7777.0,1097386,POINT (6.52067 43.1654),True
20368,7.10137,43.72335,2019,1.0,,MEDITERRANEAN,France,1254.0,1097949,POINT (7.10137 43.72335),True
20391,5.277674,43.535193,2017,0.0,16.0,MEDITERRANEAN,France,5499.0,1098268,POINT (5.277674 43.535193),True
20406,3.893538,43.51105,2020,10.0,40.0,MEDITERRANEAN,France,5799.0,1098563,POINT (3.893538 43.51105),True
20416,5.683874,43.297456,2021,5.0,6.0,MEDITERRANEAN,France,2990.0,1098823,POINT (5.683874 43.297456),True
20430,7.154228,43.655693,2021,4.0,16.0,MEDITERRANEAN,France,4525.0,1100910,POINT (7.154228 43.655693),True
20488,5.32717,43.96676,2017,1.0,,MEDITERRANEAN,France,3937.0,1101276,POINT (5.32717 43.96676),True
20505,6.726726,43.457492,2020,4.0,-inf,MEDITERRANEAN,France,5334.0,1101456,POINT (6.726726 43.457492),True
20541,2.120278,42.522528,2018,10.0,50.0,ALPINE,France,1133.0,1102399,POINT (2.120278 42.522528),True
20558,6.3223,43.1983,2021,10.0,3.0,MEDITERRANEAN,France,3195.0,1102993,POINT (6.3223 43.1983),True
20573,3.507022,44.58318,2017,0.0,-inf,CONTINENTAL,France,8542.0,1103236,POINT (3.507022 44.58318),True
20597,5.00822,43.3762,2021,10.0,200.0,MEDITERRANEAN,France,3466.0,1103330,POINT (5.00822 43.3762),True
20616,5.59063,43.34748,2017,1.0,,MEDITERRANEAN,France,9936.0,1103621,POINT (5.59063 43.34748),True
20643,5.436147,43.20751,2018,0.0,100.0,MEDITERRANEAN,France,3696.0,1104401,POINT (5.436147 43.20751),True
20654,3.673789,43.798985,2018,10.0,20.0,MEDITERRANEAN,France,7227.0,1105403,POINT (3.673789 43.798985),True
20658,6.770558,43.548102,2020,4.0,-inf,MEDITERRANEAN,France,7259.0,1105589,POINT (6.770558 43.548102),True
20698,5.313166,43.515738,2017,0.0,30.0,MEDITERRANEAN,France,6837.0,1106336,POINT (5.313166 43.515738),True
20718,5.650864,43.246406,2018,0.0,1.0,MEDITERRANEAN,France,3839.0,1106887,POINT (5.650864 43.246406),True
20723,7.11039,43.83102,2017,1.0,,MEDITERRANEAN,France,2474.0,1107318,POINT (7.11039 43.83102),True
20739,3.052677,42.894654,2018,10.0,16.0,MEDITERRANEAN,France,5876.0,1107439,POINT (3.052677 42.894654),True
20749,6.34924,43.2328,2021,10.0,20.0,MEDITERRANEAN,France,8340.0,1107835,POINT (6.34924 43.2328),True
20758,5.919027,43.274299,2020,3.0,50.0,MEDITERRANEAN,France,3251.0,1107984,POINT (5.919027 43.274299),True
20781,3.226238,43.205189,2019,10.0,-inf,MEDITERRANEAN,France,3837.0,1108846,POINT (3.226238 43.205189),True
20786,3.71306,44.16099,2019,1.0,,MEDITERRANEAN,France,661.0,1111718,POINT (3.71306 44.16099),True
20793,1.963972,42.743194,2017,10.0,30.0,ALPINE,France,6352.0,1112888,POINT (1.963972 42.743194),True
20815,3.649184,44.120371,2017,0.0,-inf,MEDITERRANEAN,France,10268.0,1116179,POINT (3.649184 44.120371),True
20836,3.778467,43.464053,2021,5.0,25.0,MEDITERRANEAN,France,9890.0,1117239,POINT (3.778467 43.464053),True
20838,2.787507,42.994113,2020,4.0,50.0,MEDITERRANEAN,France,9572.0,1118067,POINT (2.787507 42.994113),True
20865,6.109777,43.03658,2017,0.0,300.0,MEDITERRANEAN,France,11089.0,1118105,POINT (6.109777 43.03658),True
20884,6.31287,43.3568,2020,10.0,200.0,MEDITERRANEAN,France,2500.0,1118663,POINT (6.31287 43.3568),True
20898,3.65149,44.73737,2017,1.0,,CONTINENTAL,France,8428.0,1118942,POINT (3.65149 44.73737),True
20914,5.277126,43.535411,2017,0.0,25.0,MEDITERRANEAN,France,8654.0,1119353,POINT (5.277126 43.535411),True
20931,5.14139,44.1619,2020,10.0,50.0,MEDITERRANEAN,France,1519.0,1120646,POINT (5.14139 44.1619),True
20937,6.91095,43.508839,2020,10.0,-inf,MEDITERRANEAN,France,5946.0,1120715,POINT (6.91095 43.508839),True
20958,3.513685,43.318686,2017,10.0,-inf,MEDITERRANEAN,France,7955.0,1121174,POINT (3.513685 43.318686),True
20959,3.037278,42.7365,2019,10.0,-inf,MEDITERRANEAN,France,9877.0,1121302,POINT (3.037278 42.7365),True
20978,3.044109,43.520149,2021,5.0,250.0,MEDITERRANEAN,France,10600.0,1122030,POINT (3.044109 43.520149),True
20984,3.84781,43.48522,2020,3.0,16.0,MEDITERRANEAN,France,9513.0,1125324,POINT (3.84781 43.48522),True
20990,4.343012,44.161049,2021,5.0,250.0,MEDITERRANEAN,France,9921.0,1125378,POINT (4.343012 44.161049),True
21003,3.880809,43.5477,2021,4.0,16.0,MEDITERRANEAN,France,1314.0,1126800,POINT (3.880809 43.5477),True
21014,2.003942,42.625731,2017,0.0,12.0,ALPINE,France,6905.0,1127296,POINT (2.003942 42.625731),True
21016,6.60059,43.2166,2019,10.0,25.0,MEDITERRANEAN,France,7380.0,1127982,POINT (6.60059 43.2166),True
21063,4.463258,44.284472,2019,0.0,25.0,MEDITERRANEAN,France,4530.0,1128795,POINT (4.463258 44.284472),True
21085,4.841972,43.493911,2017,0.0,25.0,MEDITERRANEAN,France,2055.0,1129358,POINT (4.841972 43.493911),True
21090,5.026895,43.343256,2017,10.0,40.0,MEDITERRANEAN,France,7770.0,1129506,POINT (5.026895 43.343256),True
21110,2.58139,42.42623,2018,1.0,,MEDITERRANEAN,Spain,4871.0,1130682,POINT (2.58139 42.42623),True
21147,3.198717,43.527797,2020,5.0,4.0,MEDITERRANEAN,France,7295.0,1131913,POINT (3.198717 43.527797),True
21151,3.751368,43.920466,2021,5.0,250.0,MEDITERRANEAN,France,3251.0,1131938,POINT (3.751368 43.920466),True
21168,3.895373,43.511867,2018,10.0,16.0,MEDITERRANEAN,France,1531.0,1133594,POINT (3.895373 43.511867),True
21169,3.200226,44.62966,2017,0.0,25.0,CONTINENTAL,France,9072.0,1133719,POINT (3.200226 44.62966),True
21195,5.67646,43.352551,2017,0.0,15.0,MEDITERRANEAN,France,10904.0,1137381,POINT (5.67646 43.352551),True
21232,5.45243,43.379446,2018,10.0,20.0,MEDITERRANEAN,France,1304.0,1137438,POINT (5.45243 43.379446),True
21248,5.115786,44.134391,2021,10.0,10.0,MEDITERRANEAN,France,6643.0,1138598,POINT (5.115786 44.134391),True
21254,3.524863,43.328528,2017,10.0,-inf,MEDITERRANEAN,France,7955.0,1139967,POINT (3.524863 43.328528),True
21255,5.235036,43.623867,2021,5.0,100.0,MEDITERRANEAN,France,4341.0,1140334,POINT (5.235036 43.623867),True
21262,6.757557,43.507994,2021,5.0,2.0,MEDITERRANEAN,France,4013.0,1140513,POINT (6.757557 43.507994),True
21269,7.12762,43.7402,2017,1.0,,MEDITERRANEAN,France,4530.0,1141361,POINT (7.12762 43.7402),True
21285,5.163856,43.398019,2017,0.0,20.0,MEDITERRANEAN,France,9555.0,1142016,POINT (5.163856 43.398019),True
21296,3.347012,43.272032,2017,0.0,16.0,MEDITERRANEAN,France,1734.0,1143114,POINT (3.347012 43.272032),True
21313,5.19882,43.374375,2021,5.0,-inf,MEDITERRANEAN,France,1176.0,1145851,POINT (5.19882 43.374375),True
21348,5.60549,43.237583,2017,0.0,40.0,MEDITERRANEAN,France,1160.0,1147030,POINT (5.60549 43.237583),True
21377,7.47406,44.08285,2021,0.0,5.0,ALPINE,France,2184.0,1150522,POINT (7.47406 44.08285),True
21392,5.511608,43.405694,2017,0.0,30.0,MEDITERRANEAN,France,1162.0,1150784,POINT (5.511608 43.405694),True
21404,3.198629,43.527903,2020,4.0,50.0,MEDITERRANEAN,France,5829.0,1150995,POINT (3.198629 43.527903),True
21441,3.96177,44.1216,2018,1.0,,MEDITERRANEAN,France,51.0,1151045,POINT (3.96177 44.1216),True
21470,5.54899,43.530571,2017,0.0,20.0,MEDITERRANEAN,France,9412.0,1152012,POINT (5.54899 43.530571),True
21480,3.991811,43.966524,2021,5.0,250.0,MEDITERRANEAN,France,5412.0,1153367,POINT (3.991811 43.966524),True
21494,5.99708,43.25034,2020,6.0,50.0,MEDITERRANEAN,France,2885.0,1155055,POINT (5.99708 43.25034),True
21498,5.62022,43.6649,2019,10.0,200.0,MEDITERRANEAN,France,5704.0,1155430,POINT (5.62022 43.6649),True
21511,1.973056,42.864889,2017,10.0,-inf,ALPINE,France,2025.0,1155722,POINT (1.973056 42.864889),True
21524,4.828963,43.351589,2017,0.0,150.0,MEDITERRANEAN,France,3625.0,1156015,POINT (4.828963 43.351589),True
21532,7.08283,43.7496,2019,10.0,100.0,MEDITERRANEAN,France,7326.0,1157210,POINT (7.08283 43.7496),True
21565,5.10837,43.7279,2021,10.0,100.0,MEDITERRANEAN,France,6264.0,1159059,POINT (5.10837 43.7279),True
21587,2.975891,43.072049,2021,5.0,50.0,MEDITERRANEAN,France,8027.0,1159731,POINT (2.975891 43.072049),True
21590,6.0797,43.1045,2019,10.0,-inf,MEDITERRANEAN,France,7406.0,1159860,POINT (6.0797 43.1045),True
21614,2.43695,43.00122,2018,1.0,,MEDITERRANEAN,France,140.0,1160416,POINT (2.43695 43.00122),True
21641,5.373834,43.209007,2019,10.0,100.0,MEDITERRANEAN,France,8332.0,1160627,POINT (5.373834 43.209007),True
21653,5.10365,44.1864,2021,10.0,40.0,MEDITERRANEAN,France,7770.0,1160731,POINT (5.10365 44.1864),True
21672,3.038931,43.63034,2020,6.0,400.0,MEDITERRANEAN,France,4498.0,1162346,POINT (3.038931 43.63034),True
21679,4.122969,43.865344,2021,5.0,100.0,MEDITERRANEAN,France,876.0,1162727,POINT (4.122969 43.865344),True
21690,1.883333,42.833333,2018,10.0,50.0,ALPINE,France,6689.0,1162857,POINT (1.883333 42.833333),True
21748,4.556509,43.96521,2021,4.0,250.0,MEDITERRANEAN,France,2282.0,1162875,POINT (4.556509 43.96521),True
21763,2.67855,42.46187,2018,1.0,,MEDITERRANEAN,France,5474.0,1163622,POINT (2.67855 42.46187),True
21783,3.757112,44.197232,2017,0.0,-inf,MEDITERRANEAN,France,11157.0,1164926,POINT (3.757112 44.197232),True
21802,6.360324,43.253717,2019,10.0,10.0,MEDITERRANEAN,France,8091.0,1165494,POINT (6.360324 43.253717),True
21811,1.975556,42.865389,2018,10.0,0.5,ALPINE,France,10255.0,1165679,POINT (1.975556 42.865389),True
21814,7.122627,43.843888,2020,4.0,-inf,MEDITERRANEAN,France,2246.0,1165932,POINT (7.122627 43.843888),True
21837,3.797835,44.228251,2017,0.0,-inf,MEDITERRANEAN,France,10600.0,1166602,POINT (3.797835 44.228251),True
21862,2.694519,43.417542,2021,5.0,250.0,MEDITERRANEAN,France,963.0,1166758,POINT (2.694519 43.417542),True
21881,3.696639,44.097956,2017,0.0,-inf,MEDITERRANEAN,France,2488.0,1168854,POINT (3.696639 44.097956),True
21894,5.56408,43.203502,2017,0.0,100.0,MEDITERRANEAN,France,9688.0,1169564,POINT (5.56408 43.203502),True
21907,2.17012,43.3598,2021,10.0,16.0,CONTINENTAL,France,7628.0,1170138,POINT (2.17012 43.3598),True
21926,3.050813,42.888387,2018,10.0,16.0,MEDITERRANEAN,France,4659.0,1170981,POINT (3.050813 42.888387),True
21935,7.123104,43.824058,2021,6.0,3.0,MEDITERRANEAN,France,4947.0,1171186,POINT (7.123104 43.824058),True
21949,4.96037,44.0571,2020,10.0,70.0,MEDITERRANEAN,France,183.0,1171897,POINT (4.96037 44.0571),True
21962,5.320572,43.76439,2021,10.0,25.0,MEDITERRANEAN,France,5557.0,1173253,POINT (5.320572 43.76439),True
21985,3.692166,44.101963,2017,0.0,-inf,MEDITERRANEAN,France,2211.0,1173561,POINT (3.692166 44.101963),True
21996,3.019591,42.850476,2018,10.0,16.0,MEDITERRANEAN,France,5907.0,1174903,POINT (3.019591 42.850476),True
21999,1.952861,42.75075,2018,10.0,30.0,ALPINE,France,3792.0,1176833,POINT (1.952861 42.75075),True
22026,6.602295,43.181856,2019,0.0,30.0,MEDITERRANEAN,France,3464.0,1177989,POINT (6.602295 43.181856),True
22030,3.237281,43.212007,2020,10.0,40.0,MEDITERRANEAN,France,5876.0,1179629,POINT (3.237281 43.212007),True
22044,6.49718,43.1544,2020,10.0,100.0,MEDITERRANEAN,France,2940.0,1180520,POINT (6.49718 43.1544),True
22050,2.72228,42.983472,2021,5.0,50.0,MEDITERRANEAN,France,4702.0,1181535,POINT (2.72228 42.983472),True
22091,2.971935,43.042312,2020,4.0,16.0,MEDITERRANEAN,France,4078.0,1184070,POINT (2.971935 43.042312),True
22104,5.174797,44.072918,2017,0.0,50.0,MEDITERRANEAN,France,5817.0,1184946,POINT (5.174797 44.072918),True
22120,6.51899,43.1648,2020,10.0,-inf,MEDITERRANEAN,France,10073.0,1186362,POINT (6.51899 43.1648),True
22138,6.48217,43.1654,2020,10.0,20.0,MEDITERRANEAN,France,6808.0,1187126,POINT (6.48217 43.1654),True
22182,6.49889,43.1839,2020,10.0,4.0,MEDITERRANEAN,France,69.0,1188165,POINT (6.49889 43.1839),True
22201,3.350119,43.272823,2017,10.0,16.0,MEDITERRANEAN,France,9513.0,1188388,POINT (3.350119 43.272823),True
22212,5.77714,43.71837,2021,10.0,200.0,MEDITERRANEAN,France,2474.0,1190389,POINT (5.77714 43.71837),True
22234,5.00665,43.3741,2021,10.0,200.0,MEDITERRANEAN,France,10947.0,1191276,POINT (5.00665 43.3741),True
22252,1.97306,42.86489,2017,10.0,-inf,ALPINE,France,1964.0,1191313,POINT (1.97306 42.86489),True
22278,3.745965,44.13638,2017,0.0,-inf,MEDITERRANEAN,France,981.0,1191475,POINT (3.745965 44.13638),True
22282,6.79595,43.62832,2019,1.0,,MEDITERRANEAN,France,2474.0,1191728,POINT (6.79595 43.62832),True
22298,3.648544,44.150861,2017,0.0,-inf,MEDITERRANEAN,France,10600.0,1192564,POINT (3.648544 44.150861),True
22305,3.666979,43.858495,2018,10.0,12.0,MEDITERRANEAN,France,1937.0,1192571,POINT (3.666979 43.858495),True
22321,1.87236,43.19791,2018,1.0,,MEDITERRANEAN,France,2474.0,1193108,POINT (1.87236 43.19791),True
22336,6.32218,43.1957,2021,10.0,3.0,MEDITERRANEAN,France,10197.0,1193672,POINT (6.32218 43.1957),True
22349,3.64186,44.32374,2018,1.0,,MEDITERRANEAN,France,3885.0,1194625,POINT (3.64186 44.32374),True
22361,5.70205,43.1462,2019,1.0,,MEDITERRANEAN,France,3251.0,1195206,POINT (5.70205 43.1462),True
22375,5.64178,43.58851,2021,10.0,200.0,MEDITERRANEAN,France,5721.0,1195720,POINT (5.64178 43.58851),True
22390,3.202625,43.187431,2020,10.0,50.0,MEDITERRANEAN,France,5799.0,1195997,POINT (3.202625 43.187431),True
22402,1.980778,42.859583,2018,10.0,-inf,MEDITERRANEAN,France,6925.0,1196397,POINT (1.980778 42.859583),True
22428,3.594083,43.587013,2018,0.0,15.0,MEDITERRANEAN,France,4628.0,1196770,POINT (3.594083 43.587013),True
22431,7.218199,43.819446,2021,7.0,-inf,MEDITERRANEAN,France,9261.0,1198529,POINT (7.218199 43.819446),True
22449,7.129611,43.832246,2021,6.0,-inf,MEDITERRANEAN,France,1276.0,1198552,POINT (7.129611 43.832246),True
22469,3.520828,43.315666,2017,10.0,-inf,MEDITERRANEAN,France,6279.0,1199264,POINT (3.520828 43.315666),True
22470,5.71229,43.73954,2017,1.0,,MEDITERRANEAN,France,1497.0,1199691,POINT (5.71229 43.73954),True
22487,5.96758,43.46137,2018,1.0,,MEDITERRANEAN,France,10909.0,1199994,POINT (5.96758 43.46137),True
22503,5.357664,43.208903,2019,10.0,100.0,MEDITERRANEAN,France,3464.0,1200069,POINT (5.357664 43.208903),True
22514,3.517596,43.278159,2019,10.0,16.0,MEDITERRANEAN,France,8785.0,1200507,POINT (3.517596 43.278159),True
22521,3.694803,43.577436,2018,0.0,25.0,MEDITERRANEAN,France,8752.0,1200998,POINT (3.694803 43.577436),True
22523,3.052972,42.892361,2017,10.0,-inf,MEDITERRANEAN,France,1195.0,1202430,POINT (3.052972 42.892361),True
22537,7.25911,43.82437,2018,1.0,,MEDITERRANEAN,France,5721.0,1202843,POINT (7.25911 43.82437),True
22563,6.3808,43.146813,2018,10.0,-inf,MEDITERRANEAN,France,10179.0,1203933,POINT (6.3808 43.146813),True
22577,6.93695,43.524776,2020,5.0,500.0,MEDITERRANEAN,France,11157.0,1203994,POINT (6.93695 43.524776),True
22595,5.12302,43.36059,2018,1.0,,MEDITERRANEAN,France,1304.0,1204897,POINT (5.12302 43.36059),True
22611,4.844315,43.380483,2017,10.0,4.0,MEDITERRANEAN,France,2914.0,1206449,POINT (4.844315 43.380483),True
22618,3.757529,43.663704,2020,4.0,4.0,MEDITERRANEAN,France,2922.0,1208247,POINT (3.757529 43.663704),True
22623,3.905296,43.557011,2020,10.0,250.0,MEDITERRANEAN,France,2291.0,1208257,POINT (3.905296 43.557011),True
22631,5.70168,43.55995,2017,1.0,,MEDITERRANEAN,France,2421.0,1208860,POINT (5.70168 43.55995),True
22646,6.50706,43.40585,2019,1.0,,MEDITERRANEAN,France,51.0,1209178,POINT (6.50706 43.40585),True
22658,2.006139,42.62612,2017,0.0,9.0,ALPINE,France,5850.0,1210019,POINT (2.006139 42.62612),True
22661,3.015423,42.80192,2018,10.0,16.0,MEDITERRANEAN,France,10166.0,1210070,POINT (3.015423 42.80192),True
22673,3.270768,43.864148,2019,0.0,100.0,MEDITERRANEAN,France,7813.0,1211806,POINT (3.270768 43.864148),True
22688,3.516165,43.320474,2017,10.0,-inf,MEDITERRANEAN,France,7955.0,1211950,POINT (3.516165 43.320474),True
22689,4.764725,43.583256,2019,0.0,5.0,MEDITERRANEAN,France,2973.0,1212666,POINT (4.764725 43.583256),True
22721,2.65676,42.91096,2017,1.0,,MEDITERRANEAN,France,9458.0,1213420,POINT (2.65676 42.91096),True
22751,4.851061,43.366978,2017,0.0,16.0,MEDITERRANEAN,France,2809.0,1214153,POINT (4.851061 43.366978),True
22757,2.010473,42.618203,2017,0.0,16.0,ALPINE,France,4842.0,1216162,POINT (2.010473 42.618203),True
22759,5.66543,43.54921,2021,10.0,100.0,MEDITERRANEAN,France,8408.0,1216777,POINT (5.66543 43.54921),True
22787,6.45244,43.1607,2020,10.0,100.0,MEDITERRANEAN,France,4477.0,1216826,POINT (6.45244 43.1607),True
22794,6.857176,43.60967,2021,5.0,400.0,MEDITERRANEAN,France,6925.0,1217430,POINT (6.857176 43.60967),True
22846,4.031115,43.557663,2020,4.0,250.0,MEDITERRANEAN,France,4814.0,1217709,POINT (4.031115 43.557663),True
22853,6.11637,43.0931,2019,10.0,20.0,MEDITERRANEAN,France,8786.0,1218380,POINT (6.11637 43.0931),True
22876,3.052136,42.891498,2018,10.0,16.0,MEDITERRANEAN,France,2173.0,1220588,POINT (3.052136 42.891498),True
22885,4.843156,43.959092,2021,3.0,2.0,MEDITERRANEAN,France,10113.0,1222063,POINT (4.843156 43.959092),True
22886,4.622614,43.740946,2018,0.0,-inf,MEDITERRANEAN,France,3051.0,1222131,POINT (4.622614 43.740946),True
22891,3.217874,43.52134,2021,4.0,250.0,MEDITERRANEAN,France,9572.0,1222238,POINT (3.217874 43.52134),True
22900,3.020373,42.85062,2018,10.0,16.0,MEDITERRANEAN,France,1912.0,1222266,POINT (3.020373 42.85062),True
22905,5.1232,43.4899,2021,10.0,50.0,MEDITERRANEAN,France,10239.0,1222449,POINT (5.1232 43.4899),True
22907,4.547237,43.965854,2021,5.0,100.0,MEDITERRANEAN,France,2643.0,1224197,POINT (4.547237 43.965854),True
22924,4.31366,44.18775,2019,1.0,,MEDITERRANEAN,France,10909.0,1224570,POINT (4.31366 44.18775),True
22937,3.394589,43.964619,2019,0.0,50.0,MEDITERRANEAN,France,10100.0,1225530,POINT (3.394589 43.964619),True
22955,5.689729,43.694339,2018,10.0,16.0,MEDITERRANEAN,France,204.0,1226274,POINT (5.689729 43.694339),True
22967,6.82489,43.68114,2019,1.0,,MEDITERRANEAN,France,7770.0,1226345,POINT (6.82489 43.68114),True
22987,2.26563,42.98328,2018,1.0,,MEDITERRANEAN,France,7788.0,1226675,POINT (2.26563 42.98328),True
23010,5.670442,43.319333,2017,10.0,25.0,MEDITERRANEAN,France,6141.0,1227685,POINT (5.670442 43.319333),True
23029,3.030817,42.748147,2018,10.0,16.0,MEDITERRANEAN,France,8075.0,1227709,POINT (3.030817 42.748147),True
23037,5.374727,43.210661,2018,10.0,20.0,MEDITERRANEAN,France,8472.0,1229264,POINT (5.374727 43.210661),True
23061,3.813726,43.618575,2020,12.0,200.0,MEDITERRANEAN,France,9702.0,1229759,POINT (3.813726 43.618575),True
23091,7.222748,43.742099,2018,0.0,100.0,MEDITERRANEAN,France,10047.0,1231045,POINT (7.222748 43.742099),True
23129,4.75755,44.2136,2020,10.0,30.0,MEDITERRANEAN,France,9341.0,1231140,POINT (4.75755 44.2136),True
23158,6.51826,43.1636,2020,10.0,4.0,MEDITERRANEAN,France,216.0,1231643,POINT (6.51826 43.1636),True
23173,3.022941,42.855053,2018,10.0,16.0,MEDITERRANEAN,France,1176.0,1232752,POINT (3.022941 42.855053),True
23182,3.640049,43.799441,2018,0.0,20.0,MEDITERRANEAN,France,340.0,1232778,POINT (3.640049 43.799441),True
23184,5.271837,44.174251,2021,4.0,25.0,MEDITERRANEAN,France,5157.0,1233146,POINT (5.271837 44.174251),True
23205,6.11842,43.0995,2019,10.0,80.0,MEDITERRANEAN,France,4701.0,1234950,POINT (6.11842 43.0995),True
23231,6.923627,43.515376,2020,5.0,10.0,MEDITERRANEAN,France,5618.0,1236031,POINT (6.923627 43.515376),True
23246,3.219813,43.523498,2021,5.0,250.0,MEDITERRANEAN,France,2421.0,1236810,POINT (3.219813 43.523498),True
23264,3.038115,42.770884,2018,10.0,16.0,MEDITERRANEAN,France,11240.0,1237005,POINT (3.038115 42.770884),True
23273,3.206862,43.191478,2019,10.0,-inf,MEDITERRANEAN,France,2173.0,1237180,POINT (3.206862 43.191478),True
23280,4.429617,43.584899,2017,0.0,-inf,MEDITERRANEAN,France,4349.0,1238131,POINT (4.429617 43.584899),True
23287,3.103009,44.599752,2018,0.0,25.0,CONTINENTAL,France,9465.0,1238174,POINT (3.103009 44.599752),True
23327,3.178424,44.404947,2021,5.0,100.0,CONTINENTAL,France,5335.0,1238247,POINT (3.178424 44.404947),True
23350,6.908768,43.501467,2020,4.0,15.0,MEDITERRANEAN,France,8549.0,1238438,POINT (6.908768 43.501467),True
23366,3.25354,43.55448,2019,1.0,,MEDITERRANEAN,France,3251.0,1240509,POINT (3.25354 43.55448),True
23380,4.76533,44.2104,2020,10.0,10.0,MEDITERRANEAN,France,10340.0,1241405,POINT (4.76533 44.2104),True
23395,6.122464,43.035223,2017,0.0,4.0,MEDITERRANEAN,France,4090.0,1241841,POINT (6.122464 43.035223),True
23406,5.69324,43.41628,2017,1.0,,MEDITERRANEAN,France,1304.0,1242311,POINT (5.69324 43.41628),True
23420,7.13504,43.737822,2021,6.0,4.0,MEDITERRANEAN,France,5704.0,1242429,POINT (7.13504 43.737822),True
23422,4.06379,44.19199,2019,1.0,,MEDITERRANEAN,France,10728.0,1243398,POINT (4.06379 44.19199),True
23443,6.74458,43.476299,2021,5.0,5.0,MEDITERRANEAN,France,9654.0,1243519,POINT (6.74458 43.476299),True
23450,5.74599,43.71256,2021,10.0,200.0,MEDITERRANEAN,France,8398.0,1244214,POINT (5.74599 43.71256),True
23490,4.81685,43.953,2021,10.0,10.0,MEDITERRANEAN,France,1910.0,1246021,POINT (4.81685 43.953),True
23497,3.013798,42.800059,2018,10.0,16.0,MEDITERRANEAN,France,10910.0,1246032,POINT (3.013798 42.800059),True
23505,6.31297,43.3562,2020,10.0,200.0,MEDITERRANEAN,France,3438.0,1246265,POINT (6.31297 43.3562),True
23518,3.656923,43.641835,2021,5.0,250.0,MEDITERRANEAN,France,9873.0,1246332,POINT (3.656923 43.641835),True
23535,5.4437,43.39354,2018,10.0,50.0,MEDITERRANEAN,France,9412.0,1246399,POINT (5.4437 43.39354),True
23550,4.277953,43.577944,2021,5.0,250.0,MEDITERRANEAN,France,3020.0,1246955,POINT (4.277953 43.577944),True
23562,5.483292,43.281061,2018,0.0,100.0,MEDITERRANEAN,France,4431.0,1247879,POINT (5.483292 43.281061),True
23580,3.102153,44.600563,2017,0.0,25.0,CONTINENTAL,France,7739.0,1248270,POINT (3.102153 44.600563),True
23608,6.79878,44.278154,2018,0.0,-inf,ALPINE,France,3829.0,1248755,POINT (6.79878 44.278154),True
23623,5.549526,43.530657,2017,0.0,4.0,MEDITERRANEAN,France,11119.0,1252072,POINT (5.549526 43.530657),True
23627,6.942025,43.495924,2020,10.0,100.0,MEDITERRANEAN,France,2421.0,1252299,POINT (6.942025 43.495924),True
23642,4.675085,43.497337,2017,10.0,3.0,MEDITERRANEAN,France,7603.0,1253440,POINT (4.675085 43.497337),True
23648,6.74931,43.66625,2018,1.0,,MEDITERRANEAN,France,7706.0,1253511,POINT (6.74931 43.66625),True
23664,6.725167,43.854139,2017,0.0,13.0,MEDITERRANEAN,France,8297.0,1253989,POINT (6.725167 43.854139),True
23696,3.68224,43.620031,2018,0.0,15.0,MEDITERRANEAN,France,340.0,1256887,POINT (3.68224 43.620031),True
23701,3.099697,43.208852,2021,5.0,100.0,MEDITERRANEAN,France,3935.0,1257412,POINT (3.099697 43.208852),True
23719,3.0528,42.895365,2018,10.0,16.0,MEDITERRANEAN,France,3837.0,1257563,POINT (3.0528 42.895365),True
23735,4.76029,44.2131,2020,10.0,30.0,MEDITERRANEAN,France,9696.0,1258290,POINT (4.76029 44.2131),True
23750,3.051107,42.889844,2018,10.0,16.0,MEDITERRANEAN,France,10289.0,1258600,POINT (3.051107 42.889844),True
23765,5.651769,43.632096,2017,10.0,12.0,MEDITERRANEAN,France,6491.0,1259165,POINT (5.651769 43.632096),True
23784,3.346409,43.274112,2017,0.0,16.0,MEDITERRANEAN,France,6840.0,1261663,POINT (3.346409 43.274112),True
23812,7.01123,43.83534,2017,1.0,,MEDITERRANEAN,France,5412.0,1262074,POINT (7.01123 43.83534),True
23823,6.448253,43.270851,2021,5.0,4.0,MEDITERRANEAN,France,2643.0,1263234,POINT (6.448253 43.270851),True
23848,2.890059,43.051202,2021,4.0,4.0,MEDITERRANEAN,France,4325.0,1264609,POINT (2.890059 43.051202),True
23850,4.77184,43.350164,2017,0.0,4.0,MEDITERRANEAN,France,9820.0,1266317,POINT (4.77184 43.350164),True
23854,5.616214,43.244686,2017,0.0,30.0,MEDITERRANEAN,France,3696.0,1266600,POINT (5.616214 43.244686),True
23868,3.660261,44.164077,2017,0.0,-inf,MEDITERRANEAN,France,10711.0,1269536,POINT (3.660261 44.164077),True
23888,4.55134,43.454491,2017,0.0,4.0,MEDITERRANEAN,France,1531.0,1270605,POINT (4.55134 43.454491),True
23896,4.40226,43.532802,2018,10.0,-inf,MEDITERRANEAN,France,2908.0,1272670,POINT (4.40226 43.532802),True
23899,3.718938,43.660478,2020,9.0,4.0,MEDITERRANEAN,France,204.0,1272792,POINT (3.718938 43.660478),True
23911,3.037839,42.760103,2018,10.0,16.0,MEDITERRANEAN,France,5799.0,1273207,POINT (3.037839 42.760103),True
23922,4.549012,43.455199,2017,0.0,100.0,MEDITERRANEAN,France,5016.0,1273663,POINT (4.549012 43.455199),True
23927,3.594389,43.837465,2020,6.0,400.0,MEDITERRANEAN,France,2474.0,1273792,POINT (3.594389 43.837465),True
23941,5.272324,44.174206,2021,5.0,25.0,MEDITERRANEAN,France,3419.0,1274007,POINT (5.272324 44.174206),True
23944,6.136635,43.032479,2018,10.0,50.0,MEDITERRANEAN,France,4029.0,1274172,POINT (6.136635 43.032479),True
23950,3.348541,43.274429,2017,10.0,16.0,MEDITERRANEAN,France,6786.0,1274859,POINT (3.348541 43.274429),True
23964,3.517486,43.330363,2017,10.0,-inf,MEDITERRANEAN,France,6279.0,1275066,POINT (3.517486 43.330363),True
23966,7.343902,44.113943,2018,0.0,12.0,ALPINE,France,96.0,1276135,POINT (7.343902 44.113943),True
23985,5.373661,43.209893,2019,0.0,100.0,MEDITERRANEAN,France,10893.0,1276319,POINT (5.373661 43.209893),True
24016,7.34681,43.71482,2017,0.0,10.0,MEDITERRANEAN,France,5800.0,1276942,POINT (7.34681 43.71482),True
24039,4.00834,43.552573,2021,5.0,16.0,MEDITERRANEAN,France,1531.0,1277503,POINT (4.00834 43.552573),True
24041,4.06764,43.919062,2021,4.0,250.0,MEDITERRANEAN,France,11157.0,1277904,POINT (4.06764 43.919062),True
24062,3.80922,44.01586,2019,1.0,,MEDITERRANEAN,France,11157.0,1278280,POINT (3.80922 44.01586),True
24072,3.521167,43.328546,2017,10.0,-inf,MEDITERRANEAN,France,7955.0,1278907,POINT (3.521167 43.328546),True
24073,4.54796,44.2261,2020,10.0,400.0,MEDITERRANEAN,France,6684.0,1280324,POINT (4.54796 44.2261),True
24085,4.9584,44.0562,2020,10.0,100.0,MEDITERRANEAN,France,6707.0,1280732,POINT (4.9584 44.0562),True
24095,3.031389,42.837861,2017,10.0,500.0,MEDITERRANEAN,France,669.0,1281034,POINT (3.031389 42.837861),True
24116,6.015199,43.119468,2019,10.0,20.0,MEDITERRANEAN,France,6707.0,1285484,POINT (6.015199 43.119468),True
24129,5.724806,43.702893,2018,10.0,50.0,MEDITERRANEAN,France,5203.0,1286909,POINT (5.724806 43.702893),True
24140,7.3852,43.7384,2019,10.0,75.0,MEDITERRANEAN,France,11157.0,1288158,POINT (7.3852 43.7384),True
24159,6.46803,43.1697,2020,10.0,-inf,MEDITERRANEAN,France,7318.0,1288947,POINT (6.46803 43.1697),True
24181,6.49979,43.1571,2020,10.0,5.0,MEDITERRANEAN,France,11140.0,1289908,POINT (6.49979 43.1571),True
24194,3.475478,44.092307,2021,5.0,250.0,MEDITERRANEAN,France,249.0,1290723,POINT (3.475478 44.092307),True
24205,5.684852,43.694577,2018,10.0,16.0,MEDITERRANEAN,France,1312.0,1291011,POINT (5.684852 43.694577),True
24213,7.04519,44.07416,2019,10.0,400.0,MEDITERRANEAN,France,544.0,1291088,POINT (7.04519 44.07416),True
24258,4.402289,43.532963,2018,10.0,-inf,MEDITERRANEAN,France,3109.0,1292709,POINT (4.402289 43.532963),True
24267,5.673701,43.692294,2018,10.0,16.0,MEDITERRANEAN,France,4114.0,1293242,POINT (5.673701 43.692294),True
24277,3.75746,43.66368,2020,4.0,50.0,MEDITERRANEAN,France,3935.0,1295472,POINT (3.75746 43.66368),True
24308,7.153818,43.656559,2021,5.0,16.0,MEDITERRANEAN,France,2684.0,1295760,POINT (7.153818 43.656559),True
24332,6.748992,43.556573,2020,4.0,15.0,MEDITERRANEAN,France,6612.0,1299066,POINT (6.748992 43.556573),True
24363,3.086324,43.152656,2021,5.0,100.0,MEDITERRANEAN,France,1304.0,1299592,POINT (3.086324 43.152656),True
24377,2.60571,42.44412,2017,1.0,,MEDITERRANEAN,Spain,10728.0,1300000,POINT (2.60571 42.44412),True
24391,4.81083,43.9162,2019,10.0,100.0,MEDITERRANEAN,France,9943.0,1300863,POINT (4.81083 43.9162),True
24409,3.514925,43.31958,2017,10.0,-inf,MEDITERRANEAN,France,7955.0,1303438,POINT (3.514925 43.31958),True
24410,5.13794,43.66597,2019,1.0,,MEDITERRANEAN,France,2634.0,1303451,POINT (5.13794 43.66597),True
24427,6.12774,43.14948,2021,5.0,-inf,MEDITERRANEAN,France,9922.0,1306278,POINT (6.12774 43.14948),True
24432,4.591613,43.994226,2021,5.0,250.0,MEDITERRANEAN,France,11193.0,1306766,POINT (4.591613 43.994226),True
24449,3.518597,43.316864,2017,10.0,-inf,MEDITERRANEAN,France,7955.0,1308010,POINT (3.518597 43.316864),True
24451,5.394488,43.303297,2017,0.0,3.0,MEDITERRANEAN,France,11087.0,1308292,POINT (5.394488 43.303297),True
24468,5.941949,43.272512,2020,3.0,200.0,MEDITERRANEAN,France,4341.0,1308430,POINT (5.941949 43.272512),True
24498,3.793115,44.063498,2021,5.0,250.0,MEDITERRANEAN,France,11157.0,1308936,POINT (3.793115 44.063498),True
24514,5.605354,43.162852,2017,0.0,30.0,MEDITERRANEAN,France,5907.0,1310983,POINT (5.605354 43.162852),True
24521,3.83555,44.06945,2019,1.0,,MEDITERRANEAN,France,11157.0,1311186,POINT (3.83555 44.06945),True
24531,2.057389,42.831056,2017,10.0,-inf,MEDITERRANEAN,France,7115.0,1312149,POINT (2.057389 42.831056),True
24550,6.489925,43.20996,2019,10.0,50.0,MEDITERRANEAN,France,6753.0,1312341,POINT (6.489925 43.20996),True
24574,2.75699,43.25201,2018,1.0,,MEDITERRANEAN,France,305.0,1313141,POINT (2.75699 43.25201),True
24611,3.523461,43.320682,2017,10.0,-inf,MEDITERRANEAN,France,6279.0,1313392,POINT (3.523461 43.320682),True
24612,5.711158,43.550937,2017,0.0,9.0,MEDITERRANEAN,France,1497.0,1314355,POINT (5.711158 43.550937),True
24628,3.779221,43.436514,2020,9.0,25.0,MEDITERRANEAN,France,2075.0,1315656,POINT (3.779221 43.436514),True
24631,4.46012,44.223396,2021,5.0,250.0,MEDITERRANEAN,France,146.0,1316616,POINT (4.46012 44.223396),True
24649,4.76811,44.2107,2020,10.0,30.0,MEDITERRANEAN,France,3993.0,1317301,POINT (4.76811 44.2107),True
24675,6.50164,43.1609,2020,10.0,200.0,MEDITERRANEAN,France,11157.0,1318452,POINT (6.50164 43.1609),True
24683,3.747701,43.855835,2021,5.0,250.0,MEDITERRANEAN,France,11157.0,1318799,POINT (3.747701 43.855835),True
24690,5.173705,44.076704,2017,10.0,100.0,MEDITERRANEAN,France,4530.0,1319451,POINT (5.173705 44.076704),True
24704,3.275603,43.369942,2021,5.0,50.0,MEDITERRANEAN,France,10947.0,1319490,POINT (3.275603 43.369942),True
24726,3.038944,42.803472,2017,10.0,-inf,MEDITERRANEAN,France,7090.0,1320177,POINT (3.038944 42.803472),True
24765,5.349848,44.032475,2020,10.0,60.0,MEDITERRANEAN,France,82.0,1320192,POINT (5.349848 44.032475),True
24794,3.802811,44.065844,2021,5.0,250.0,MEDITERRANEAN,France,5412.0,1320739,POINT (3.802811 44.065844),True
24814,5.42081,43.85618,2018,1.0,,MEDITERRANEAN,France,11157.0,1320748,POINT (5.42081 43.85618),True
24835,6.50822,43.1788,2020,10.0,100.0,MEDITERRANEAN,France,6669.0,1320757,POINT (6.50822 43.1788),True
24857,3.78377,44.129843,2017,0.0,-inf,MEDITERRANEAN,France,10255.0,1323462,POINT (3.78377 44.129843),True
24866,3.034003,42.671343,2020,10.0,40.0,MEDITERRANEAN,France,9877.0,1323601,POINT (3.034003 42.671343),True
24871,1.97267,42.6144,2021,10.0,25.0,ALPINE,France,703.0,1323879,POINT (1.97267 42.6144),True
24878,3.514909,43.317781,2017,10.0,-inf,MEDITERRANEAN,France,7955.0,1324544,POINT (3.514909 43.317781),True
24879,3.70405,43.649466,2020,10.0,16.0,MEDITERRANEAN,France,10108.0,1324669,POINT (3.70405 43.649466),True
24899,5.029779,43.335859,2017,0.0,4.0,MEDITERRANEAN,France,7315.0,1325535,POINT (5.029779 43.335859),True
24903,3.040308,42.819036,2020,10.0,50.0,MEDITERRANEAN,France,5203.0,1326205,POINT (3.040308 42.819036),True
24914,5.01637,43.3703,2021,10.0,100.0,MEDITERRANEAN,France,9569.0,1326898,POINT (5.01637 43.3703),True
24918,5.699157,43.418644,2017,0.0,200.0,MEDITERRANEAN,France,8208.0,1326989,POINT (5.699157 43.418644),True
24933,6.952281,44.197349,2019,0.0,-inf,MEDITERRANEAN,France,5542.0,1327575,POINT (6.952281 44.197349),True
24968,4.035181,43.556797,2021,5.0,16.0,MEDITERRANEAN,France,4130.0,1330243,POINT (4.035181 43.556797),True
24976,7.008362,43.866513,2021,5.0,-inf,MEDITERRANEAN,France,8424.0,1330357,POINT (7.008362 43.866513),True
25021,4.95789,44.0583,2020,10.0,150.0,MEDITERRANEAN,France,8208.0,1330505,POINT (4.95789 44.0583),True
25039,3.714938,44.138846,2017,0.0,-inf,MEDITERRANEAN,France,8208.0,1331269,POINT (3.714938 44.138846),True
25074,4.036602,43.556838,2021,5.0,16.0,MEDITERRANEAN,France,982.0,1331478,POINT (4.036602 43.556838),True
25085,7.100188,43.640356,2019,0.0,100.0,MEDITERRANEAN,France,9572.0,1332007,POINT (7.100188 43.640356),True
25094,5.30323,43.98541,2019,1.0,,MEDITERRANEAN,France,7706.0,1332810,POINT (5.30323 43.98541),True
25111,4.82706,43.56491,2020,10.0,4.0,MEDITERRANEAN,France,9555.0,1333137,POINT (4.82706 43.56491),True
25129,3.69168,44.186332,2017,0.0,-inf,MEDITERRANEAN,France,2488.0,1333763,POINT (3.69168 44.186332),True
25139,6.018585,43.114891,2018,0.0,40.0,MEDITERRANEAN,France,3599.0,1337575,POINT (6.018585 43.114891),True
25153,4.0006,43.74335,2017,1.0,,MEDITERRANEAN,France,10909.0,1337685,POINT (4.0006 43.74335),True
25167,5.3287,43.4698,2019,10.0,100.0,MEDITERRANEAN,France,4325.0,1338860,POINT (5.3287 43.4698),True
25171,3.759766,44.08976,2017,0.0,-inf,MEDITERRANEAN,France,8151.0,1338962,POINT (3.759766 44.08976),True
25188,2.832452,43.011293,2021,5.0,4.0,MEDITERRANEAN,France,6491.0,1338994,POINT (2.832452 43.011293),True
25191,5.313225,43.515961,2017,0.0,-inf,MEDITERRANEAN,France,5181.0,1340789,POINT (5.313225 43.515961),True
25208,3.524847,43.326729,2017,10.0,-inf,MEDITERRANEAN,France,7955.0,1340885,POINT (3.524847 43.326729),True
25210,4.76896,43.72884,2018,1.0,,MEDITERRANEAN,France,10520.0,1342405,POINT (4.76896 43.72884),True
25223,6.17921,43.66999,2017,1.0,,MEDITERRANEAN,France,10909.0,1343244,POINT (6.17921 43.66999),True
25232,3.515013,43.329475,2017,10.0,-inf,MEDITERRANEAN,France,7955.0,1344490,POINT (3.515013 43.329475),True
25233,6.929561,43.475787,2018,10.0,6.0,MEDITERRANEAN,France,4567.0,1345148,POINT (6.929561 43.475787),True
25240,5.557899,43.187,2017,0.0,16.0,MEDITERRANEAN,France,6269.0,1345956,POINT (5.557899 43.187),True
25250,3.87858,43.81708,2019,1.0,,MEDITERRANEAN,France,5412.0,1346962,POINT (3.87858 43.81708),True
25278,2.92105,42.46082,2018,1.0,,MEDITERRANEAN,France,7862.0,1348484,POINT (2.92105 42.46082),True
25310,3.522407,43.32944,2017,10.0,-inf,MEDITERRANEAN,France,7955.0,1348857,POINT (3.522407 43.32944),True
25312,3.91486,44.23021,2019,1.0,,MEDITERRANEAN,France,1539.0,1349440,POINT (3.91486 44.23021),True
25323,3.523615,43.326735,2017,10.0,-inf,MEDITERRANEAN,France,6279.0,1351261,POINT (3.523615 43.326735),True
25325,2.70887,43.41393,2018,1.0,,MEDITERRANEAN,France,11157.0,1351981,POINT (2.70887 43.41393),True
25337,3.05064,42.886652,2018,10.0,16.0,MEDITERRANEAN,France,7315.0,1356068,POINT (3.05064 42.886652),True
25338,6.17614,43.25622,2019,1.0,,MEDITERRANEAN,France,10520.0,1357241,POINT (6.17614 43.25622),True
25352,5.292592,43.587481,2018,0.0,50.0,MEDITERRANEAN,France,3707.0,1357371,POINT (5.292592 43.587481),True
25370,4.028894,43.556014,2021,5.0,16.0,MEDITERRANEAN,France,8661.0,1357381,POINT (4.028894 43.556014),True
25375,6.36187,43.44737,2019,1.0,,MEDITERRANEAN,France,3935.0,1359273,POINT (6.36187 43.44737),True
25388,3.733555,43.82807,2021,5.0,250.0,MEDITERRANEAN,France,6685.0,1360991,POINT (3.733555 43.82807),True
25408,2.971435,43.63647,2020,4.0,400.0,CONTINENTAL,France,6666.0,1363201,POINT (2.971435 43.63647),True
25412,6.96414,43.89827,2019,10.0,600.0,MEDITERRANEAN,France,1746.0,1364032,POINT (6.96414 43.89827),True
25443,4.86401,44.1944,2019,1.0,,MEDITERRANEAN,France,4814.0,1364496,POINT (4.86401 44.1944),True
25456,3.671258,44.102084,2017,0.0,-inf,MEDITERRANEAN,France,10600.0,1364776,POINT (3.671258 44.102084),True
25471,3.48789,44.14561,2017,1.0,,MEDITERRANEAN,France,6788.0,1365172,POINT (3.48789 44.14561),True
25488,2.697962,43.449208,2021,5.0,250.0,CONTINENTAL,France,8151.0,1367388,POINT (2.697962 43.449208),True
25509,3.653125,44.18286,2017,0.0,-inf,MEDITERRANEAN,France,9088.0,1367767,POINT (3.653125 44.18286),True
25526,2.266139,43.188306,2021,10.0,20.0,MEDITERRANEAN,France,4404.0,1368128,POINT (2.266139 43.188306),True
25530,2.978185,43.070885,2021,5.0,16.0,MEDITERRANEAN,France,9547.0,1368367,POINT (2.978185 43.070885),True
25537,3.816397,43.83049,2021,4.0,250.0,MEDITERRANEAN,France,164.0,1368434,POINT (3.816397 43.83049),True
25555,5.63883,43.6697,2019,10.0,20.0,MEDITERRANEAN,France,905.0,1372287,POINT (5.63883 43.6697),True
25565,6.49706,43.1543,2020,10.0,200.0,MEDITERRANEAN,France,9513.0,1374518,POINT (6.49706 43.1543),True
25585,2.2404,43.4325,2017,1.0,,CONTINENTAL,France,2386.0,1374519,POINT (2.2404 43.4325),True
25596,4.40522,43.533951,2018,0.0,100.0,MEDITERRANEAN,France,2953.0,1375310,POINT (4.40522 43.533951),True
25604,5.77276,43.7463,2020,10.0,200.0,MEDITERRANEAN,France,1892.0,1375710,POINT (5.77276 43.7463),True
25618,3.051239,42.886643,2018,10.0,16.0,MEDITERRANEAN,France,4659.0,1375954,POINT (3.051239 42.886643),True
25629,6.01641,43.1142,2020,10.0,200.0,MEDITERRANEAN,France,5868.0,1376779,POINT (6.01641 43.1142),True
25657,3.349688,43.272716,2017,10.0,16.0,MEDITERRANEAN,France,10893.0,1378121,POINT (3.349688 43.272716),True
25676,6.12043,43.148986,2020,4.0,50.0,MEDITERRANEAN,France,11157.0,1378191,POINT (6.12043 43.148986),True
25700,3.52111,43.322249,2017,10.0,-inf,MEDITERRANEAN,France,7955.0,1378658,POINT (3.52111 43.322249),True
25701,7.122549,43.840929,2021,6.0,-inf,MEDITERRANEAN,France,4122.0,1379394,POINT (7.122549 43.840929),True
25744,6.32091,43.1968,2021,10.0,4.0,MEDITERRANEAN,France,7906.0,1380252,POINT (6.32091 43.1968),True
25769,3.877392,44.120573,2017,0.0,-inf,MEDITERRANEAN,France,2474.0,1380843,POINT (3.877392 44.120573),True
25782,4.418275,43.514182,2018,0.0,-inf,MEDITERRANEAN,France,3191.0,1381111,POINT (4.418275 43.514182),True
25783,3.13022,43.57344,2017,1.0,,MEDITERRANEAN,France,2678.0,1382716,POINT (3.13022 43.57344),True
25821,6.108073,43.03455,2017,0.0,5.0,MEDITERRANEAN,France,1431.0,1387739,POINT (6.108073 43.03455),True
25835,3.038291,42.75244,2020,10.0,50.0,MEDITERRANEAN,France,2243.0,1388674,POINT (3.038291 42.75244),True
25843,7.10444,43.7632,2019,10.0,30.0,MEDITERRANEAN,France,2386.0,1389120,POINT (7.10444 43.7632),True
25861,7.213533,43.811258,2021,6.0,-inf,MEDITERRANEAN,France,10317.0,1389849,POINT (7.213533 43.811258),True
25886,3.640493,43.709533,2021,5.0,250.0,MEDITERRANEAN,France,982.0,1392759,POINT (3.640493 43.709533),True
25900,7.175716,44.061667,2019,10.0,-inf,MEDITERRANEAN,France,1276.0,1393613,POINT (7.175716 44.061667),True
25931,2.809872,43.556774,2020,4.0,400.0,MEDITERRANEAN,France,10047.0,1394379,POINT (2.809872 43.556774),True
25944,3.778487,43.665342,2020,4.0,16.0,MEDITERRANEAN,France,2386.0,1394815,POINT (3.778487 43.665342),True
25964,5.67806,43.351693,2017,0.0,10.0,MEDITERRANEAN,France,2949.0,1395814,POINT (5.67806 43.351693),True
25984,2.0453,43.00087,2017,1.0,,MEDITERRANEAN,France,8949.0,1396019,POINT (2.0453 43.00087),True
26003,5.03456,43.4425,2021,10.0,200.0,MEDITERRANEAN,France,5219.0,1397192,POINT (5.03456 43.4425),True
26019,6.49912,43.1835,2020,10.0,30.0,MEDITERRANEAN,France,5130.0,1397434,POINT (6.49912 43.1835),True
26037,5.270827,44.174279,2021,4.0,25.0,MEDITERRANEAN,France,2957.0,1397742,POINT (5.270827 44.174279),True
26050,7.108646,43.781687,2021,5.0,-inf,MEDITERRANEAN,France,3958.0,1398278,POINT (7.108646 43.781687),True
26078,5.489924,43.896043,2021,5.0,-inf,MEDITERRANEAN,France,9513.0,1398702,POINT (5.489924 43.896043),True
26087,2.31475,42.51629,2017,1.0,,ALPINE,France,3581.0,1400341,POINT (2.31475 42.51629),True
26094,2.9302,43.35903,2018,1.0,,MEDITERRANEAN,France,4530.0,1400752,POINT (2.9302 43.35903),True
26115,6.845884,43.610708,2021,5.0,1.0,MEDITERRANEAN,France,887.0,1401197,POINT (6.845884 43.610708),True
26129,3.517164,43.331597,2017,0.0,-inf,MEDITERRANEAN,France,3191.0,1402413,POINT (3.517164 43.331597),True
26130,3.6083,43.94646,2019,1.0,,MEDITERRANEAN,France,4530.0,1403559,POINT (3.6083 43.94646),True
26157,3.140827,43.166585,2021,5.0,100.0,MEDITERRANEAN,France,11193.0,1405039,POINT (3.140827 43.166585),True
26175,6.77727,44.02525,2017,1.0,,MEDITERRANEAN,France,4238.0,1405906,POINT (6.77727 44.02525),True
26187,3.816342,43.593814,2021,5.0,16.0,MEDITERRANEAN,France,4628.0,1406846,POINT (3.816342 43.593814),True
26199,3.710304,44.160083,2017,0.0,-inf,MEDITERRANEAN,France,6211.0,1410105,POINT (3.710304 44.160083),True
26213,4.453535,43.509126,2018,0.0,100.0,MEDITERRANEAN,France,2075.0,1413285,POINT (4.453535 43.509126),True
26218,5.342209,43.213676,2019,10.0,100.0,MEDITERRANEAN,France,10695.0,1415036,POINT (5.342209 43.213676),True
26239,3.379444,43.87826,2021,5.0,250.0,MEDITERRANEAN,France,11013.0,1416687,POINT (3.379444 43.87826),True
26255,5.567266,43.180243,2018,0.0,50.0,MEDITERRANEAN,France,3125.0,1417976,POINT (5.567266 43.180243),True
26277,3.89134,44.28451,2017,1.0,,MEDITERRANEAN,France,981.0,1421476,POINT (3.89134 44.28451),True
26288,2.234111,42.752167,2018,10.0,-inf,ALPINE,France,2474.0,1422226,POINT (2.234111 42.752167),True
26300,3.607082,43.852679,2020,4.0,400.0,MEDITERRANEAN,France,3309.0,1422312,POINT (3.607082 43.852679),True
26315,3.348899,43.272512,2017,0.0,16.0,MEDITERRANEAN,France,1734.0,1423038,POINT (3.348899 43.272512),True
26334,5.14896,44.1711,2020,10.0,10.0,MEDITERRANEAN,France,4184.0,1423883,POINT (5.14896 44.1711),True
26351,3.050995,42.886688,2018,10.0,16.0,MEDITERRANEAN,France,5876.0,1424099,POINT (3.050995 42.886688),True
26354,3.037694,42.769833,2017,10.0,15.0,MEDITERRANEAN,France,3464.0,1424653,POINT (3.037694 42.769833),True
26360,5.027547,43.337961,2017,0.0,10.0,MEDITERRANEAN,France,8785.0,1425557,POINT (5.027547 43.337961),True
26365,5.2083,43.3314,2021,10.0,100.0,MEDITERRANEAN,France,9936.0,1427417,POINT (5.2083 43.3314),True
26382,3.869072,43.896955,2021,5.0,250.0,MEDITERRANEAN,France,6226.0,1428813,POINT (3.869072 43.896955),True
26401,3.909554,43.518356,2020,10.0,50.0,MEDITERRANEAN,France,1531.0,1430095,POINT (3.909554 43.518356),True
26411,1.982139,42.751056,2018,10.0,2.0,ALPINE,France,694.0,1430379,POINT (1.982139 42.751056),True
26418,3.283682,43.56167,2021,5.0,250.0,MEDITERRANEAN,France,9458.0,1431002,POINT (3.283682 43.56167),True
26428,4.127799,43.494913,2020,10.0,20.0,MEDITERRANEAN,France,1531.0,1431023,POINT (4.127799 43.494913),True
26432,3.709712,44.135748,2017,0.0,-inf,MEDITERRANEAN,France,4486.0,1432283,POINT (3.709712 44.135748),True
26455,5.16438,43.6921,2021,10.0,1.0,MEDITERRANEAN,France,10073.0,1432505,POINT (5.16438 43.6921),True
26491,5.597853,43.660857,2018,10.0,50.0,MEDITERRANEAN,France,222.0,1433118,POINT (5.597853 43.660857),True
26500,2.147832,42.449945,2020,4.0,25.0,ALPINE,Spain,6497.0,1433144,POINT (2.147832 42.449945),True
26522,5.37391,43.44374,2017,1.0,,MEDITERRANEAN,France,3251.0,1434363,POINT (5.37391 43.44374),True
26538,2.09441,42.96506,2018,1.0,,MEDITERRANEAN,France,2398.0,1435076,POINT (2.09441 42.96506),True
26560,2.53511,43.07295,2019,1.0,,MEDITERRANEAN,France,5474.0,1435668,POINT (2.53511 43.07295),True
26588,4.495036,43.459601,2018,0.0,-inf,MEDITERRANEAN,France,9820.0,1435812,POINT (4.495036 43.459601),True
26601,2.971815,43.596737,2020,4.0,400.0,MEDITERRANEAN,France,2025.0,1436811,POINT (2.971815 43.596737),True
26619,3.613416,43.556682,2018,0.0,25.0,MEDITERRANEAN,France,10408.0,1436845,POINT (3.613416 43.556682),True
26623,5.08707,44.15302,2017,1.0,,MEDITERRANEAN,France,4530.0,1436960,POINT (5.08707 44.15302),True
26647,2.973453,43.052079,2021,5.0,50.0,MEDITERRANEAN,France,4341.0,1437037,POINT (2.973453 43.052079),True
26676,3.24219,44.39972,2019,1.0,,CONTINENTAL,France,6689.0,1437944,POINT (3.24219 44.39972),True
26699,2.722259,43.571307,2021,5.0,250.0,CONTINENTAL,France,963.0,1439743,POINT (2.722259 43.571307),True
26707,3.830118,44.042029,2021,5.0,250.0,MEDITERRANEAN,France,8512.0,1440169,POINT (3.830118 44.042029),True
26728,2.788704,42.985414,2021,5.0,16.0,MEDITERRANEAN,France,7713.0,1440251,POINT (2.788704 42.985414),True
26747,5.23948,44.17134,2020,10.0,40.0,MEDITERRANEAN,France,3696.0,1440872,POINT (5.23948 44.17134),True
26757,3.037222,42.733778,2017,10.0,50.0,MEDITERRANEAN,France,5907.0,1445007,POINT (3.037222 42.733778),True
26765,5.79611,43.485,2018,1.0,,MEDITERRANEAN,France,10073.0,1446795,POINT (5.79611 43.485),True
26786,4.045273,43.561823,2020,3.0,16.0,MEDITERRANEAN,France,9513.0,1447272,POINT (4.045273 43.561823),True
26792,7.110809,43.819661,2020,4.0,100.0,MEDITERRANEAN,France,9636.0,1448319,POINT (7.110809 43.819661),True
26808,4.671163,43.504308,2021,4.0,100.0,MEDITERRANEAN,France,2075.0,1448622,POINT (4.671163 43.504308),True
26813,5.029856,43.337711,2017,0.0,20.0,MEDITERRANEAN,France,2719.0,1448736,POINT (5.029856 43.337711),True
26828,5.66458,43.311449,2018,0.0,50.0,MEDITERRANEAN,France,10558.0,1450292,POINT (5.66458 43.311449),True
26872,2.959536,43.051712,2020,4.0,4.0,MEDITERRANEAN,France,7955.0,1450487,POINT (2.959536 43.051712),True
26874,3.92923,43.85232,2017,1.0,,MEDITERRANEAN,France,7259.0,1450615,POINT (3.92923 43.85232),True
26906,2.812598,42.994051,2021,5.0,50.0,MEDITERRANEAN,France,11140.0,1451016,POINT (2.812598 42.994051),True
26940,5.4476,43.39288,2018,10.0,10.0,MEDITERRANEAN,France,5132.0,1452047,POINT (5.4476 43.39288),True
26955,3.035053,42.653044,2020,10.0,50.0,MEDITERRANEAN,France,2926.0,1452748,POINT (3.035053 42.653044),True
26957,2.013102,42.618236,2017,0.0,16.0,ALPINE,France,4842.0,1452786,POINT (2.013102 42.618236),True
26958,2.084889,42.614806,2021,10.0,50.0,ALPINE,France,1889.0,1453077,POINT (2.084889 42.614806),True
26964,2.88367,43.64687,2018,1.0,,CONTINENTAL,France,4238.0,1455470,POINT (2.88367 43.64687),True
26974,6.23832,43.35,2020,10.0,200.0,MEDITERRANEAN,France,1903.0,1456034,POINT (6.23832 43.35),True
26997,6.121145,43.035558,2017,0.0,30.0,MEDITERRANEAN,France,3438.0,1456677,POINT (6.121145 43.035558),True
27015,6.865784,43.45228,2020,4.0,30.0,MEDITERRANEAN,France,2665.0,1456860,POINT (6.865784 43.45228),True
27047,3.99463,44.39093,2019,1.0,,MEDITERRANEAN,France,5618.0,1456982,POINT (3.99463 44.39093),True
27055,3.236509,43.211846,2020,10.0,50.0,MEDITERRANEAN,France,9877.0,1459768,POINT (3.236509 43.211846),True
27067,4.030523,43.558844,2021,6.0,4.0,MEDITERRANEAN,France,2055.0,1459878,POINT (4.030523 43.558844),True
27072,3.513669,43.316887,2017,10.0,-inf,MEDITERRANEAN,France,7955.0,1460849,POINT (3.513669 43.316887),True
27073,3.728583,44.172708,2017,0.0,-inf,MEDITERRANEAN,France,6788.0,1460959,POINT (3.728583 44.172708),True
27081,6.899895,43.442318,2021,10.0,-inf,MEDITERRANEAN,France,7548.0,1462601,POINT (6.899895 43.442318),True
27086,6.33674,43.2113,2021,10.0,2.0,MEDITERRANEAN,France,4719.0,1465495,POINT (6.33674 43.2113),True
27108,4.040874,43.559674,2020,5.0,16.0,MEDITERRANEAN,France,982.0,1465761,POINT (4.040874 43.559674),True
27114,3.051792,42.889268,2018,10.0,16.0,MEDITERRANEAN,France,1300.0,1466521,POINT (3.051792 42.889268),True
27122,7.218967,43.817889,2018,0.0,100.0,MEDITERRANEAN,France,6909.0,1466994,POINT (7.218967 43.817889),True
27170,5.85793,43.2851,2019,1.0,,MEDITERRANEAN,France,4003.0,1467426,POINT (5.85793 43.2851),True
27188,3.327705,43.551606,2021,4.0,250.0,MEDITERRANEAN,France,7318.0,1468464,POINT (3.327705 43.551606),True
27203,5.60505,43.1637,2021,10.0,200.0,MEDITERRANEAN,France,4916.0,1470354,POINT (5.60505 43.1637),True
27227,7.139411,43.718917,2018,10.0,300.0,MEDITERRANEAN,France,8549.0,1470891,POINT (7.139411 43.718917),True
27269,4.040876,43.557154,2020,3.0,16.0,MEDITERRANEAN,France,8661.0,1470989,POINT (4.040876 43.557154),True
27271,3.189678,43.49571,2020,9.0,4.0,MEDITERRANEAN,France,6267.0,1472082,POINT (3.189678 43.49571),True
27272,3.834028,44.162749,2017,0.0,-inf,MEDITERRANEAN,France,4498.0,1473178,POINT (3.834028 44.162749),True
27281,2.333333,42.9,2018,10.0,-inf,MEDITERRANEAN,France,146.0,1474096,POINT (2.333333 42.9),True
27303,3.190644,43.51233,2020,4.0,200.0,MEDITERRANEAN,France,10305.0,1475876,POINT (3.190644 43.51233),True
27340,5.451026,43.212573,2018,0.0,200.0,MEDITERRANEAN,France,462.0,1476383,POINT (5.451026 43.212573),True
27364,7.118366,43.655653,2021,4.0,4.0,MEDITERRANEAN,France,5020.0,1477276,POINT (7.118366 43.655653),True
27392,2.146997,42.445439,2021,8.0,49.0,ALPINE,Spain,4207.0,1479871,POINT (2.146997 42.445439),True
27406,6.024392,43.115988,2018,0.0,200.0,MEDITERRANEAN,France,10686.0,1479921,POINT (6.024392 43.115988),True
27438,6.77164,43.8405,2019,10.0,500.0,MEDITERRANEAN,France,8549.0,1482727,POINT (6.77164 43.8405),True
27468,6.756377,43.508964,2021,5.0,100.0,MEDITERRANEAN,France,9165.0,1482744,POINT (6.756377 43.508964),True
27489,5.498752,43.40871,2017,0.0,100.0,MEDITERRANEAN,France,838.0,1484443,POINT (5.498752 43.40871),True
27506,3.831924,43.473384,2020,3.0,16.0,MEDITERRANEAN,France,11125.0,1484723,POINT (3.831924 43.473384),True
27515,3.620868,43.554733,2018,0.0,15.0,MEDITERRANEAN,France,10408.0,1486891,POINT (3.620868 43.554733),True
27518,5.666251,43.318015,2017,0.0,100.0,MEDITERRANEAN,France,10946.0,1487643,POINT (5.666251 43.318015),True
27524,6.32057,43.196,2021,10.0,3.0,MEDITERRANEAN,France,4090.0,1488437,POINT (6.32057 43.196),True
27541,7.234652,43.786198,2018,10.0,300.0,MEDITERRANEAN,France,146.0,1488914,POINT (7.234652 43.786198),True
27595,3.72674,44.71846,2017,1.0,,CONTINENTAL,France,9669.0,1492449,POINT (3.72674 44.71846),True
27610,3.513725,43.323184,2017,10.0,-inf,MEDITERRANEAN,France,7955.0,1492666,POINT (3.513725 43.323184),True
27612,6.034648,43.083854,2019,10.0,-inf,MEDITERRANEAN,France,1625.0,1494046,POINT (6.034648 43.083854),True
27623,5.10536,44.1874,2021,10.0,100.0,MEDITERRANEAN,France,2643.0,1494429,POINT (5.10536 44.1874),True
27631,4.496355,44.303401,2019,0.0,250.0,MEDITERRANEAN,France,11157.0,1495354,POINT (4.496355 44.303401),True
27644,6.48192,43.1671,2020,10.0,-inf,MEDITERRANEAN,France,3722.0,1496457,POINT (6.48192 43.1671),True
27649,3.522342,43.322243,2017,10.0,-inf,MEDITERRANEAN,France,7955.0,1496971,POINT (3.522342 43.322243),True
27650,6.50585,43.1806,2020,10.0,20.0,MEDITERRANEAN,France,5076.0,1496997,POINT (6.50585 43.1806),True
27694,3.189575,43.495637,2020,4.0,16.0,MEDITERRANEAN,France,9458.0,1497721,POINT (3.189575 43.495637),True
27704,6.929715,43.474953,2018,10.0,10.0,MEDITERRANEAN,France,9820.0,1498060,POINT (6.929715 43.474953),True
27712,6.50256,43.167,2020,10.0,10.0,MEDITERRANEAN,France,2485.0,1498519,POINT (6.50256 43.167),True
27726,6.085294,43.145241,2021,5.0,16.0,MEDITERRANEAN,France,6560.0,1499791,POINT (6.085294 43.145241),True
27746,5.672116,43.692883,2018,10.0,16.0,MEDITERRANEAN,France,4902.0,1499977,POINT (5.672116 43.692883),True
27753,6.031704,43.081336,2019,10.0,-inf,MEDITERRANEAN,France,3723.0,1500956,POINT (6.031704 43.081336),True
27765,3.752273,44.085041,2017,0.0,-inf,MEDITERRANEAN,France,6211.0,1504659,POINT (3.752273 44.085041),True
27783,5.723891,43.437996,2021,4.0,-inf,MEDITERRANEAN,France,2533.0,1505306,POINT (5.723891 43.437996),True
27791,1.963972,42.7432,2017,10.0,25.0,ALPINE,France,5166.0,1505490,POINT (1.963972 42.7432),True
27814,3.460131,43.777056,2021,5.0,250.0,MEDITERRANEAN,France,5335.0,1509937,POINT (3.460131 43.777056),True
27829,3.049504,42.888226,2018,10.0,16.0,MEDITERRANEAN,France,9877.0,1511811,POINT (3.049504 42.888226),True
27842,6.539324,43.254219,2020,4.0,50.0,MEDITERRANEAN,France,9261.0,1512084,POINT (6.539324 43.254219),True
27852,4.449345,43.459187,2018,0.0,10.0,MEDITERRANEAN,France,9555.0,1512568,POINT (4.449345 43.459187),True
27859,5.558497,43.189714,2021,10.0,200.0,MEDITERRANEAN,France,2421.0,1512988,POINT (5.558497 43.189714),True
27883,4.404778,43.534092,2018,0.0,-inf,MEDITERRANEAN,France,8027.0,1513809,POINT (4.404778 43.534092),True
27885,3.843722,43.482776,2020,3.0,25.0,MEDITERRANEAN,France,6491.0,1513872,POINT (3.843722 43.482776),True
27889,3.051305,42.891606,2018,10.0,16.0,MEDITERRANEAN,France,5868.0,1514127,POINT (3.051305 42.891606),True
27905,5.1515,44.1676,2020,10.0,60.0,MEDITERRANEAN,France,2643.0,1514162,POINT (5.1515 44.1676),True
27913,3.37796,43.877325,2021,5.0,250.0,MEDITERRANEAN,France,3177.0,1514391,POINT (3.37796 43.877325),True
27926,5.498734,43.408881,2017,0.0,100.0,MEDITERRANEAN,France,4029.0,1517017,POINT (5.498734 43.408881),True
27933,5.78226,43.66536,2018,1.0,,MEDITERRANEAN,France,3251.0,1517662,POINT (5.78226 43.66536),True
27950,5.34309,43.21296,2020,10.0,100.0,MEDITERRANEAN,France,4299.0,1519201,POINT (5.34309 43.21296),True
27969,5.92828,43.2288,2017,1.0,,MEDITERRANEAN,France,1254.0,1520921,POINT (5.92828 43.2288),True
27993,6.58065,43.210004,2019,10.0,50.0,MEDITERRANEAN,France,3125.0,1524376,POINT (6.58065 43.210004),True
28008,6.11626,43.0963,2019,10.0,150.0,MEDITERRANEAN,France,11193.0,1524915,POINT (6.11626 43.0963),True
28022,5.13461,43.4846,2021,10.0,100.0,MEDITERRANEAN,France,7054.0,1525254,POINT (5.13461 43.4846),True
28039,6.095923,43.135226,2018,0.0,7.0,MEDITERRANEAN,France,5451.0,1525446,POINT (6.095923 43.135226),True
28062,2.16879,42.62391,2019,1.0,,ALPINE,France,8983.0,1526616,POINT (2.16879 42.62391),True
28086,3.460215,44.094782,2021,4.0,250.0,MEDITERRANEAN,France,6788.0,1527938,POINT (3.460215 44.094782),True
28089,5.549055,43.530641,2017,0.0,100.0,MEDITERRANEAN,France,1304.0,1528851,POINT (5.549055 43.530641),True
28099,5.87476,43.15863,2019,1.0,,MEDITERRANEAN,France,5474.0,1530153,POINT (5.87476 43.15863),True
28106,3.20794,43.480145,2021,5.0,200.0,MEDITERRANEAN,France,10305.0,1530233,POINT (3.20794 43.480145),True
28150,7.40039,43.7505,2019,10.0,10.0,MEDITERRANEAN,Monaco,2634.0,1530351,POINT (7.40039 43.7505),True
28172,3.854348,43.489029,2020,3.0,16.0,MEDITERRANEAN,France,2715.0,1531482,POINT (3.854348 43.489029),True
28178,6.918423,43.514254,2020,5.0,40.0,MEDITERRANEAN,France,3669.0,1533449,POINT (6.918423 43.514254),True
28202,5.685082,43.696849,2018,10.0,16.0,MEDITERRANEAN,France,4902.0,1534749,POINT (5.685082 43.696849),True
28209,6.027579,43.115844,2018,0.0,-inf,MEDITERRANEAN,France,129.0,1535438,POINT (6.027579 43.115844),True
28216,4.407217,43.533682,2018,0.0,-inf,MEDITERRANEAN,France,8908.0,1536510,POINT (4.407217 43.533682),True
28220,5.66065,43.70515,2019,1.0,,MEDITERRANEAN,France,6689.0,1537457,POINT (5.66065 43.70515),True
28245,3.826014,43.467032,2020,10.0,40.0,MEDITERRANEAN,France,9877.0,1540785,POINT (3.826014 43.467032),True
28254,6.4872,43.1726,2020,10.0,4.0,MEDITERRANEAN,France,6880.0,1542279,POINT (6.4872 43.1726),True
28261,3.513765,43.327682,2017,10.0,-inf,MEDITERRANEAN,France,7955.0,1542348,POINT (3.513765 43.327682),True
28263,4.025908,44.309502,2021,6.0,25.0,MEDITERRANEAN,France,6883.0,1542785,POINT (4.025908 44.309502),True
28298,4.675369,43.493535,2021,5.0,25.0,MEDITERRANEAN,France,7627.0,1543352,POINT (4.675369 43.493535),True
28301,1.976611,42.828056,2017,10.0,40.0,MEDITERRANEAN,France,1497.0,1543854,POINT (1.976611 42.828056),True
28344,4.334576,43.458079,2017,0.0,100.0,MEDITERRANEAN,France,9572.0,1544692,POINT (4.334576 43.458079),True
28346,7.112753,43.767206,2020,6.0,4.0,MEDITERRANEAN,France,1677.0,1545900,POINT (7.112753 43.767206),True
28358,3.382883,43.947102,2019,0.0,50.0,MEDITERRANEAN,France,10100.0,1548602,POINT (3.382883 43.947102),True
28373,3.026389,42.837833,2017,10.0,-inf,MEDITERRANEAN,France,8243.0,1549630,POINT (3.026389 42.837833),True
28387,4.50257,43.659,2021,10.0,100.0,MEDITERRANEAN,France,2683.0,1549810,POINT (4.50257 43.659),True
28393,6.027519,43.115873,2018,10.0,20.0,MEDITERRANEAN,France,340.0,1550965,POINT (6.027519 43.115873),True
28404,3.038176,42.770425,2018,10.0,16.0,MEDITERRANEAN,France,2173.0,1552749,POINT (3.038176 42.770425),True
28407,3.883012,43.973933,2021,5.0,250.0,MEDITERRANEAN,France,2474.0,1553428,POINT (3.883012 43.973933),True
28429,5.11581,43.7205,2017,1.0,,MEDITERRANEAN,France,2634.0,1557945,POINT (5.11581 43.7205),True
28458,3.03122,42.749297,2018,10.0,16.0,MEDITERRANEAN,France,4755.0,1558187,POINT (3.03122 42.749297),True
28464,6.48453,43.1687,2020,10.0,5.0,MEDITERRANEAN,France,628.0,1560765,POINT (6.48453 43.1687),True
28467,3.037941,42.746966,2018,10.0,16.0,MEDITERRANEAN,France,5799.0,1561888,POINT (3.037941 42.746966),True
28475,2.635,43.43214,2018,1.0,,CONTINENTAL,France,6395.0,1562078,POINT (2.635 43.43214),True
28486,7.07905,43.7542,2019,10.0,100.0,MEDITERRANEAN,France,9442.0,1562449,POINT (7.07905 43.7542),True
28527,5.711865,43.472031,2021,10.0,100.0,MEDITERRANEAN,France,8208.0,1563667,POINT (5.711865 43.472031),True
28539,3.871664,44.132464,2017,0.0,-inf,MEDITERRANEAN,France,10711.0,1566537,POINT (3.871664 44.132464),True
28564,7.242491,43.698827,2021,5.0,-inf,MEDITERRANEAN,France,6689.0,1567123,POINT (7.242491 43.698827),True
28589,5.14786,44.1695,2020,10.0,10.0,MEDITERRANEAN,France,8076.0,1567251,POINT (5.14786 44.1695),True
28606,6.361736,43.25406,2019,10.0,10.0,MEDITERRANEAN,France,3140.0,1567315,POINT (6.361736 43.25406),True
28617,3.728946,44.136612,2017,0.0,-inf,MEDITERRANEAN,France,1539.0,1567509,POINT (3.728946 44.136612),True
28626,1.953214,42.505347,2018,0.0,25.0,ALPINE,France,8473.0,1567857,POINT (1.953214 42.505347),True
28659,3.351765,43.558546,2021,4.0,100.0,MEDITERRANEAN,France,9572.0,1568632,POINT (3.351765 43.558546),True
28671,6.33734,43.74271,2020,10.0,9.0,MEDITERRANEAN,France,6689.0,1570433,POINT (6.33734 43.74271),True
28680,6.51543,43.187,2020,10.0,40.0,MEDITERRANEAN,France,4209.0,1570891,POINT (6.51543 43.187),True
28701,6.02724,43.1156,2020,10.0,200.0,MEDITERRANEAN,France,74.0,1572150,POINT (6.02724 43.1156),True
28723,6.748625,43.580614,2020,4.0,300.0,MEDITERRANEAN,France,5412.0,1576056,POINT (6.748625 43.580614),True
28765,3.654511,44.23477,2017,0.0,-inf,MEDITERRANEAN,France,9636.0,1576236,POINT (3.654511 44.23477),True
28788,6.11309,43.42038,2018,1.0,,MEDITERRANEAN,France,982.0,1577938,POINT (6.11309 43.42038),True
28812,3.26645,43.231858,2020,10.0,40.0,MEDITERRANEAN,France,1531.0,1579238,POINT (3.26645 43.231858),True
28822,4.366413,44.271702,2019,0.0,9.0,MEDITERRANEAN,France,4511.0,1580071,POINT (4.366413 44.271702),True
28835,3.523639,43.329434,2017,10.0,-inf,MEDITERRANEAN,France,7955.0,1580758,POINT (3.523639 43.329434),True
28836,3.052191,42.893419,2021,5.0,25.0,MEDITERRANEAN,France,1000.0,1581677,POINT (3.052191 42.893419),True
28854,2.290222,42.8725,2021,10.0,80.0,MEDITERRANEAN,France,8991.0,1582031,POINT (2.290222 42.8725),True
28865,7.473796,44.083087,2021,0.0,15.0,ALPINE,France,5068.0,1582593,POINT (7.473796 44.083087),True
28878,7.13748,43.72555,2020,10.0,200.0,MEDITERRANEAN,France,8424.0,1583541,POINT (7.13748 43.72555),True
28934,2.831726,43.011721,2021,5.0,16.0,MEDITERRANEAN,France,6915.0,1583824,POINT (2.831726 43.011721),True
28966,7.196694,43.815748,2018,10.0,300.0,MEDITERRANEAN,France,9702.0,1583835,POINT (7.196694 43.815748),True
28987,7.20021,44.01476,2019,10.0,300.0,MEDITERRANEAN,France,5542.0,1583891,POINT (7.20021 44.01476),True
29035,3.74744,44.53829,2018,1.0,,CONTINENTAL,France,5542.0,1584696,POINT (3.74744 44.53829),True
29053,3.25585,43.69828,2018,1.0,,MEDITERRANEAN,France,8208.0,1585439,POINT (3.25585 43.69828),True
29078,3.844972,43.770038,2021,5.0,250.0,MEDITERRANEAN,France,3251.0,1585877,POINT (3.844972 43.770038),True
29094,6.140135,43.151011,2021,5.0,200.0,MEDITERRANEAN,France,2474.0,1586081,POINT (6.140135 43.151011),True
29131,6.817015,44.324294,2018,0.0,-inf,ALPINE,France,4997.0,1586820,POINT (6.817015 44.324294),True
29163,3.14417,44.56237,2017,1.0,,CONTINENTAL,France,2025.0,1588690,POINT (3.14417 44.56237),True
29172,4.365893,44.269872,2019,0.0,9.0,MEDITERRANEAN,France,1051.0,1589245,POINT (4.365893 44.269872),True
29188,3.031564,42.754764,2018,10.0,16.0,MEDITERRANEAN,France,9877.0,1591141,POINT (3.031564 42.754764),True
29199,5.205932,44.058781,2017,10.0,10.0,MEDITERRANEAN,France,8924.0,1591504,POINT (5.205932 44.058781),True
29216,4.333893,44.163885,2021,5.0,250.0,MEDITERRANEAN,France,5412.0,1591889,POINT (4.333893 44.163885),True
29226,3.739644,44.205768,2017,0.0,-inf,MEDITERRANEAN,France,3581.0,1591962,POINT (3.739644 44.205768),True
29239,3.8211,43.611176,2021,5.0,50.0,MEDITERRANEAN,France,2386.0,1592682,POINT (3.8211 43.611176),True
29249,6.02474,43.1185,2020,10.0,300.0,MEDITERRANEAN,France,7054.0,1594407,POINT (6.02474 43.1185),True
29261,4.016958,43.929348,2021,5.0,250.0,MEDITERRANEAN,France,1276.0,1594920,POINT (4.016958 43.929348),True
29276,6.930043,43.475238,2018,0.0,40.0,MEDITERRANEAN,France,7548.0,1595471,POINT (6.930043 43.475238),True
29279,3.667275,43.829542,2018,0.0,25.0,MEDITERRANEAN,France,5120.0,1596237,POINT (3.667275 43.829542),True
29282,3.08218,43.68164,2018,1.0,,MEDITERRANEAN,France,981.0,1596302,POINT (3.08218 43.68164),True
29307,4.893937,43.362323,2021,5.0,16.0,MEDITERRANEAN,France,857.0,1596820,POINT (4.893937 43.362323),True
29312,4.71637,44.25168,2017,1.0,,MEDITERRANEAN,France,9261.0,1597101,POINT (4.71637 44.25168),True
29329,3.038589,42.562386,2020,4.0,10.0,MEDITERRANEAN,France,3356.0,1598322,POINT (3.038589 42.562386),True
29335,5.919301,43.23021,2017,10.0,4.0,MEDITERRANEAN,France,449.0,1598377,POINT (5.919301 43.23021),True
29345,4.009675,43.552897,2021,4.0,16.0,MEDITERRANEAN,France,1531.0,1601031,POINT (4.009675 43.552897),True
29347,4.68315,44.05451,2018,1.0,,MEDITERRANEAN,France,5335.0,1601450,POINT (4.68315 44.05451),True
29359,2.868627,43.047396,2021,5.0,4.0,MEDITERRANEAN,France,7955.0,1602086,POINT (2.868627 43.047396),True
29360,2.143577,42.443363,2017,0.0,25.0,ALPINE,Spain,4712.0,1603141,POINT (2.143577 42.443363),True
29366,4.95476,44.0559,2020,10.0,100.0,MEDITERRANEAN,France,9376.0,1603803,POINT (4.95476 44.0559),True
29387,5.533338,43.380489,2018,0.0,100.0,MEDITERRANEAN,France,3696.0,1606412,POINT (5.533338 43.380489),True
29398,6.580332,43.214201,2019,10.0,50.0,MEDITERRANEAN,France,6548.0,1606487,POINT (6.580332 43.214201),True
29415,6.14801,43.20324,2019,1.0,,MEDITERRANEAN,France,4003.0,1606580,POINT (6.14801 43.20324),True
29427,3.51991,43.325853,2017,10.0,-inf,MEDITERRANEAN,France,7955.0,1608458,POINT (3.51991 43.325853),True
29428,3.464133,43.758155,2021,4.0,250.0,MEDITERRANEAN,France,2120.0,1608790,POINT (3.464133 43.758155),True
29443,3.789704,43.655764,2020,4.0,16.0,MEDITERRANEAN,France,8076.0,1609401,POINT (3.789704 43.655764),True
29457,2.98107,43.50252,2018,1.0,,MEDITERRANEAN,France,9572.0,1609771,POINT (2.98107 43.50252),True
29483,6.46841,43.165,2020,10.0,30.0,MEDITERRANEAN,France,9990.0,1611966,POINT (6.46841 43.165),True
29502,4.95133,44.0534,2020,10.0,100.0,MEDITERRANEAN,France,6707.0,1613915,POINT (4.95133 44.0534),True
29535,2.6796,42.64145,2018,1.0,,MEDITERRANEAN,France,1736.0,1615054,POINT (2.6796 42.64145),True
29566,3.753267,44.190328,2017,0.0,-inf,MEDITERRANEAN,France,981.0,1615580,POINT (3.753267 44.190328),True
29586,5.656593,43.629476,2017,0.0,12.0,MEDITERRANEAN,France,6491.0,1616938,POINT (5.656593 43.629476),True
29591,3.757372,44.07975,2017,0.0,-inf,MEDITERRANEAN,France,4871.0,1617464,POINT (3.757372 44.07975),True
29596,5.685446,43.696138,2018,10.0,16.0,MEDITERRANEAN,France,245.0,1617669,POINT (5.685446 43.696138),True
29603,5.677355,43.693483,2018,10.0,16.0,MEDITERRANEAN,France,8737.0,1617758,POINT (5.677355 43.693483),True
29615,2.8066,43.30572,2019,1.0,,MEDITERRANEAN,France,5219.0,1619087,POINT (2.8066 43.30572),True
29637,3.404016,43.860545,2021,4.0,250.0,MEDITERRANEAN,France,6226.0,1619637,POINT (3.404016 43.860545),True
29654,6.416658,43.270241,2021,3.0,4.0,MEDITERRANEAN,France,5166.0,1619979,POINT (6.416658 43.270241),True
29668,3.800006,43.640668,2020,4.0,50.0,MEDITERRANEAN,France,4003.0,1621464,POINT (3.800006 43.640668),True
29697,7.07599,43.7627,2019,10.0,-inf,MEDITERRANEAN,France,5173.0,1623120,POINT (7.07599 43.7627),True
29732,3.523621,43.3206,2017,10.0,-inf,MEDITERRANEAN,France,6279.0,1623482,POINT (3.523621 43.3206),True
29733,7.044677,43.634472,2018,0.0,50.0,MEDITERRANEAN,France,10305.0,1624104,POINT (7.044677 43.634472),True
29766,6.189098,43.340099,2017,10.0,-inf,MEDITERRANEAN,France,6560.0,1625605,POINT (6.189098 43.340099),True
29783,4.779948,43.350804,2017,0.0,2.0,MEDITERRANEAN,France,4659.0,1626986,POINT (4.779948 43.350804),True
29787,3.99204,43.802858,2020,4.0,400.0,MEDITERRANEAN,France,11157.0,1627944,POINT (3.99204 43.802858),True
29804,3.613478,43.556673,2018,0.0,12.0,MEDITERRANEAN,France,340.0,1629649,POINT (3.613478 43.556673),True
29824,4.419672,44.15569,2021,5.0,250.0,MEDITERRANEAN,France,1276.0,1630872,POINT (4.419672 44.15569),True
29834,3.304015,43.251297,2020,10.0,40.0,MEDITERRANEAN,France,2173.0,1631048,POINT (3.304015 43.251297),True
29845,7.097807,43.781933,2021,4.0,200.0,MEDITERRANEAN,France,8991.0,1631511,POINT (7.097807 43.781933),True
29907,5.104635,44.127614,2021,5.0,-inf,MEDITERRANEAN,France,3387.0,1631808,POINT (5.104635 44.127614),True
29924,1.961528,42.8575,2017,10.0,50.0,MEDITERRANEAN,France,30.0,1632651,POINT (1.961528 42.8575),True
29983,6.097774,43.13583,2018,0.0,40.0,MEDITERRANEAN,France,545.0,1632838,POINT (6.097774 43.13583),True
30009,3.201516,43.186117,2020,10.0,50.0,MEDITERRANEAN,France,2926.0,1634277,POINT (3.201516 43.186117),True
30011,6.1143,43.12589,2021,10.0,20.0,MEDITERRANEAN,France,3958.0,1634428,POINT (6.1143 43.12589),True
30020,2.46108,42.83951,2017,1.0,,MEDITERRANEAN,France,4530.0,1635701,POINT (2.46108 42.83951),True
30040,7.242178,43.701009,2021,5.0,15.0,MEDITERRANEAN,France,1407.0,1636617,POINT (7.242178 43.701009),True
30064,1.957028,42.743694,2017,10.0,25.0,ALPINE,France,10024.0,1637437,POINT (1.957028 42.743694),True
30088,7.118795,43.822369,2020,10.0,10.0,MEDITERRANEAN,France,1519.0,1637523,POINT (7.118795 43.822369),True
30096,3.788858,43.651026,2021,5.0,16.0,MEDITERRANEAN,France,10822.0,1640140,POINT (3.788858 43.651026),True
30117,5.64507,43.50286,2021,10.0,100.0,MEDITERRANEAN,France,6925.0,1641371,POINT (5.64507 43.50286),True
30139,2.36351,42.9833,2017,1.0,,MEDITERRANEAN,France,6235.0,1642395,POINT (2.36351 42.9833),True
30155,4.053823,43.561054,2020,5.0,100.0,MEDITERRANEAN,France,11195.0,1643409,POINT (4.053823 43.561054),True
30162,3.893806,44.162413,2017,0.0,-inf,MEDITERRANEAN,France,661.0,1644008,POINT (3.893806 44.162413),True
30184,6.47269,43.1646,2020,10.0,-inf,MEDITERRANEAN,France,9990.0,1646472,POINT (6.47269 43.1646),True
30201,5.437773,43.209606,2018,10.0,50.0,MEDITERRANEAN,France,9936.0,1647670,POINT (5.437773 43.209606),True
30212,5.18058,43.7379,2019,10.0,100.0,MEDITERRANEAN,France,4386.0,1647679,POINT (5.18058 43.7379),True
30229,3.037511,42.762369,2018,10.0,16.0,MEDITERRANEAN,France,10289.0,1647723,POINT (3.037511 42.762369),True
30240,7.118145,43.654137,2021,5.0,-inf,MEDITERRANEAN,France,9348.0,1649168,POINT (7.118145 43.654137),True
30258,3.649203,43.848378,2018,0.0,12.0,MEDITERRANEAN,France,2703.0,1649806,POINT (3.649203 43.848378),True
30262,1.981639,42.86175,2018,10.0,-inf,ALPINE,France,9636.0,1650697,POINT (1.981639 42.86175),True
30287,3.715146,43.752926,2018,10.0,20.0,MEDITERRANEAN,France,11221.0,1650977,POINT (3.715146 43.752926),True
30294,2.63222,42.89307,2018,1.0,,MEDITERRANEAN,France,11157.0,1651013,POINT (2.63222 42.89307),True
30319,3.037344,42.76744,2018,10.0,16.0,MEDITERRANEAN,France,10073.0,1651019,POINT (3.037344 42.76744),True
30332,7.103307,43.640369,2020,4.0,-inf,MEDITERRANEAN,France,4916.0,1651376,POINT (7.103307 43.640369),True
30354,6.50757,43.1585,2020,10.0,-inf,MEDITERRANEAN,France,6836.0,1651783,POINT (6.50757 43.1585),True
30369,5.753769,43.708942,2021,5.0,10.0,MEDITERRANEAN,France,10101.0,1652681,POINT (5.753769 43.708942),True
30396,7.09787,43.782054,2021,2.0,16.0,MEDITERRANEAN,France,811.0,1652998,POINT (7.09787 43.782054),True
30406,3.051539,42.894232,2018,10.0,16.0,MEDITERRANEAN,France,5907.0,1653568,POINT (3.051539 42.894232),True
30422,4.39073,43.4638,2021,10.0,30.0,MEDITERRANEAN,France,2683.0,1653886,POINT (4.39073 43.4638),True
30424,3.469199,44.098606,2021,4.0,250.0,MEDITERRANEAN,France,843.0,1655633,POINT (3.469199 44.098606),True
30433,3.510071,43.328014,2017,10.0,25.0,MEDITERRANEAN,France,857.0,1656149,POINT (3.510071 43.328014),True
30435,6.503,43.1563,2020,10.0,25.0,MEDITERRANEAN,France,3935.0,1656289,POINT (6.503 43.1563),True
30448,2.335222,43.202472,2021,10.0,10.0,MEDITERRANEAN,France,10051.0,1656304,POINT (2.335222 43.202472),True
30455,6.930021,43.475266,2018,0.0,15.0,MEDITERRANEAN,France,4567.0,1656329,POINT (6.930021 43.475266),True
30461,6.48578,43.1529,2020,10.0,100.0,MEDITERRANEAN,France,7199.0,1656369,POINT (6.48578 43.1529),True
30477,3.513749,43.325883,2017,10.0,-inf,MEDITERRANEAN,France,7955.0,1659717,POINT (3.513749 43.325883),True
30478,2.65478,42.55173,2017,1.0,,MEDITERRANEAN,France,11157.0,1660080,POINT (2.65478 42.55173),True
30500,6.49179,43.168,2020,10.0,0.5,MEDITERRANEAN,France,1309.0,1660247,POINT (6.49179 43.168),True
30505,5.02249,43.4002,2021,10.0,16.0,MEDITERRANEAN,France,9135.0,1660336,POINT (5.02249 43.4002),True
30509,5.698883,43.41911,2017,0.0,200.0,MEDITERRANEAN,France,11013.0,1660383,POINT (5.698883 43.41911),True
30530,3.67075,43.650609,2021,5.0,250.0,MEDITERRANEAN,France,3935.0,1661274,POINT (3.67075 43.650609),True
30553,3.816516,43.6025,2020,10.0,4.0,MEDITERRANEAN,France,2922.0,1662484,POINT (3.816516 43.6025),True
30557,2.897697,43.32757,2021,5.0,250.0,MEDITERRANEAN,France,11193.0,1662534,POINT (2.897697 43.32757),True
30573,6.50607,43.1801,2020,10.0,60.0,MEDITERRANEAN,France,10914.0,1662850,POINT (6.50607 43.1801),True
30601,3.140734,43.17038,2021,5.0,100.0,MEDITERRANEAN,France,6874.0,1664234,POINT (3.140734 43.17038),True
30624,3.037472,42.742611,2017,10.0,-inf,MEDITERRANEAN,France,10993.0,1664540,POINT (3.037472 42.742611),True
30658,3.085962,43.173378,2021,5.0,100.0,MEDITERRANEAN,France,2932.0,1665067,POINT (3.085962 43.173378),True
30684,2.10202,42.5611,2021,10.0,25.0,ALPINE,France,3318.0,1666309,POINT (2.10202 42.5611),True
30687,5.46423,43.912,2020,10.0,40.0,MEDITERRANEAN,France,10427.0,1667506,POINT (5.46423 43.912),True
30704,5.16333,43.7062,2021,10.0,2.0,MEDITERRANEAN,France,1431.0,1668141,POINT (5.16333 43.7062),True
30720,5.67909,43.59663,2017,1.0,,MEDITERRANEAN,France,6175.0,1669274,POINT (5.67909 43.59663),True
30737,3.109324,43.1522,2021,5.0,100.0,MEDITERRANEAN,France,4029.0,1669372,POINT (3.109324 43.1522),True
30755,4.81903,43.915,2019,10.0,100.0,MEDITERRANEAN,France,9261.0,1670001,POINT (4.81903 43.915),True
30765,6.46034,43.78566,2019,1.0,,MEDITERRANEAN,France,4238.0,1670358,POINT (6.46034 43.78566),True
30783,2.17032,43.3597,2021,10.0,16.0,CONTINENTAL,France,1519.0,1670715,POINT (2.17032 43.3597),True
30796,5.454317,43.211544,2018,10.0,-inf,MEDITERRANEAN,France,8785.0,1670908,POINT (5.454317 43.211544),True
30801,6.580885,43.186999,2019,10.0,20.0,MEDITERRANEAN,France,4209.0,1671635,POINT (6.580885 43.186999),True
30815,1.97469,42.55158,2019,1.0,,ALPINE,France,5148.0,1671859,POINT (1.97469 42.55158),True
30832,2.113306,42.590306,2018,10.0,-inf,ALPINE,France,471.0,1673375,POINT (2.113306 42.590306),True
30862,3.512493,43.32319,2017,10.0,-inf,MEDITERRANEAN,France,7955.0,1673873,POINT (3.512493 43.32319),True
30864,3.453488,43.846444,2021,5.0,250.0,MEDITERRANEAN,France,1276.0,1674138,POINT (3.453488 43.846444),True
30885,6.57645,43.1949,2019,10.0,200.0,MEDITERRANEAN,France,4003.0,1674506,POINT (6.57645 43.1949),True
30899,2.48702,43.43244,2017,1.0,,CONTINENTAL,France,963.0,1674633,POINT (2.48702 43.43244),True
30905,7.474001,44.082802,2021,0.0,10.0,ALPINE,France,7472.0,1676866,POINT (7.474001 44.082802),True
30921,5.595288,43.167027,2017,0.0,4.0,MEDITERRANEAN,France,5334.0,1677249,POINT (5.595288 43.167027),True
30952,6.611786,43.173264,2019,10.0,100.0,MEDITERRANEAN,France,10315.0,1677728,POINT (6.611786 43.173264),True
30970,3.51747,43.328564,2017,10.0,-inf,MEDITERRANEAN,France,7955.0,1678288,POINT (3.51747 43.328564),True
30971,5.071709,43.711444,2017,10.0,100.0,MEDITERRANEAN,France,2957.0,1679035,POINT (5.071709 43.711444),True
31002,7.006105,43.869996,2021,5.0,-inf,MEDITERRANEAN,France,10948.0,1679973,POINT (7.006105 43.869996),True
31025,2.68173,43.00071,2018,1.0,,MEDITERRANEAN,France,3894.0,1682048,POINT (2.68173 43.00071),True
31051,2.93057,43.39497,2018,1.0,,MEDITERRANEAN,France,11193.0,1683210,POINT (2.93057 43.39497),True
31070,4.844484,43.380354,2017,0.0,100.0,MEDITERRANEAN,France,1187.0,1683619,POINT (4.844484 43.380354),True
31077,5.585592,43.169312,2017,0.0,100.0,MEDITERRANEAN,France,5721.0,1684551,POINT (5.585592 43.169312),True
31096,4.547997,43.455133,2017,0.0,5.0,MEDITERRANEAN,France,2325.0,1684557,POINT (4.547997 43.455133),True
31100,3.399491,43.967394,2021,5.0,250.0,MEDITERRANEAN,France,1276.0,1685134,POINT (3.399491 43.967394),True
31115,6.49877,43.1655,2020,10.0,20.0,MEDITERRANEAN,France,340.0,1685776,POINT (6.49877 43.1655),True
31128,5.781197,43.743452,2017,10.0,150.0,MEDITERRANEAN,France,10948.0,1686144,POINT (5.781197 43.743452),True
31190,5.455704,43.379839,2018,0.0,50.0,MEDITERRANEAN,France,1431.0,1686169,POINT (5.455704 43.379839),True
31214,3.4857,44.03773,2019,1.0,,MEDITERRANEAN,France,5542.0,1689239,POINT (3.4857 44.03773),True
31225,2.083806,42.611528,2021,10.0,5.0,ALPINE,France,7566.0,1689590,POINT (2.083806 42.611528),True
31240,4.841037,43.764997,2017,0.0,3.0,MEDITERRANEAN,France,9771.0,1690244,POINT (4.841037 43.764997),True
31253,6.52579,43.1904,2020,10.0,-inf,MEDITERRANEAN,France,6548.0,1692095,POINT (6.52579 43.1904),True
31269,3.174607,44.403192,2021,4.0,250.0,CONTINENTAL,France,10956.0,1692710,POINT (3.174607 44.403192),True
31281,6.49921,43.1683,2020,10.0,100.0,MEDITERRANEAN,France,9134.0,1695145,POINT (6.49921 43.1683),True
31305,5.80482,43.62866,2018,1.0,,MEDITERRANEAN,France,4530.0,1695327,POINT (5.80482 43.62866),True
31317,3.118017,43.152724,2021,4.0,100.0,MEDITERRANEAN,France,6786.0,1695442,POINT (3.118017 43.152724),True
31339,4.838602,43.373508,2017,0.0,100.0,MEDITERRANEAN,France,8489.0,1695459,POINT (4.838602 43.373508),True
31346,3.95561,43.90588,2017,1.0,,MEDITERRANEAN,France,2421.0,1698914,POINT (3.95561 43.90588),True
31362,3.501277,44.035814,2019,10.0,16.0,MEDITERRANEAN,France,10600.0,1699414,POINT (3.501277 44.035814),True
31374,3.516975,43.318725,2017,10.0,-inf,MEDITERRANEAN,France,6279.0,1699808,POINT (3.516975 43.318725),True
31376,4.3999,44.174885,2021,5.0,250.0,MEDITERRANEAN,France,2474.0,1699863,POINT (4.3999 44.174885),True
31386,5.029133,43.336789,2017,0.0,10.0,MEDITERRANEAN,France,3642.0,1700893,POINT (5.029133 43.336789),True
31390,6.09645,43.146506,2020,4.0,50.0,MEDITERRANEAN,France,6548.0,1701423,POINT (6.09645 43.146506),True
31398,5.357861,43.209501,2017,0.0,200.0,MEDITERRANEAN,France,11193.0,1702723,POINT (5.357861 43.209501),True
31414,5.50985,43.22399,2017,1.0,,MEDITERRANEAN,France,3251.0,1702740,POINT (5.50985 43.22399),True
31428,5.02105,43.4004,2021,10.0,100.0,MEDITERRANEAN,France,9890.0,1703492,POINT (5.02105 43.4004),True
31435,7.458554,43.891189,2018,0.0,-inf,MEDITERRANEAN,France,5412.0,1703900,POINT (7.458554 43.891189),True
31497,5.602422,43.238053,2017,0.0,100.0,MEDITERRANEAN,France,8784.0,1704655,POINT (5.602422 43.238053),True
31510,7.036271,43.791279,2020,3.0,16.0,MEDITERRANEAN,France,2891.0,1704758,POINT (7.036271 43.791279),True
31534,3.667262,43.829542,2018,10.0,20.0,MEDITERRANEAN,France,10408.0,1706045,POINT (3.667262 43.829542),True
31538,3.680907,44.167326,2017,0.0,-inf,MEDITERRANEAN,France,4498.0,1706064,POINT (3.680907 44.167326),True
31545,3.362229,43.856548,2019,0.0,50.0,MEDITERRANEAN,France,272.0,1706131,POINT (3.362229 43.856548),True
31562,5.272059,44.174272,2021,5.0,25.0,MEDITERRANEAN,France,9839.0,1706516,POINT (5.272059 44.174272),True
31574,3.282811,43.498625,2021,4.0,250.0,MEDITERRANEAN,France,4003.0,1707035,POINT (3.282811 43.498625),True
31585,4.19168,44.27983,2019,1.0,,MEDITERRANEAN,France,7536.0,1707082,POINT (4.19168 44.27983),True
31602,3.115016,43.17783,2021,5.0,100.0,MEDITERRANEAN,France,982.0,1708122,POINT (3.115016 43.17783),True
31619,4.143562,44.309239,2019,10.0,50.0,MEDITERRANEAN,France,7536.0,1709070,POINT (4.143562 44.309239),True
31637,6.015442,43.115879,2018,0.0,200.0,MEDITERRANEAN,France,1718.0,1711558,POINT (6.015442 43.115879),True
31668,3.77837,43.7825,2019,1.0,,MEDITERRANEAN,France,3043.0,1713694,POINT (3.77837 43.7825),True
31692,3.671923,43.606346,2018,10.0,12.0,MEDITERRANEAN,France,11140.0,1714997,POINT (3.671923 43.606346),True
31703,6.694623,43.658901,2021,4.0,-inf,MEDITERRANEAN,France,1051.0,1715140,POINT (6.694623 43.658901),True
31743,3.171942,44.403705,2021,8.0,10.0,CONTINENTAL,France,5166.0,1716722,POINT (3.171942 44.403705),True
31755,5.7213,43.6972,2019,10.0,20.0,MEDITERRANEAN,France,11115.0,1717213,POINT (5.7213 43.6972),True
31765,3.67801,44.79102,2017,1.0,,CONTINENTAL,France,10600.0,1717344,POINT (3.67801 44.79102),True
31786,6.48691,43.1535,2020,10.0,-inf,MEDITERRANEAN,France,5474.0,1718553,POINT (6.48691 43.1535),True
31795,5.519276,43.212828,2017,0.0,150.0,MEDITERRANEAN,France,1736.0,1718605,POINT (5.519276 43.212828),True
31816,3.698275,43.814994,2018,10.0,20.0,MEDITERRANEAN,France,6703.0,1718667,POINT (3.698275 43.814994),True
31820,6.46562,43.1735,2019,1.0,,MEDITERRANEAN,France,10909.0,1720446,POINT (6.46562 43.1735),True
31826,7.034551,43.6666,2021,5.0,70.0,MEDITERRANEAN,France,2386.0,1721292,POINT (7.034551 43.6666),True
31841,3.517446,43.325865,2017,10.0,-inf,MEDITERRANEAN,France,7955.0,1723118,POINT (3.517446 43.325865),True
31843,5.708419,43.312664,2018,0.0,10.0,MEDITERRANEAN,France,1152.0,1723444,POINT (5.708419 43.312664),True
31862,3.511213,43.317798,2017,10.0,-inf,MEDITERRANEAN,France,6279.0,1723637,POINT (3.511213 43.317798),True
31864,5.56417,43.2073,2021,10.0,200.0,MEDITERRANEAN,France,2932.0,1724263,POINT (5.56417 43.2073),True
31882,5.168786,44.12264,2017,10.0,20.0,MEDITERRANEAN,France,8737.0,1724580,POINT (5.168786 44.12264),True
31890,4.037266,43.556782,2021,5.0,16.0,MEDITERRANEAN,France,1531.0,1726324,POINT (4.037266 43.556782),True
31891,2.75871,43.48565,2017,1.0,,MEDITERRANEAN,France,3935.0,1726340,POINT (2.75871 43.48565),True
31923,5.015091,43.366739,2017,10.0,10.0,MEDITERRANEAN,France,10731.0,1726393,POINT (5.015091 43.366739),True
31933,5.6103,43.6607,2019,10.0,100.0,MEDITERRANEAN,France,5483.0,1727174,POINT (5.6103 43.6607),True
31948,5.30089,43.46376,2017,1.0,,MEDITERRANEAN,France,5721.0,1727409,POINT (5.30089 43.46376),True
31962,1.981417,42.783333,2018,10.0,-inf,ALPINE,France,6475.0,1727771,POINT (1.981417 42.783333),True
31969,7.136907,43.732089,2021,1.0,50.0,MEDITERRANEAN,France,8441.0,1728594,POINT (7.136907 43.732089),True
31974,4.52137,43.6283,2021,10.0,100.0,MEDITERRANEAN,France,9631.0,1729758,POINT (4.52137 43.6283),True
31980,5.544934,43.358084,2018,0.0,-inf,MEDITERRANEAN,France,9369.0,1730106,POINT (5.544934 43.358084),True
31985,3.081245,43.173828,2021,5.0,100.0,MEDITERRANEAN,France,3043.0,1731688,POINT (3.081245 43.173828),True
32001,7.117318,43.761439,2020,11.0,200.0,MEDITERRANEAN,France,9458.0,1735353,POINT (7.117318 43.761439),True
32038,2.732193,42.981568,2020,4.0,50.0,MEDITERRANEAN,France,11157.0,1737357,POINT (2.732193 42.981568),True
32050,3.101919,44.603462,2017,0.0,25.0,CONTINENTAL,France,6999.0,1737896,POINT (3.101919 44.603462),True
32066,5.64704,43.6768,2020,10.0,100.0,MEDITERRANEAN,France,4977.0,1739006,POINT (5.64704 43.6768),True
32075,4.14163,44.28067,2017,1.0,,MEDITERRANEAN,France,9458.0,1739345,POINT (4.14163 44.28067),True
32100,2.01568,42.5696,2021,10.0,25.0,ALPINE,France,10218.0,1739470,POINT (2.01568 42.5696),True
32102,7.142009,43.704991,2020,6.0,200.0,MEDITERRANEAN,France,9702.0,1739856,POINT (7.142009 43.704991),True
32128,3.519853,43.319556,2017,10.0,-inf,MEDITERRANEAN,France,7955.0,1741158,POINT (3.519853 43.319556),True
32129,3.827481,44.031437,2021,4.0,250.0,MEDITERRANEAN,France,10268.0,1742806,POINT (3.827481 44.031437),True
32143,1.973361,42.75175,2018,10.0,2.0,ALPINE,France,39.0,1743541,POINT (1.973361 42.75175),True
32152,6.4801,43.1678,2020,10.0,-inf,MEDITERRANEAN,France,2386.0,1744715,POINT (6.4801 43.1678),True
32182,3.666543,44.153832,2017,0.0,-inf,MEDITERRANEAN,France,981.0,1745139,POINT (3.666543 44.153832),True
32190,6.363292,43.254353,2019,10.0,5.0,MEDITERRANEAN,France,1306.0,1745800,POINT (6.363292 43.254353),True
32202,6.01307,43.1181,2019,10.0,60.0,MEDITERRANEAN,France,906.0,1746626,POINT (6.01307 43.1181),True
32213,2.83105,43.28764,2017,1.0,,MEDITERRANEAN,France,5760.0,1747229,POINT (2.83105 43.28764),True
32238,2.852606,43.041175,2021,5.0,50.0,MEDITERRANEAN,France,3958.0,1748253,POINT (2.852606 43.041175),True
32268,3.815776,44.110256,2021,6.0,250.0,MEDITERRANEAN,France,7318.0,1748425,POINT (3.815776 44.110256),True
32283,6.29976,43.2172,2021,10.0,2.0,MEDITERRANEAN,France,5020.0,1752512,POINT (6.29976 43.2172),True
32314,5.342675,43.216059,2018,10.0,100.0,MEDITERRANEAN,France,3642.0,1754275,POINT (5.342675 43.216059),True
32330,3.037343,42.842316,2018,10.0,50.0,MEDITERRANEAN,France,7955.0,1754822,POINT (3.037343 42.842316),True
32331,2.363139,42.96425,2021,10.0,-inf,MEDITERRANEAN,France,661.0,1754881,POINT (2.363139 42.96425),True
32336,4.024249,43.843218,2021,4.0,250.0,MEDITERRANEAN,France,6874.0,1756228,POINT (4.024249 43.843218),True
32353,6.921778,43.459432,2018,10.0,10.0,MEDITERRANEAN,France,8785.0,1758696,POINT (6.921778 43.459432),True
32359,3.517478,43.329464,2017,10.0,-inf,MEDITERRANEAN,France,7955.0,1758804,POINT (3.517478 43.329464),True
32361,3.050592,42.887785,2018,10.0,16.0,MEDITERRANEAN,France,8283.0,1761854,POINT (3.050592 42.887785),True
32369,6.936814,43.524607,2020,4.0,5.0,MEDITERRANEAN,France,8243.0,1767208,POINT (6.936814 43.524607),True
32383,4.76706,44.2064,2020,10.0,-inf,MEDITERRANEAN,France,6643.0,1768914,POINT (4.76706 44.2064),True
32407,3.305401,44.085846,2021,5.0,250.0,MEDITERRANEAN,France,8573.0,1769973,POINT (3.305401 44.085846),True
32420,7.29172,43.91296,2019,1.0,,MEDITERRANEAN,France,5969.0,1770969,POINT (7.29172 43.91296),True
32448,5.58555,43.169763,2017,0.0,4.0,MEDITERRANEAN,France,7118.0,1771833,POINT (5.58555 43.169763),True
32454,5.615499,43.243839,2017,10.0,4.0,MEDITERRANEAN,France,6141.0,1773405,POINT (5.615499 43.243839),True
32462,7.55638,44.08076,2019,1.0,,ALPINE,France,8818.0,1773783,POINT (7.55638 44.08076),True
32481,7.192489,44.082607,2020,4.0,200.0,MEDITERRANEAN,France,544.0,1774072,POINT (7.192489 44.082607),True
32505,5.670324,43.319435,2017,10.0,100.0,MEDITERRANEAN,France,2658.0,1774367,POINT (5.670324 43.319435),True
32531,3.515021,43.330375,2017,10.0,-inf,MEDITERRANEAN,France,7955.0,1774999,POINT (3.515021 43.330375),True
32532,4.491448,43.459849,2018,0.0,-inf,MEDITERRANEAN,France,245.0,1776550,POINT (4.491448 43.459849),True
32556,3.219663,43.458743,2021,5.0,200.0,MEDITERRANEAN,France,6183.0,1778798,POINT (3.219663 43.458743),True
32589,6.01801,43.1199,2019,10.0,10.0,MEDITERRANEAN,France,2101.0,1780997,POINT (6.01801 43.1199),True
32592,7.117406,43.761551,2020,5.0,200.0,MEDITERRANEAN,France,3345.0,1781811,POINT (7.117406 43.761551),True
32621,5.341983,43.213572,2019,0.0,100.0,MEDITERRANEAN,France,7315.0,1783280,POINT (5.341983 43.213572),True
32642,6.909351,43.50792,2020,10.0,-inf,MEDITERRANEAN,France,11193.0,1783874,POINT (6.909351 43.50792),True
32660,3.591799,43.917754,2021,5.0,250.0,MEDITERRANEAN,France,11120.0,1784536,POINT (3.591799 43.917754),True
32671,5.549662,43.530942,2017,0.0,100.0,MEDITERRANEAN,France,1304.0,1784892,POINT (5.549662 43.530942),True
32676,7.123387,43.56399,2021,5.0,-inf,MEDITERRANEAN,France,7906.0,1785421,POINT (7.123387 43.56399),True
32696,5.116133,44.136163,2021,5.0,80.0,MEDITERRANEAN,France,2386.0,1785534,POINT (5.116133 44.136163),True
32705,5.129453,44.137533,2021,4.0,100.0,MEDITERRANEAN,France,9541.0,1786829,POINT (5.129453 44.137533),True
32725,7.147452,43.67254,2020,4.0,16.0,MEDITERRANEAN,France,1170.0,1788799,POINT (7.147452 43.67254),True
32737,4.2485,43.73927,2017,1.0,,MEDITERRANEAN,France,9458.0,1788845,POINT (4.2485 43.73927),True
32752,3.869838,44.210808,2017,0.0,-inf,MEDITERRANEAN,France,5071.0,1789307,POINT (3.869838 44.210808),True
32766,5.59156,43.1674,2021,10.0,100.0,MEDITERRANEAN,France,11193.0,1789449,POINT (5.59156 43.1674),True
32785,4.495851,44.302823,2019,0.0,25.0,MEDITERRANEAN,France,1903.0,1790325,POINT (4.495851 44.302823),True
32807,3.170203,43.243619,2019,10.0,-inf,MEDITERRANEAN,France,4633.0,1790465,POINT (3.170203 43.243619),True
32816,5.888942,43.28632,2020,4.0,4.0,MEDITERRANEAN,France,2386.0,1790726,POINT (5.888942 43.28632),True
32828,4.097845,43.943456,2021,5.0,250.0,MEDITERRANEAN,France,51.0,1790927,POINT (4.097845 43.943456),True
32849,2.51022,42.94723,2017,1.0,,MEDITERRANEAN,France,4871.0,1791022,POINT (2.51022 42.94723),True
32883,5.64764,43.6775,2020,10.0,100.0,MEDITERRANEAN,France,9547.0,1791507,POINT (5.64764 43.6775),True
32895,5.94173,43.27231,2020,8.0,200.0,MEDITERRANEAN,France,3177.0,1792129,POINT (5.94173 43.27231),True
32929,4.779949,43.350822,2017,0.0,100.0,MEDITERRANEAN,France,2173.0,1792296,POINT (4.779949 43.350822),True
32937,5.10864,43.7276,2021,10.0,200.0,MEDITERRANEAN,France,9994.0,1792501,POINT (5.10864 43.7276),True
32957,5.220726,43.32883,2017,0.0,-inf,MEDITERRANEAN,France,9513.0,1792576,POINT (5.220726 43.32883),True
32973,3.847626,43.485256,2020,3.0,25.0,MEDITERRANEAN,France,6786.0,1794323,POINT (3.847626 43.485256),True
32979,6.929959,43.475268,2018,0.0,40.0,MEDITERRANEAN,France,7548.0,1794428,POINT (6.929959 43.475268),True
32990,4.22728,43.84754,2019,1.0,,MEDITERRANEAN,France,5721.0,1794474,POINT (4.22728 43.84754),True
33001,6.305949,43.145317,2018,10.0,100.0,MEDITERRANEAN,France,4477.0,1798246,POINT (6.305949 43.145317),True
33013,6.32215,43.1979,2021,10.0,4.0,MEDITERRANEAN,France,9555.0,1800750,POINT (6.32215 43.1979),True
33037,2.11701,42.440916,2019,10.0,250.0,ALPINE,Spain,10600.0,1803518,POINT (2.11701 42.440916),True
33059,3.61234,44.12625,2019,1.0,,MEDITERRANEAN,France,10268.0,1804564,POINT (3.61234 44.12625),True
33071,4.045225,43.557465,2021,4.0,16.0,MEDITERRANEAN,France,9877.0,1806290,POINT (4.045225 43.557465),True
33077,3.778016,44.159578,2017,0.0,-inf,MEDITERRANEAN,France,5071.0,1807542,POINT (3.778016 44.159578),True
33095,1.968941,42.578736,2017,0.0,9.0,ALPINE,France,4842.0,1808221,POINT (1.968941 42.578736),True
33097,5.345892,43.910127,2021,5.0,-inf,MEDITERRANEAN,France,9931.0,1809352,POINT (5.345892 43.910127),True
33107,2.990991,43.609509,2020,4.0,400.0,CONTINENTAL,France,963.0,1810472,POINT (2.990991 43.609509),True
33111,6.093351,43.037117,2017,0.0,-inf,MEDITERRANEAN,France,3642.0,1811987,POINT (6.093351 43.037117),True
33125,2.46232,43.4145,2017,1.0,,CONTINENTAL,France,7706.0,1812110,POINT (2.46232 43.4145),True
33139,3.51924,44.45104,2019,1.0,,CONTINENTAL,France,10664.0,1812809,POINT (3.51924 44.45104),True
33159,2.879072,43.050067,2021,5.0,200.0,MEDITERRANEAN,France,2634.0,1813329,POINT (2.879072 43.050067),True
33183,3.513709,43.321385,2017,10.0,-inf,MEDITERRANEAN,France,7955.0,1815108,POINT (3.513709 43.321385),True
33184,3.799083,43.793936,2019,0.0,50.0,MEDITERRANEAN,France,146.0,1815399,POINT (3.799083 43.793936),True
33194,3.465644,43.759174,2021,5.0,250.0,MEDITERRANEAN,France,5412.0,1816059,POINT (3.465644 43.759174),True
33213,5.159695,44.129122,2017,10.0,20.0,MEDITERRANEAN,France,114.0,1816913,POINT (5.159695 44.129122),True
33222,3.025694,42.837833,2017,10.0,-inf,MEDITERRANEAN,France,7090.0,1817131,POINT (3.025694 42.837833),True
33234,6.31476,43.3447,2020,10.0,50.0,MEDITERRANEAN,France,1097.0,1817178,POINT (6.31476 43.3447),True
33255,3.16702,43.253984,2019,10.0,-inf,MEDITERRANEAN,France,1195.0,1817879,POINT (3.16702 43.253984),True
33261,7.108609,43.781663,2021,2.0,50.0,MEDITERRANEAN,France,10991.0,1820956,POINT (7.108609 43.781663),True
33292,3.757712,44.167209,2017,0.0,-inf,MEDITERRANEAN,France,981.0,1823184,POINT (3.757712 44.167209),True
33302,6.929896,43.510907,2020,10.0,100.0,MEDITERRANEAN,France,7868.0,1824571,POINT (6.929896 43.510907),True
33324,5.35288,43.9982,2020,10.0,200.0,MEDITERRANEAN,France,1139.0,1826079,POINT (5.35288 43.9982),True
33347,3.213719,43.554625,2020,9.0,4.0,MEDITERRANEAN,France,4498.0,1826735,POINT (3.213719 43.554625),True
33355,3.047271,43.470132,2021,5.0,100.0,MEDITERRANEAN,France,9572.0,1827062,POINT (3.047271 43.470132),True
33377,5.71451,43.47058,2021,10.0,200.0,MEDITERRANEAN,France,146.0,1828356,POINT (5.71451 43.47058),True
33398,4.04152,44.28227,2018,1.0,,MEDITERRANEAN,France,981.0,1828442,POINT (4.04152 44.28227),True
33415,6.0392,43.084014,2019,0.0,30.0,MEDITERRANEAN,France,1625.0,1828454,POINT (6.0392 43.084014),True
33435,5.706033,43.549625,2017,0.0,12.0,MEDITERRANEAN,France,7748.0,1828717,POINT (5.706033 43.549625),True
33451,3.042595,42.836263,2020,10.0,40.0,MEDITERRANEAN,France,9877.0,1829095,POINT (3.042595 42.836263),True
33457,6.428516,43.301374,2018,10.0,15.0,MEDITERRANEAN,France,4460.0,1829938,POINT (6.428516 43.301374),True
33478,3.211422,43.201897,2019,10.0,-inf,MEDITERRANEAN,France,3465.0,1830164,POINT (3.211422 43.201897),True
33483,3.722562,43.769003,2018,10.0,30.0,MEDITERRANEAN,France,3327.0,1830381,POINT (3.722562 43.769003),True
33487,3.052408,42.893548,2021,5.0,25.0,MEDITERRANEAN,France,245.0,1830600,POINT (3.052408 42.893548),True
33498,3.789471,43.655742,2020,4.0,200.0,MEDITERRANEAN,France,982.0,1830795,POINT (3.789471 43.655742),True
33539,3.652017,43.638451,2021,6.0,250.0,MEDITERRANEAN,France,6725.0,1831355,POINT (3.652017 43.638451),True
33566,5.708777,43.312682,2018,10.0,10.0,MEDITERRANEAN,France,2120.0,1831513,POINT (5.708777 43.312682),True
33584,5.67876,43.342602,2017,0.0,4.0,MEDITERRANEAN,France,9555.0,1832199,POINT (5.67876 43.342602),True
33597,3.788718,43.806314,2019,0.0,50.0,MEDITERRANEAN,France,7536.0,1833117,POINT (3.788718 43.806314),True
33612,5.541705,43.528951,2017,0.0,10.0,MEDITERRANEAN,France,3089.0,1833128,POINT (5.541705 43.528951),True
33617,5.622257,43.406662,2018,0.0,100.0,MEDITERRANEAN,France,2120.0,1833743,POINT (5.622257 43.406662),True
33628,4.951975,43.474436,2021,5.0,20.0,MEDITERRANEAN,France,8790.0,1835405,POINT (4.951975 43.474436),True
33657,3.79215,44.32185,2019,1.0,,MEDITERRANEAN,France,3792.0,1835470,POINT (3.79215 44.32185),True
33669,5.614832,43.23076,2017,0.0,60.0,MEDITERRANEAN,France,6874.0,1835550,POINT (5.614832 43.23076),True
33676,1.979389,42.751083,2018,10.0,30.0,ALPINE,France,8961.0,1836047,POINT (1.979389 42.751083),True
33709,4.551266,43.454519,2017,0.0,100.0,MEDITERRANEAN,France,9513.0,1837482,POINT (4.551266 43.454519),True
33725,3.81415,43.61881,2020,4.0,4.0,MEDITERRANEAN,France,2761.0,1840003,POINT (3.81415 43.61881),True
33726,3.044976,42.583412,2020,10.0,40.0,MEDITERRANEAN,France,2173.0,1840113,POINT (3.044976 42.583412),True
33734,7.368901,43.922198,2021,6.0,-inf,MEDITERRANEAN,France,1024.0,1840679,POINT (7.368901 43.922198),True
33768,3.119524,43.141616,2021,4.0,100.0,MEDITERRANEAN,France,1396.0,1841090,POINT (3.119524 43.141616),True
33791,3.500995,44.036364,2019,10.0,10.0,MEDITERRANEAN,France,8428.0,1843894,POINT (3.500995 44.036364),True
33808,6.607835,43.173234,2019,10.0,10.0,MEDITERRANEAN,France,3166.0,1845148,POINT (6.607835 43.173234),True
33818,3.514957,43.323178,2017,10.0,-inf,MEDITERRANEAN,France,7955.0,1845603,POINT (3.514957 43.323178),True
33819,4.788837,43.396424,2017,0.0,-inf,MEDITERRANEAN,France,1273.0,1847186,POINT (4.788837 43.396424),True
33823,3.516173,43.321373,2017,10.0,-inf,MEDITERRANEAN,France,7955.0,1847703,POINT (3.516173 43.321373),True
33824,5.55996,43.24048,2017,1.0,,MEDITERRANEAN,France,10909.0,1848524,POINT (5.55996 43.24048),True
33834,6.438227,43.271357,2020,4.0,4.0,MEDITERRANEAN,France,822.0,1850868,POINT (6.438227 43.271357),True
33851,3.218287,43.62758,2021,5.0,100.0,MEDITERRANEAN,France,2634.0,1853141,POINT (3.218287 43.62758),True
33869,3.475037,44.088685,2021,4.0,250.0,MEDITERRANEAN,France,5542.0,1853592,POINT (3.475037 44.088685),True
33874,4.012724,43.55457,2020,3.0,250.0,MEDITERRANEAN,France,2291.0,1854099,POINT (4.012724 43.55457),True
33882,3.513661,43.315988,2017,10.0,-inf,MEDITERRANEAN,France,7955.0,1854705,POINT (3.513661 43.315988),True
33883,5.705844,43.547712,2017,0.0,12.0,MEDITERRANEAN,France,69.0,1854961,POINT (5.705844 43.547712),True
33904,5.714806,43.548244,2017,0.0,6.0,MEDITERRANEAN,France,10922.0,1855147,POINT (5.714806 43.548244),True
33926,6.45515,43.71385,2017,1.0,,MEDITERRANEAN,France,5173.0,1855918,POINT (6.45515 43.71385),True
33944,3.817695,43.602669,2020,11.0,200.0,MEDITERRANEAN,France,3020.0,1856426,POINT (3.817695 43.602669),True
33983,6.34603,43.57394,2019,1.0,,MEDITERRANEAN,France,11157.0,1857700,POINT (6.34603 43.57394),True
34001,2.147105,42.445444,2021,6.0,25.0,ALPINE,Spain,96.0,1859825,POINT (2.147105 42.445444),True
34012,4.786811,43.394361,2017,0.0,-inf,MEDITERRANEAN,France,6355.0,1861976,POINT (4.786811 43.394361),True
34022,4.026604,44.308454,2021,5.0,25.0,MEDITERRANEAN,France,10073.0,1862356,POINT (4.026604 44.308454),True
34060,1.975194,42.865361,2017,10.0,30.0,ALPINE,France,10255.0,1862528,POINT (1.975194 42.865361),True
34065,6.742614,43.48094,2021,4.0,2.0,MEDITERRANEAN,France,3140.0,1863000,POINT (6.742614 43.48094),True
34073,3.11877,44.54456,2018,1.0,,CONTINENTAL,France,2.0,1863144,POINT (3.11877 44.54456),True
34089,3.514949,43.322279,2017,10.0,-inf,MEDITERRANEAN,France,7955.0,1863275,POINT (3.514949 43.322279),True
34090,3.877921,43.541359,2021,5.0,16.0,MEDITERRANEAN,France,4702.0,1864518,POINT (3.877921 43.541359),True
34103,6.24859,43.23561,2019,1.0,,MEDITERRANEAN,France,10909.0,1865142,POINT (6.24859 43.23561),True
34118,3.405771,43.302856,2021,4.0,50.0,MEDITERRANEAN,France,9458.0,1866029,POINT (3.405771 43.302856),True
34137,3.537587,43.305454,2017,0.0,-inf,MEDITERRANEAN,France,10239.0,1866116,POINT (3.537587 43.305454),True
34147,6.09395,43.0377,2021,10.0,20.0,MEDITERRANEAN,France,9513.0,1866687,POINT (6.09395 43.0377),True
34162,5.704373,43.417955,2017,0.0,200.0,MEDITERRANEAN,France,1539.0,1866908,POINT (5.704373 43.417955),True
34183,3.208503,43.194708,2019,10.0,-inf,MEDITERRANEAN,France,2809.0,1867225,POINT (3.208503 43.194708),True
34189,6.118291,43.081888,2018,10.0,30.0,MEDITERRANEAN,France,10822.0,1867378,POINT (6.118291 43.081888),True
34201,2.73167,43.14428,2019,1.0,,MEDITERRANEAN,France,4530.0,1867450,POINT (2.73167 43.14428),True
34228,4.371667,44.274967,2019,0.0,250.0,MEDITERRANEAN,France,3043.0,1868838,POINT (4.371667 44.274967),True
34240,3.853282,43.488279,2020,10.0,50.0,MEDITERRANEAN,France,2926.0,1870173,POINT (3.853282 43.488279),True
34252,3.73472,43.66673,2020,3.0,200.0,MEDITERRANEAN,France,4003.0,1871796,POINT (3.73472 43.66673),True
34270,4.845606,43.998887,2021,3.0,20.0,MEDITERRANEAN,France,2922.0,1878682,POINT (4.845606 43.998887),True
34281,5.706023,43.550714,2017,0.0,12.0,MEDITERRANEAN,France,2121.0,1879750,POINT (5.706023 43.550714),True
34307,3.261868,43.228974,2020,10.0,40.0,MEDITERRANEAN,France,2926.0,1882053,POINT (3.261868 43.228974),True
34317,7.152629,44.050181,2019,0.0,-inf,MEDITERRANEAN,France,5093.0,1882183,POINT (7.152629 44.050181),True
34361,2.744429,42.988814,2021,5.0,50.0,MEDITERRANEAN,France,3020.0,1884621,POINT (2.744429 42.988814),True
34393,5.46819,43.911,2020,10.0,15.0,MEDITERRANEAN,France,2386.0,1885566,POINT (5.46819 43.911),True
34398,5.361284,43.209579,2018,10.0,25.0,MEDITERRANEAN,France,3166.0,1886103,POINT (5.361284 43.209579),True
34413,7.113728,43.818707,2020,10.0,5.0,MEDITERRANEAN,France,8542.0,1886441,POINT (7.113728 43.818707),True
34428,3.024164,42.857328,2018,10.0,16.0,MEDITERRANEAN,France,305.0,1886753,POINT (3.024164 42.857328),True
34433,3.91185,43.606001,2019,10.0,25.0,MEDITERRANEAN,France,11159.0,1887851,POINT (3.91185 43.606001),True
34453,4.026656,43.558175,2021,5.0,50.0,MEDITERRANEAN,France,2055.0,1888266,POINT (4.026656 43.558175),True
34461,3.751502,44.082499,2017,0.0,-inf,MEDITERRANEAN,France,10427.0,1888367,POINT (3.751502 44.082499),True
34470,6.022871,43.123321,2018,0.0,-inf,MEDITERRANEAN,France,3599.0,1888912,POINT (6.022871 43.123321),True
34500,3.036892,42.747389,2018,10.0,16.0,MEDITERRANEAN,France,5829.0,1891167,POINT (3.036892 42.747389),True
34508,6.026397,43.115572,2018,10.0,20.0,MEDITERRANEAN,France,129.0,1892018,POINT (6.026397 43.115572),True
34522,5.50272,43.406287,2017,0.0,200.0,MEDITERRANEAN,France,7862.0,1892150,POINT (5.50272 43.406287),True
34531,5.09457,44.1866,2021,10.0,8.0,MEDITERRANEAN,France,10522.0,1893492,POINT (5.09457 44.1866),True
34549,5.032788,43.33555,2017,0.0,9.0,MEDITERRANEAN,France,9555.0,1893807,POINT (5.032788 43.33555),True
34577,3.022673,42.794186,2018,10.0,16.0,MEDITERRANEAN,France,4837.0,1894255,POINT (3.022673 42.794186),True
34582,7.012815,43.868035,2021,5.0,-inf,MEDITERRANEAN,France,3358.0,1895263,POINT (7.012815 43.868035),True
34612,2.081889,42.61175,2021,10.0,10.0,ALPINE,France,4102.0,1897050,POINT (2.081889 42.61175),True
34620,3.33679,44.07517,2019,1.0,,MEDITERRANEAN,France,5173.0,1897293,POINT (3.33679 44.07517),True
34632,1.963766,42.770809,2017,0.0,-inf,ALPINE,France,7095.0,1898341,POINT (1.963766 42.770809),True
34752,3.7467,43.665852,2021,5.0,4.0,MEDITERRANEAN,France,6666.0,1898544,POINT (3.7467 43.665852),True
34765,6.09583,43.10217,2020,10.0,200.0,MEDITERRANEAN,France,6874.0,1898685,POINT (6.09583 43.10217),True
34785,6.129555,43.150175,2021,5.0,200.0,MEDITERRANEAN,France,9943.0,1898893,POINT (6.129555 43.150175),True
34806,6.34499,43.7408,2020,10.0,9.0,MEDITERRANEAN,France,2474.0,1899364,POINT (6.34499 43.7408),True
34811,5.676771,43.225511,2021,10.0,-inf,MEDITERRANEAN,France,1304.0,1899928,POINT (5.676771 43.225511),True
34831,6.89995,43.44261,2021,10.0,10.0,MEDITERRANEAN,France,9994.0,1899997,POINT (6.89995 43.44261),True
34842,6.023862,43.079316,2019,10.0,-inf,MEDITERRANEAN,France,3125.0,1900694,POINT (6.023862 43.079316),True
34861,3.514901,43.316881,2017,10.0,-inf,MEDITERRANEAN,France,7955.0,1901046,POINT (3.514901 43.316881),True
34862,1.973824,42.52867,2018,10.0,16.0,ALPINE,France,2190.0,1902097,POINT (1.973824 42.52867),True
34874,2.68476,43.50388,2017,1.0,,MEDITERRANEAN,France,1085.0,1902881,POINT (2.68476 43.50388),True
34896,6.122465,43.035232,2017,10.0,-inf,MEDITERRANEAN,France,9458.0,1903181,POINT (6.122465 43.035232),True
34906,5.879048,43.291434,2020,4.0,4.0,MEDITERRANEAN,France,9376.0,1903932,POINT (5.879048 43.291434),True
34916,4.127165,44.255981,2021,8.0,-inf,MEDITERRANEAN,France,2922.0,1904070,POINT (4.127165 44.255981),True
34930,3.971771,43.996092,2021,4.0,250.0,MEDITERRANEAN,France,11157.0,1905115,POINT (3.971771 43.996092),True
34941,5.25531,44.02269,2018,1.0,,MEDITERRANEAN,France,3937.0,1906880,POINT (5.25531 44.02269),True
34963,6.37453,43.62688,2019,1.0,,MEDITERRANEAN,France,8746.0,1907182,POINT (6.37453 43.62688),True
34982,2.141361,42.488278,2021,10.0,4.0,ALPINE,Spain,8428.0,1909658,POINT (2.141361 42.488278),True
34991,6.098217,43.032207,2017,0.0,4.0,MEDITERRANEAN,France,3140.0,1910274,POINT (6.098217 43.032207),True
35002,3.830173,43.814467,2021,5.0,250.0,MEDITERRANEAN,France,9458.0,1914546,POINT (3.830173 43.814467),True
35014,3.037694,42.769861,2017,10.0,30.0,MEDITERRANEAN,France,5907.0,1915217,POINT (3.037694 42.769861),True
35028,4.765219,43.583635,2019,10.0,5.0,MEDITERRANEAN,France,3835.0,1915995,POINT (4.765219 43.583635),True
35055,7.137495,43.725652,2020,6.0,200.0,MEDITERRANEAN,France,146.0,1918922,POINT (7.137495 43.725652),True
35101,5.186911,43.405809,2017,0.0,5.0,MEDITERRANEAN,France,6560.0,1921270,POINT (5.186911 43.405809),True
35119,4.676803,43.49651,2017,10.0,16.0,MEDITERRANEAN,France,7315.0,1922121,POINT (4.676803 43.49651),True
35126,4.842793,43.493672,2017,0.0,9.0,MEDITERRANEAN,France,4229.0,1922163,POINT (4.842793 43.493672),True
35146,3.521175,43.329446,2017,10.0,-inf,MEDITERRANEAN,France,7955.0,1925668,POINT (3.521175 43.329446),True
35147,5.712917,43.543646,2017,0.0,12.0,MEDITERRANEAN,France,11140.0,1925699,POINT (5.712917 43.543646),True
35172,3.078512,43.053186,2020,10.0,30.0,MEDITERRANEAN,France,3837.0,1926035,POINT (3.078512 43.053186),True
35186,2.75143,42.47957,2019,1.0,,MEDITERRANEAN,France,2961.0,1927707,POINT (2.75143 42.47957),True
35203,3.63771,44.14393,2018,1.0,,MEDITERRANEAN,France,11157.0,1928021,POINT (3.63771 44.14393),True
35225,6.82497,43.8189,2019,10.0,-inf,MEDITERRANEAN,France,963.0,1928255,POINT (6.82497 43.8189),True
35252,1.97289,42.83896,2017,1.0,,MEDITERRANEAN,France,963.0,1930265,POINT (1.97289 42.83896),True
35268,6.11207,43.09611,2020,10.0,-inf,MEDITERRANEAN,France,6361.0,1931365,POINT (6.11207 43.09611),True
35281,3.71568,44.26888,2017,1.0,,MEDITERRANEAN,France,5071.0,1931738,POINT (3.71568 44.26888),True
35301,6.09435,43.51101,2017,1.0,,MEDITERRANEAN,France,1473.0,1931956,POINT (6.09435 43.51101),True
35319,5.117768,43.507326,2017,0.0,20.0,MEDITERRANEAN,France,7278.0,1933923,POINT (5.117768 43.507326),True
35327,4.838503,43.373491,2017,10.0,4.0,MEDITERRANEAN,France,2914.0,1937081,POINT (4.838503 43.373491),True
35334,5.38464,44.10912,2018,1.0,,MEDITERRANEAN,France,7706.0,1939956,POINT (5.38464 44.10912),True
35362,3.986664,43.970728,2021,5.0,250.0,MEDITERRANEAN,France,6874.0,1941365,POINT (3.986664 43.970728),True
35377,3.523598,43.324936,2017,10.0,-inf,MEDITERRANEAN,France,7955.0,1942132,POINT (3.523598 43.324936),True
35378,7.134994,43.737797,2021,2.0,50.0,MEDITERRANEAN,France,1677.0,1942197,POINT (7.134994 43.737797),True
35401,6.098125,43.034612,2017,10.0,300.0,MEDITERRANEAN,France,6669.0,1944024,POINT (6.098125 43.034612),True
35421,3.98935,44.21112,2019,1.0,,MEDITERRANEAN,France,7318.0,1944838,POINT (3.98935 44.21112),True
35441,3.14134,44.36453,2019,1.0,,CONTINENTAL,France,963.0,1944998,POINT (3.14134 44.36453),True
35459,2.80455,43.05415,2017,1.0,,MEDITERRANEAN,France,2421.0,1946978,POINT (2.80455 43.05415),True
35484,3.16721,44.4183,2019,1.0,,CONTINENTAL,France,963.0,1947033,POINT (3.16721 44.4183),True
35511,5.987492,43.255084,2020,3.0,50.0,MEDITERRANEAN,France,9261.0,1947355,POINT (5.987492 43.255084),True
35514,5.91155,43.35529,2017,1.0,,MEDITERRANEAN,France,5412.0,1947960,POINT (5.91155 43.35529),True
35545,3.075701,43.145879,2021,5.0,100.0,MEDITERRANEAN,France,10520.0,1948746,POINT (3.075701 43.145879),True
35566,6.095677,43.135683,2018,10.0,300.0,MEDITERRANEAN,France,11193.0,1949317,POINT (6.095677 43.135683),True
35592,5.354126,43.211428,2018,0.0,100.0,MEDITERRANEAN,France,10844.0,1949474,POINT (5.354126 43.211428),True
35611,2.09591,42.60581,2018,1.0,,ALPINE,France,10953.0,1951433,POINT (2.09591 42.60581),True
35643,3.014153,42.803701,2018,10.0,16.0,MEDITERRANEAN,France,114.0,1951769,POINT (3.014153 42.803701),True
35653,5.707787,43.317497,2021,6.0,-inf,MEDITERRANEAN,France,7862.0,1951848,POINT (5.707787 43.317497),True
35663,5.684854,43.342631,2017,10.0,50.0,MEDITERRANEAN,France,10522.0,1951986,POINT (5.684854 43.342631),True
35684,6.01583,43.0986,2019,10.0,20.0,MEDITERRANEAN,France,6652.0,1952084,POINT (6.01583 43.0986),True
35697,7.116284,43.818699,2020,4.0,6.0,MEDITERRANEAN,France,10686.0,1952471,POINT (7.116284 43.818699),True
35719,4.13331,43.49331,2021,5.0,25.0,MEDITERRANEAN,France,4659.0,1952803,POINT (4.13331 43.49331),True
35726,3.519926,43.327653,2017,10.0,-inf,MEDITERRANEAN,France,7955.0,1954490,POINT (3.519926 43.327653),True
35728,3.45546,43.76832,2018,1.0,,MEDITERRANEAN,France,10946.0,1955045,POINT (3.45546 43.76832),True
35758,2.99433,43.596925,2020,4.0,260.0,MEDITERRANEAN,France,5412.0,1955745,POINT (2.99433 43.596925),True
35768,1.953028,42.745417,2018,10.0,3.0,ALPINE,France,6352.0,1956194,POINT (1.953028 42.745417),True
35783,3.684655,44.201228,2017,0.0,-inf,MEDITERRANEAN,France,6788.0,1956638,POINT (3.684655 44.201228),True
35797,3.677562,44.194044,2017,0.0,-inf,MEDITERRANEAN,France,661.0,1957257,POINT (3.677562 44.194044),True
35813,3.512477,43.321391,2017,10.0,-inf,MEDITERRANEAN,France,6279.0,1958697,POINT (3.512477 43.321391),True
35815,5.587967,43.170461,2018,0.0,50.0,MEDITERRANEAN,France,1304.0,1959803,POINT (5.587967 43.170461),True
35826,3.71191,44.162556,2017,0.0,-inf,MEDITERRANEAN,France,5071.0,1960632,POINT (3.71191 44.162556),True
35837,5.488324,43.278624,2018,10.0,50.0,MEDITERRANEAN,France,9936.0,1961166,POINT (5.488324 43.278624),True
35854,3.790125,44.108717,2017,0.0,-inf,MEDITERRANEAN,France,11157.0,1962080,POINT (3.790125 44.108717),True
35866,3.738213,44.141914,2017,0.0,-inf,MEDITERRANEAN,France,6235.0,1963134,POINT (3.738213 44.141914),True
35884,7.49344,43.9636,2019,10.0,-inf,MEDITERRANEAN,France,7862.0,1964544,POINT (7.49344 43.9636),True
35906,3.895948,43.540036,2021,5.0,16.0,MEDITERRANEAN,France,4755.0,1964667,POINT (3.895948 43.540036),True
35912,6.923909,43.515466,2017,0.0,50.0,MEDITERRANEAN,France,3559.0,1966686,POINT (6.923909 43.515466),True
35917,3.019089,42.849874,2018,10.0,16.0,MEDITERRANEAN,France,9877.0,1969143,POINT (3.019089 42.849874),True
35920,4.95905,44.0581,2020,10.0,30.0,MEDITERRANEAN,France,9005.0,1969887,POINT (4.95905 44.0581),True
35926,5.0544,44.2073,2020,10.0,30.0,MEDITERRANEAN,France,5557.0,1970102,POINT (5.0544 44.2073),True
35952,3.665404,44.183569,2017,0.0,-inf,MEDITERRANEAN,France,8792.0,1971304,POINT (3.665404 44.183569),True
35971,6.54324,43.1937,2020,10.0,-inf,MEDITERRANEAN,France,2474.0,1972069,POINT (6.54324 43.1937),True
35981,5.64294,43.39985,2017,1.0,,MEDITERRANEAN,France,1736.0,1972779,POINT (5.64294 43.39985),True
36004,5.976329,43.266022,2020,4.0,200.0,MEDITERRANEAN,France,10991.0,1976379,POINT (5.976329 43.266022),True
36041,7.36587,43.7437,2019,10.0,50.0,MEDITERRANEAN,France,2643.0,1976742,POINT (7.36587 43.7437),True
36051,4.95315,44.0548,2020,10.0,50.0,MEDITERRANEAN,France,4628.0,1977471,POINT (4.95315 44.0548),True
36058,3.910495,43.518866,2020,10.0,50.0,MEDITERRANEAN,France,1531.0,1978469,POINT (3.910495 43.518866),True
36069,3.52483,43.32493,2017,10.0,-inf,MEDITERRANEAN,France,7955.0,1978493,POINT (3.52483 43.32493),True
36071,3.622357,43.783453,2018,0.0,25.0,MEDITERRANEAN,France,9243.0,1980071,POINT (3.622357 43.783453),True
36074,4.057883,43.858096,2021,5.0,250.0,MEDITERRANEAN,France,5412.0,1983367,POINT (4.057883 43.858096),True
36088,3.350367,43.273101,2017,10.0,16.0,MEDITERRANEAN,France,245.0,1983563,POINT (3.350367 43.273101),True
36101,3.350479,43.273307,2017,10.0,16.0,MEDITERRANEAN,France,4659.0,1984911,POINT (3.350479 43.273307),True
36112,3.758147,44.168898,2017,0.0,-inf,MEDITERRANEAN,France,5071.0,1986470,POINT (3.758147 44.168898),True
36123,7.038234,43.633351,2018,10.0,40.0,MEDITERRANEAN,France,1677.0,1987528,POINT (7.038234 43.633351),True
36162,4.786667,43.39448,2017,0.0,-inf,MEDITERRANEAN,France,4493.0,1990294,POINT (4.786667 43.39448),True
36168,2.80778,43.4495,2018,1.0,,MEDITERRANEAN,France,1276.0,1991880,POINT (2.80778 43.4495),True
36182,5.456058,43.211397,2018,0.0,50.0,MEDITERRANEAN,France,3019.0,1992117,POINT (5.456058 43.211397),True
36196,2.071361,42.845556,2017,10.0,150.0,MEDITERRANEAN,France,9714.0,1993072,POINT (2.071361 42.845556),True
36298,6.441903,43.772089,2021,5.0,100.0,MEDITERRANEAN,France,8340.0,1994754,POINT (6.441903 43.772089),True
36324,6.92975,43.475114,2018,0.0,50.0,MEDITERRANEAN,France,2031.0,1995405,POINT (6.92975 43.475114),True
36333,3.031609,42.746564,2018,10.0,16.0,MEDITERRANEAN,France,10289.0,1996164,POINT (3.031609 42.746564),True
36342,5.61354,43.8066,2020,10.0,50.0,MEDITERRANEAN,France,5412.0,1996628,POINT (5.61354 43.8066),True
36364,6.43035,43.1541,2020,10.0,50.0,MEDITERRANEAN,France,3669.0,1997014,POINT (6.43035 43.1541),True
36375,5.563466,43.204363,2017,0.0,4.0,MEDITERRANEAN,France,7515.0,1998834,POINT (5.563466 43.204363),True
36378,4.80266,43.9545,2021,10.0,5.0,MEDITERRANEAN,France,473.0,1999205,POINT (4.80266 43.9545),True
36382,3.038623,42.710451,2020,10.0,40.0,MEDITERRANEAN,France,5876.0,1999307,POINT (3.038623 42.710451),True
36391,6.291119,43.545273,2021,5.0,-inf,MEDITERRANEAN,France,8324.0,1999666,POINT (6.291119 43.545273),True
36396,6.099735,43.033054,2017,0.0,6.0,MEDITERRANEAN,France,11159.0,2002020,POINT (6.099735 43.033054),True
36409,6.023658,43.115811,2018,0.0,30.0,MEDITERRANEAN,France,822.0,2003108,POINT (6.023658 43.115811),True
36418,5.355215,43.210081,2018,0.0,50.0,MEDITERRANEAN,France,10520.0,2003646,POINT (5.355215 43.210081),True
36429,7.12368,43.756068,2021,6.0,75.0,MEDITERRANEAN,France,3020.0,2005293,POINT (7.12368 43.756068),True
36461,1.887167,42.835028,2018,10.0,-inf,ALPINE,France,3518.0,2006462,POINT (1.887167 42.835028),True
36491,4.597212,43.406444,2021,6.0,100.0,MEDITERRANEAN,France,9513.0,2006905,POINT (4.597212 43.406444),True
36505,3.97684,43.77968,2017,1.0,,MEDITERRANEAN,France,9572.0,2007804,POINT (3.97684 43.77968),True
36521,5.645242,43.541158,2017,0.0,30.0,MEDITERRANEAN,France,3098.0,2009166,POINT (5.645242 43.541158),True
36528,4.42728,43.87985,2018,1.0,,MEDITERRANEAN,France,5721.0,2009741,POINT (4.42728 43.87985),True
36544,3.051991,42.892892,2018,10.0,16.0,MEDITERRANEAN,France,4659.0,2010283,POINT (3.051991 42.892892),True
36561,3.6536,44.8273,2017,1.0,,CONTINENTAL,France,8428.0,2011402,POINT (3.6536 44.8273),True
36572,3.535956,44.169237,2019,0.0,10.0,MEDITERRANEAN,France,11230.0,2012858,POINT (3.535956 44.169237),True
36586,7.3716,43.7419,2019,10.0,500.0,MEDITERRANEAN,France,476.0,2014498,POINT (7.3716 43.7419),True
36605,3.311965,43.544176,2021,4.0,100.0,MEDITERRANEAN,France,982.0,2014927,POINT (3.311965 43.544176),True
36623,3.768406,43.666071,2021,5.0,4.0,MEDITERRANEAN,France,11195.0,2015259,POINT (3.768406 43.666071),True
36631,6.30163,43.64758,2019,1.0,,MEDITERRANEAN,France,10904.0,2016208,POINT (6.30163 43.64758),True
36652,5.59471,43.41931,2019,1.0,,MEDITERRANEAN,France,6874.0,2016963,POINT (5.59471 43.41931),True
36668,3.033861,42.671056,2019,10.0,-inf,MEDITERRANEAN,France,6054.0,2017576,POINT (3.033861 42.671056),True
36706,6.12259,43.56401,2017,1.0,,MEDITERRANEAN,France,10909.0,2017846,POINT (6.12259 43.56401),True
36726,6.44635,43.270256,2021,5.0,200.0,MEDITERRANEAN,France,822.0,2018539,POINT (6.44635 43.270256),True
36757,1.973056,42.863889,2017,10.0,100.0,ALPINE,France,5184.0,2019365,POINT (1.973056 42.863889),True
36786,3.049553,42.88828,2018,10.0,16.0,MEDITERRANEAN,France,8283.0,2020267,POINT (3.049553 42.88828),True
36796,3.880645,44.197472,2017,0.0,-inf,MEDITERRANEAN,France,10460.0,2020787,POINT (3.880645 44.197472),True
36804,6.921678,43.459417,2018,0.0,80.0,MEDITERRANEAN,France,1318.0,2021069,POINT (6.921678 43.459417),True
36814,5.61523,43.34673,2017,1.0,,MEDITERRANEAN,France,982.0,2021753,POINT (5.61523 43.34673),True
36828,5.677383,43.35198,2017,0.0,20.0,MEDITERRANEAN,France,204.0,2021818,POINT (5.677383 43.35198),True
36866,5.673956,43.692171,2018,10.0,16.0,MEDITERRANEAN,France,7748.0,2021965,POINT (5.673956 43.692171),True
36880,4.76569,44.2105,2020,10.0,10.0,MEDITERRANEAN,France,351.0,2023321,POINT (4.76569 44.2105),True
36897,6.189652,43.338708,2021,5.0,100.0,MEDITERRANEAN,France,10287.0,2023560,POINT (6.189652 43.338708),True
36901,1.967944,42.8575,2017,10.0,-inf,MEDITERRANEAN,France,1654.0,2023652,POINT (1.967944 42.8575),True
36941,3.211808,43.538406,2020,4.0,50.0,MEDITERRANEAN,France,5412.0,2023723,POINT (3.211808 43.538406),True
36953,3.350578,43.273343,2017,10.0,16.0,MEDITERRANEAN,France,4837.0,2023846,POINT (3.350578 43.273343),True
36964,5.173262,44.075902,2017,0.0,100.0,MEDITERRANEAN,France,11157.0,2025075,POINT (5.173262 44.075902),True
36972,5.526869,43.378741,2018,10.0,20.0,MEDITERRANEAN,France,4349.0,2025380,POINT (5.526869 43.378741),True
36986,6.99336,43.724,2019,10.0,-inf,MEDITERRANEAN,France,9702.0,2026658,POINT (6.99336 43.724),True
37019,3.814046,43.585267,2020,10.0,200.0,MEDITERRANEAN,France,10305.0,2027024,POINT (3.814046 43.585267),True
37062,7.07214,43.6706,2019,1.0,,MEDITERRANEAN,France,476.0,2027887,POINT (7.07214 43.6706),True
37072,6.49628,43.17796,2020,10.0,50.0,MEDITERRANEAN,France,5618.0,2028672,POINT (6.49628 43.17796),True
37084,6.46008,43.1609,2020,10.0,30.0,MEDITERRANEAN,France,9565.0,2029667,POINT (6.46008 43.1609),True
37105,3.768321,43.666221,2021,5.0,50.0,MEDITERRANEAN,France,4633.0,2031136,POINT (3.768321 43.666221),True
37142,5.368422,43.208433,2019,10.0,100.0,MEDITERRANEAN,France,10844.0,2031352,POINT (5.368422 43.208433),True
37157,5.351671,43.23181,2017,0.0,40.0,MEDITERRANEAN,France,6874.0,2032468,POINT (5.351671 43.23181),True
37168,4.802945,44.049981,2018,0.0,-inf,MEDITERRANEAN,France,3051.0,2032569,POINT (4.802945 44.049981),True
37173,5.672099,43.692514,2018,0.0,70.0,MEDITERRANEAN,France,2146.0,2032773,POINT (5.672099 43.692514),True
37196,3.038431,42.749871,2018,10.0,16.0,MEDITERRANEAN,France,2926.0,2032978,POINT (3.038431 42.749871),True
37206,2.718209,43.571325,2021,5.0,250.0,CONTINENTAL,France,9669.0,2033969,POINT (2.718209 43.571325),True
37221,6.404136,43.265074,2020,13.0,200.0,MEDITERRANEAN,France,3935.0,2034311,POINT (6.404136 43.265074),True
37244,3.803479,43.836722,2021,5.0,250.0,MEDITERRANEAN,France,11157.0,2034429,POINT (3.803479 43.836722),True
37260,3.84753,44.51897,2019,1.0,,CONTINENTAL,France,5542.0,2037075,POINT (3.84753 44.51897),True
37271,4.799366,43.512064,2021,5.0,-inf,MEDITERRANEAN,France,542.0,2037110,POINT (4.799366 43.512064),True
37275,6.87967,44.05705,2017,1.0,,ALPINE,France,2036.0,2037330,POINT (6.87967 44.05705),True
37292,4.9774,43.4845,2021,10.0,200.0,MEDITERRANEAN,France,3865.0,2038531,POINT (4.9774 43.4845),True
37304,3.038293,42.74488,2018,10.0,16.0,MEDITERRANEAN,France,1300.0,2038624,POINT (3.038293 42.74488),True
37307,3.822133,44.096798,2017,0.0,-inf,MEDITERRANEAN,France,5071.0,2040768,POINT (3.822133 44.096798),True
37325,4.09045,44.24552,2019,1.0,,MEDITERRANEAN,France,2386.0,2041255,POINT (4.09045 44.24552),True
37331,7.34878,43.7272,2019,10.0,50.0,MEDITERRANEAN,France,9458.0,2043262,POINT (7.34878 43.7272),True
37351,3.335292,43.831301,2019,0.0,50.0,MEDITERRANEAN,France,10100.0,2043434,POINT (3.335292 43.831301),True
37376,5.37094,43.208927,2018,0.0,25.0,MEDITERRANEAN,France,8785.0,2045456,POINT (5.37094 43.208927),True
37389,5.52213,43.88925,2018,1.0,,MEDITERRANEAN,France,5969.0,2045668,POINT (5.52213 43.88925),True
37405,5.73824,43.34292,2017,1.0,,MEDITERRANEAN,France,5557.0,2046352,POINT (5.73824 43.34292),True
37431,6.48213,43.1677,2020,10.0,-inf,MEDITERRANEAN,France,2643.0,2047800,POINT (6.48213 43.1677),True
37450,3.3295,43.263535,2020,10.0,50.0,MEDITERRANEAN,France,1531.0,2048776,POINT (3.3295 43.263535),True
37464,6.137641,43.032252,2018,10.0,15.0,MEDITERRANEAN,France,4519.0,2049324,POINT (6.137641 43.032252),True
37475,5.563715,43.212352,2021,10.0,200.0,MEDITERRANEAN,France,3669.0,2053312,POINT (5.563715 43.212352),True
37491,3.816145,44.080323,2021,5.0,250.0,MEDITERRANEAN,France,5071.0,2054713,POINT (3.816145 44.080323),True
37504,5.18177,43.5185,2021,10.0,200.0,MEDITERRANEAN,France,5249.0,2054981,POINT (5.18177 43.5185),True
37532,4.37325,44.270986,2019,0.0,50.0,MEDITERRANEAN,France,9412.0,2056420,POINT (4.37325 44.270986),True
37552,2.964319,43.591554,2020,4.0,400.0,MEDITERRANEAN,France,5412.0,2056845,POINT (2.964319 43.591554),True
37574,5.3702,43.83962,2018,1.0,,MEDITERRANEAN,France,5249.0,2058287,POINT (5.3702 43.83962),True
37595,7.32857,43.7217,2019,10.0,20.0,MEDITERRANEAN,France,1497.0,2058728,POINT (7.32857 43.7217),True
37609,6.393847,43.265691,2021,5.0,4.0,MEDITERRANEAN,France,1309.0,2058766,POINT (6.393847 43.265691),True
37630,2.983367,43.068296,2021,5.0,50.0,MEDITERRANEAN,France,8027.0,2059234,POINT (2.983367 43.068296),True
37632,6.602171,43.18204,2019,0.0,20.0,MEDITERRANEAN,France,8332.0,2059415,POINT (6.602171 43.18204),True
37645,4.94184,44.24698,2020,10.0,50.0,MEDITERRANEAN,France,320.0,2059682,POINT (4.94184 44.24698),True
37667,2.48536,42.78559,2019,1.0,,MEDITERRANEAN,France,9458.0,2060851,POINT (2.48536 42.78559),True
37689,6.81002,43.80781,2019,1.0,,MEDITERRANEAN,France,3270.0,2062219,POINT (6.81002 43.80781),True
37712,3.670514,44.166112,2017,0.0,-inf,MEDITERRANEAN,France,661.0,2062401,POINT (3.670514 44.166112),True
37723,2.812782,42.993833,2021,5.0,16.0,MEDITERRANEAN,France,9977.0,2063196,POINT (2.812782 42.993833),True
37740,6.73822,43.52267,2019,1.0,,MEDITERRANEAN,France,3345.0,2064079,POINT (6.73822 43.52267),True
37754,5.64794,43.55454,2021,10.0,200.0,MEDITERRANEAN,France,6925.0,2065207,POINT (5.64794 43.55454),True
37793,5.353245,43.210646,2017,10.0,3.0,MEDITERRANEAN,France,8332.0,2065763,POINT (5.353245 43.210646),True
37796,5.72006,43.54796,2021,10.0,50.0,MEDITERRANEAN,France,701.0,2065815,POINT (5.72006 43.54796),True
37825,7.39725,43.7483,2019,10.0,100.0,MEDITERRANEAN,Monaco,6067.0,2065978,POINT (7.39725 43.7483),True
37851,6.28424,43.39625,2017,1.0,,MEDITERRANEAN,France,6039.0,2067198,POINT (6.28424 43.39625),True
37866,3.400358,44.063995,2019,0.0,50.0,MEDITERRANEAN,France,7536.0,2067974,POINT (3.400358 44.063995),True
37891,5.981614,43.262239,2020,4.0,200.0,MEDITERRANEAN,France,5412.0,2069426,POINT (5.981614 43.262239),True
37929,4.405013,43.53561,2018,0.0,-inf,MEDITERRANEAN,France,2809.0,2070314,POINT (4.405013 43.53561),True
37935,5.25613,43.487,2021,10.0,200.0,MEDITERRANEAN,France,3669.0,2071609,POINT (5.25613 43.487),True
37951,7.144153,43.68552,2020,10.0,50.0,MEDITERRANEAN,France,8904.0,2073088,POINT (7.144153 43.68552),True
37970,5.646021,43.541949,2017,0.0,-inf,MEDITERRANEAN,France,6509.0,2073757,POINT (5.646021 43.541949),True
37976,5.28114,44.03999,2017,1.0,,MEDITERRANEAN,France,9873.0,2074755,POINT (5.28114 44.03999),True
37995,3.83738,43.477233,2020,3.0,16.0,MEDITERRANEAN,France,9341.0,2074969,POINT (3.83738 43.477233),True
38003,2.074194,42.6115,2021,10.0,4.0,ALPINE,France,391.0,2075889,POINT (2.074194 42.6115),True
38016,3.016432,42.830002,2018,10.0,16.0,MEDITERRANEAN,France,5907.0,2076621,POINT (3.016432 42.830002),True
38024,5.564266,43.204371,2017,0.0,250.0,MEDITERRANEAN,France,5398.0,2078864,POINT (5.564266 43.204371),True
38038,6.671013,43.313821,2018,0.0,-inf,MEDITERRANEAN,France,11157.0,2079299,POINT (6.671013 43.313821),True
38049,3.824424,44.161823,2017,0.0,-inf,MEDITERRANEAN,France,5071.0,2080251,POINT (3.824424 44.161823),True
38059,3.037782,42.746931,2018,10.0,16.0,MEDITERRANEAN,France,10364.0,2081043,POINT (3.037782 42.746931),True
38073,3.817449,44.206314,2017,0.0,-inf,MEDITERRANEAN,France,9892.0,2081783,POINT (3.817449 44.206314),True
38087,6.49384,43.1761,2020,10.0,-inf,MEDITERRANEAN,France,5474.0,2082253,POINT (6.49384 43.1761),True
38098,4.536063,44.21826,2021,5.0,250.0,MEDITERRANEAN,France,5412.0,2082869,POINT (4.536063 44.21826),True
38114,5.06401,43.7833,2019,10.0,50.0,MEDITERRANEAN,France,204.0,2083493,POINT (5.06401 43.7833),True
38137,2.70864,43.37799,2017,1.0,,MEDITERRANEAN,France,9873.0,2083831,POINT (2.70864 43.37799),True
38153,6.89733,43.96626,2019,1.0,,MEDITERRANEAN,France,8760.0,2084417,POINT (6.89733 43.96626),True
38185,5.027408,43.338216,2017,0.0,100.0,MEDITERRANEAN,France,4886.0,2084760,POINT (5.027408 43.338216),True
38199,3.274635,43.884494,2019,0.0,50.0,MEDITERRANEAN,France,3374.0,2087587,POINT (3.274635 43.884494),True
38210,3.778166,43.461182,2021,4.0,25.0,MEDITERRANEAN,France,9890.0,2087874,POINT (3.778166 43.461182),True
38211,4.41289,43.572222,2017,0.0,5.0,MEDITERRANEAN,France,5573.0,2090468,POINT (4.41289 43.572222),True
38216,3.75333,44.77209,2017,1.0,,CONTINENTAL,France,7706.0,2090572,POINT (3.75333 44.77209),True
38226,6.395768,43.266807,2021,4.0,200.0,MEDITERRANEAN,France,1264.0,2092010,POINT (6.395768 43.266807),True
38253,5.609716,43.24037,2017,0.0,50.0,MEDITERRANEAN,France,3839.0,2092643,POINT (5.609716 43.24037),True
38270,2.012222,42.826417,2018,10.0,-inf,MEDITERRANEAN,France,8339.0,2093125,POINT (2.012222 42.826417),True
38291,6.18818,43.43572,2019,1.0,,MEDITERRANEAN,France,2421.0,2093402,POINT (6.18818 43.43572),True
38304,5.52414,43.92518,2019,1.0,,MEDITERRANEAN,France,11157.0,2095241,POINT (5.52414 43.92518),True
38321,6.49737,43.1658,2020,10.0,50.0,MEDITERRANEAN,France,1903.0,2095452,POINT (6.49737 43.1658),True
38343,3.517514,43.318353,2017,10.0,-inf,MEDITERRANEAN,France,6279.0,2095820,POINT (3.517514 43.318353),True
38344,3.051722,42.892361,2017,10.0,-inf,MEDITERRANEAN,France,3115.0,2095868,POINT (3.051722 42.892361),True
38354,6.50123,43.1627,2020,10.0,100.0,MEDITERRANEAN,France,6690.0,2096856,POINT (6.50123 43.1627),True
38392,7.08406,43.797365,2020,3.0,10.0,MEDITERRANEAN,France,10822.0,2096955,POINT (7.08406 43.797365),True
38408,3.73492,44.03482,2019,1.0,,MEDITERRANEAN,France,4498.0,2099020,POINT (3.73492 44.03482),True
38416,6.46926,43.1652,2020,10.0,-inf,MEDITERRANEAN,France,5474.0,2099861,POINT (6.46926 43.1652),True
38426,3.803635,43.449167,2020,9.0,25.0,MEDITERRANEAN,France,8027.0,2100290,POINT (3.803635 43.449167),True
38429,6.0568,43.091518,2019,10.0,100.0,MEDITERRANEAN,France,7318.0,2100613,POINT (6.0568 43.091518),True
38446,7.007618,43.870061,2021,5.0,-inf,MEDITERRANEAN,France,3911.0,2101101,POINT (7.007618 43.870061),True
38476,3.671973,43.606319,2018,0.0,25.0,MEDITERRANEAN,France,5120.0,2103644,POINT (3.671973 43.606319),True
38479,5.55553,43.60038,2017,1.0,,MEDITERRANEAN,France,10909.0,2105696,POINT (5.55553 43.60038),True
38509,3.038105,42.773797,2018,10.0,16.0,MEDITERRANEAN,France,8243.0,2106182,POINT (3.038105 42.773797),True
38525,6.23677,43.3416,2020,10.0,50.0,MEDITERRANEAN,France,494.0,2106434,POINT (6.23677 43.3416),True
38551,4.11717,44.29906,2019,1.0,,MEDITERRANEAN,France,1473.0,2107351,POINT (4.11717 44.29906),True
38571,3.100034,44.606354,2017,0.0,25.0,CONTINENTAL,France,2709.0,2107538,POINT (3.100034 44.606354),True
38597,6.60493,43.2014,2019,10.0,3.0,MEDITERRANEAN,France,10950.0,2108626,POINT (6.60493 43.2014),True
38612,7.15418,44.02652,2019,10.0,-inf,MEDITERRANEAN,France,5542.0,2109051,POINT (7.15418 44.02652),True
38643,5.61568,43.8083,2020,10.0,-inf,MEDITERRANEAN,France,3894.0,2109130,POINT (5.61568 43.8083),True
38658,5.9486,43.55197,2017,1.0,,MEDITERRANEAN,France,7318.0,2109489,POINT (5.9486 43.55197),True
38676,4.845353,43.99932,2018,0.0,-inf,MEDITERRANEAN,France,4325.0,2109668,POINT (4.845353 43.99932),True
38682,7.103925,43.812467,2021,5.0,-inf,MEDITERRANEAN,France,8991.0,2110067,POINT (7.103925 43.812467),True
38733,3.75078,44.364084,2017,10.0,3.0,CONTINENTAL,France,10255.0,2110706,POINT (3.75078 44.364084),True
38741,6.57623,43.206612,2019,10.0,-inf,MEDITERRANEAN,France,5749.0,2110983,POINT (6.57623 43.206612),True
38748,4.364541,44.274597,2019,0.0,20.0,MEDITERRANEAN,France,4201.0,2111405,POINT (4.364541 44.274597),True
38766,4.787362,43.3994,2017,10.0,-inf,MEDITERRANEAN,France,4541.0,2113572,POINT (4.787362 43.3994),True
38772,5.85573,43.24919,2017,1.0,,MEDITERRANEAN,France,3251.0,2115052,POINT (5.85573 43.24919),True
38797,3.894377,43.511438,2020,10.0,50.0,MEDITERRANEAN,France,9820.0,2117481,POINT (3.894377 43.511438),True
38812,5.173916,44.076348,2017,10.0,100.0,MEDITERRANEAN,France,3419.0,2118155,POINT (5.173916 44.076348),True
38827,7.108043,43.78213,2021,5.0,-inf,MEDITERRANEAN,France,8208.0,2118465,POINT (7.108043 43.78213),True
38850,4.69915,43.7713,2021,10.0,100.0,MEDITERRANEAN,France,10522.0,2118559,POINT (4.69915 43.7713),True
38889,2.032111,42.821861,2017,10.0,30.0,MEDITERRANEAN,France,7052.0,2119228,POINT (2.032111 42.821861),True
38924,5.41928,43.6903,2020,10.0,30.0,MEDITERRANEAN,France,6643.0,2119364,POINT (5.41928 43.6903),True
38942,3.707057,43.763417,2018,0.0,100.0,MEDITERRANEAN,France,6703.0,2121355,POINT (3.707057 43.763417),True
38946,7.193213,43.74497,2021,5.0,30.0,MEDITERRANEAN,France,2109.0,2121508,POINT (7.193213 43.74497),True
38964,3.602434,43.843007,2020,4.0,400.0,MEDITERRANEAN,France,8917.0,2121650,POINT (3.602434 43.843007),True
38981,6.15995,43.38274,2019,1.0,,MEDITERRANEAN,France,6226.0,2122466,POINT (6.15995 43.38274),True
39008,3.13272,43.75319,2017,1.0,,MEDITERRANEAN,France,10460.0,2123741,POINT (3.13272 43.75319),True
39031,2.229389,43.1965,2021,10.0,15.0,MEDITERRANEAN,France,2722.0,2123818,POINT (2.229389 43.1965),True
39037,4.98432,43.464266,2021,4.0,30.0,MEDITERRANEAN,France,2075.0,2124101,POINT (4.98432 43.464266),True
39039,6.50202,43.67605,2018,1.0,,MEDITERRANEAN,France,10953.0,2127329,POINT (6.50202 43.67605),True
39073,3.789678,44.125984,2017,0.0,-inf,MEDITERRANEAN,France,5474.0,2128026,POINT (3.789678 44.125984),True
39090,5.05107,43.3324,2021,10.0,9.0,MEDITERRANEAN,France,1300.0,2128175,POINT (5.05107 43.3324),True
39100,3.023871,42.857373,2018,10.0,16.0,MEDITERRANEAN,France,6491.0,2128487,POINT (3.023871 42.857373),True
39107,5.09611,44.187959,2021,10.0,150.0,MEDITERRANEAN,France,4530.0,2129911,POINT (5.09611 44.187959),True
39120,3.158334,43.149879,2020,10.0,50.0,MEDITERRANEAN,France,10347.0,2130600,POINT (3.158334 43.149879),True
39132,4.844118,43.380109,2017,10.0,9.0,MEDITERRANEAN,France,4567.0,2132423,POINT (4.844118 43.380109),True
39146,5.15409,43.4566,2021,10.0,1.0,MEDITERRANEAN,France,3666.0,2133000,POINT (5.15409 43.4566),True
39150,6.050969,43.088533,2019,10.0,20.0,MEDITERRANEAN,France,4653.0,2134117,POINT (6.050969 43.088533),True
39179,3.347691,43.272264,2017,0.0,16.0,MEDITERRANEAN,France,8661.0,2136827,POINT (3.347691 43.272264),True
39199,6.27319,43.59462,2019,1.0,,MEDITERRANEAN,France,2539.0,2136926,POINT (6.27319 43.59462),True
39213,7.46059,43.85107,2017,1.0,,MEDITERRANEAN,France,1619.0,2138432,POINT (7.46059 43.85107),True
39246,5.24505,44.1726,2020,10.0,4.0,MEDITERRANEAN,France,6108.0,2139391,POINT (5.24505 44.1726),True
39254,6.4843,43.1559,2020,10.0,-inf,MEDITERRANEAN,France,5116.0,2139535,POINT (6.4843 43.1559),True
39270,4.28681,44.13427,2019,1.0,,MEDITERRANEAN,France,1276.0,2139869,POINT (4.28681 44.13427),True
39286,5.181404,43.403499,2017,0.0,20.0,MEDITERRANEAN,France,3125.0,2140691,POINT (5.181404 43.403499),True
39315,3.037075,42.747668,2018,10.0,16.0,MEDITERRANEAN,France,71.0,2142459,POINT (3.037075 42.747668),True
39324,5.678572,43.342544,2017,10.0,3.0,MEDITERRANEAN,France,2957.0,2143469,POINT (5.678572 43.342544),True
39341,6.117136,43.082794,2018,10.0,70.0,MEDITERRANEAN,France,2643.0,2145027,POINT (6.117136 43.082794),True
39351,2.07475,42.611194,2021,10.0,20.0,ALPINE,France,2078.0,2146097,POINT (2.07475 42.611194),True
39361,7.36925,43.9786,2019,10.0,400.0,ALPINE,France,10427.0,2146490,POINT (7.36925 43.9786),True
39407,5.18116,43.5155,2021,10.0,16.0,MEDITERRANEAN,France,11078.0,2148981,POINT (5.18116 43.5155),True
39410,3.911475,43.519192,2020,10.0,50.0,MEDITERRANEAN,France,6836.0,2149327,POINT (3.911475 43.519192),True
39424,2.911898,43.364751,2021,5.0,100.0,MEDITERRANEAN,France,9572.0,2150037,POINT (2.911898 43.364751),True
39443,2.88196,43.46712,2018,1.0,,MEDITERRANEAN,France,7706.0,2151040,POINT (2.88196 43.46712),True
39457,7.1462,43.694543,2020,4.0,16.0,MEDITERRANEAN,France,10506.0,2153086,POINT (7.1462 43.694543),True
39480,5.590625,43.660606,2018,0.0,100.0,MEDITERRANEAN,France,3476.0,2153096,POINT (5.590625 43.660606),True
39497,3.28993,44.25543,2017,1.0,,CONTINENTAL,France,10904.0,2153773,POINT (3.28993 44.25543),True
39510,7.07669,43.7555,2019,10.0,20.0,MEDITERRANEAN,France,3451.0,2153906,POINT (7.07669 43.7555),True
39543,1.976084,42.575136,2017,0.0,11.0,ALPINE,France,4842.0,2154617,POINT (1.976084 42.575136),True
39545,3.814954,43.619156,2020,4.0,200.0,MEDITERRANEAN,France,11195.0,2154941,POINT (3.814954 43.619156),True
39576,5.64381,43.8027,2020,10.0,80.0,MEDITERRANEAN,France,9808.0,2155546,POINT (5.64381 43.8027),True
39591,5.690889,43.345092,2017,10.0,500.0,MEDITERRANEAN,France,6684.0,2156888,POINT (5.690889 43.345092),True
39612,3.878087,43.542909,2021,5.0,4.0,MEDITERRANEAN,France,3191.0,2156915,POINT (3.878087 43.542909),True
39615,6.91849,43.513912,2020,8.0,-inf,MEDITERRANEAN,France,11193.0,2159202,POINT (6.91849 43.513912),True
39644,3.687276,43.653176,2021,5.0,50.0,MEDITERRANEAN,France,5817.0,2160704,POINT (3.687276 43.653176),True
39675,6.116736,43.082887,2018,10.0,100.0,MEDITERRANEAN,France,11193.0,2161253,POINT (6.116736 43.082887),True
39695,3.050652,42.886958,2018,10.0,16.0,MEDITERRANEAN,France,4130.0,2161262,POINT (3.050652 42.886958),True
39714,5.558254,43.357194,2018,0.0,3.0,MEDITERRANEAN,France,6141.0,2162625,POINT (5.558254 43.357194),True
39725,1.976111,42.864722,2018,10.0,1.0,ALPINE,France,6989.0,2166623,POINT (1.976111 42.864722),True
39750,3.83271,43.814966,2021,5.0,250.0,MEDITERRANEAN,France,9458.0,2166761,POINT (3.83271 43.814966),True
39759,3.022343,42.794509,2018,10.0,16.0,MEDITERRANEAN,France,9565.0,2167007,POINT (3.022343 42.794509),True
39763,3.142394,43.261807,2019,10.0,-inf,MEDITERRANEAN,France,2885.0,2167640,POINT (3.142394 43.261807),True
39770,6.48976,43.1676,2020,10.0,20.0,MEDITERRANEAN,France,3324.0,2167659,POINT (6.48976 43.1676),True
39805,5.7819,43.71584,2021,10.0,200.0,MEDITERRANEAN,France,2474.0,2167981,POINT (5.7819 43.71584),True
39830,6.303215,43.148462,2018,10.0,-inf,MEDITERRANEAN,France,8654.0,2168149,POINT (6.303215 43.148462),True
39843,6.23256,43.36215,2019,1.0,,MEDITERRANEAN,France,9458.0,2170476,POINT (6.23256 43.36215),True
39855,2.83261,43.46736,2017,1.0,,MEDITERRANEAN,France,1276.0,2171151,POINT (2.83261 43.46736),True
39886,5.603668,43.238113,2017,10.0,100.0,MEDITERRANEAN,France,9261.0,2171744,POINT (5.603668 43.238113),True
39891,1.96215,42.5641,2021,10.0,16.0,ALPINE,France,3334.0,2172600,POINT (1.96215 42.5641),True
39894,6.096763,43.135544,2018,10.0,50.0,MEDITERRANEAN,France,10728.0,2172687,POINT (6.096763 43.135544),True
39910,6.49977,43.157,2020,10.0,100.0,MEDITERRANEAN,France,7748.0,2172704,POINT (6.49977 43.157),True
39936,3.349046,43.274508,2017,0.0,16.0,MEDITERRANEAN,France,9820.0,2172914,POINT (3.349046 43.274508),True
39960,6.607783,43.173191,2019,0.0,10.0,MEDITERRANEAN,France,8785.0,2172916,POINT (6.607783 43.173191),True
39971,4.353028,44.333014,2019,10.0,60.0,MEDITERRANEAN,France,8208.0,2173747,POINT (4.353028 44.333014),True
39987,4.31115,44.11584,2017,1.0,,MEDITERRANEAN,France,2386.0,2174590,POINT (4.31115 44.11584),True
39999,4.78659,43.394391,2017,0.0,-inf,MEDITERRANEAN,France,8643.0,2175428,POINT (4.78659 43.394391),True
40013,3.130395,42.499407,2018,0.0,16.0,MEDITERRANEAN,France,1531.0,2175967,POINT (3.130395 42.499407),True
40015,5.49629,43.87201,2019,1.0,,MEDITERRANEAN,France,3358.0,2176297,POINT (5.49629 43.87201),True
40037,6.9238,43.677,2017,1.0,,MEDITERRANEAN,France,4530.0,2176518,POINT (6.9238 43.677),True
40057,6.845239,43.60959,2017,0.0,4.0,MEDITERRANEAN,France,2643.0,2176819,POINT (6.845239 43.60959),True
40068,5.18552,43.4049,2021,10.0,25.0,MEDITERRANEAN,France,3465.0,2178357,POINT (5.18552 43.4049),True
40076,6.50582,43.1806,2020,10.0,4.0,MEDITERRANEAN,France,8149.0,2178475,POINT (6.50582 43.1806),True
40088,3.050766,42.890671,2018,10.0,16.0,MEDITERRANEAN,France,7090.0,2180570,POINT (3.050766 42.890671),True
40101,3.517405,43.318543,2017,10.0,-inf,MEDITERRANEAN,France,6279.0,2181444,POINT (3.517405 43.318543),True
40102,3.040329,42.818051,2020,10.0,50.0,MEDITERRANEAN,France,9877.0,2181548,POINT (3.040329 42.818051),True
40113,4.82706,43.56485,2020,10.0,4.0,MEDITERRANEAN,France,8091.0,2182834,POINT (4.82706 43.56485),True
40129,3.719318,43.66075,2020,5.0,4.0,MEDITERRANEAN,France,9486.0,2185838,POINT (3.719318 43.66075),True
40137,3.035223,42.656053,2020,10.0,40.0,MEDITERRANEAN,France,5203.0,2185901,POINT (3.035223 42.656053),True
40144,3.68679,44.10737,2019,1.0,,MEDITERRANEAN,France,5071.0,2186640,POINT (3.68679 44.10737),True
40155,3.19039,44.29222,2019,1.0,,CONTINENTAL,France,1276.0,2187999,POINT (3.19039 44.29222),True
40165,3.037771,42.563589,2020,4.0,16.0,MEDITERRANEAN,France,3533.0,2188196,POINT (3.037771 42.563589),True
40173,6.750323,43.556453,2020,4.0,10.0,MEDITERRANEAN,France,11061.0,2188332,POINT (6.750323 43.556453),True
40194,3.836057,43.476246,2020,3.0,16.0,MEDITERRANEAN,France,9877.0,2188544,POINT (3.836057 43.476246),True
40202,5.613212,43.227857,2017,0.0,30.0,MEDITERRANEAN,France,9870.0,2189736,POINT (5.613212 43.227857),True
40212,4.192946,43.642187,2021,5.0,256.0,MEDITERRANEAN,France,11159.0,2190999,POINT (4.192946 43.642187),True
40235,4.94322,43.74278,2018,1.0,,MEDITERRANEAN,France,6679.0,2191194,POINT (4.94322 43.74278),True
40262,5.192975,43.366147,2021,5.0,10.0,MEDITERRANEAN,France,4358.0,2192758,POINT (5.192975 43.366147),True
40273,5.62199,43.58827,2021,10.0,100.0,MEDITERRANEAN,France,10521.0,2193632,POINT (5.62199 43.58827),True
40287,4.127938,43.599938,2020,9.0,4.0,MEDITERRANEAN,France,11078.0,2194341,POINT (4.127938 43.599938),True
40288,3.74654,44.50233,2017,1.0,,CONTINENTAL,France,10684.0,2195066,POINT (3.74654 44.50233),True
40307,3.709184,44.162529,2017,0.0,-inf,MEDITERRANEAN,France,10268.0,2195219,POINT (3.709184 44.162529),True
40319,3.649906,44.149683,2017,0.0,-inf,MEDITERRANEAN,France,661.0,2196017,POINT (3.649906 44.149683),True
40345,2.48526,42.74967,2018,1.0,,MEDITERRANEAN,France,2421.0,2196404,POINT (2.48526 42.74967),True
40380,5.53754,43.529606,2017,0.0,9.0,MEDITERRANEAN,France,3971.0,2197463,POINT (5.53754 43.529606),True
40387,3.159847,43.151437,2020,10.0,50.0,MEDITERRANEAN,France,9877.0,2197522,POINT (3.159847 43.151437),True
40400,3.16361,43.230972,2021,5.0,100.0,MEDITERRANEAN,France,3935.0,2197868,POINT (3.16361 43.230972),True
40415,3.423352,43.89671,2021,5.0,250.0,MEDITERRANEAN,France,6909.0,2199433,POINT (3.423352 43.89671),True
40443,5.575371,43.178889,2017,0.0,16.0,MEDITERRANEAN,France,4048.0,2201430,POINT (5.575371 43.178889),True
40457,6.29602,43.3256,2020,10.0,100.0,MEDITERRANEAN,France,6944.0,2202874,POINT (6.29602 43.3256),True
40477,6.859647,43.607696,2021,5.0,5.0,MEDITERRANEAN,France,3161.0,2203711,POINT (6.859647 43.607696),True
40490,5.26272,44.16645,2017,1.0,,MEDITERRANEAN,France,9962.0,2204213,POINT (5.26272 44.16645),True
40504,3.03747,42.754367,2018,10.0,16.0,MEDITERRANEAN,France,5799.0,2204305,POINT (3.03747 42.754367),True
40509,6.47338,43.62314,2018,1.0,,MEDITERRANEAN,France,10073.0,2204355,POINT (6.47338 43.62314),True
40531,3.097682,43.129347,2021,5.0,100.0,MEDITERRANEAN,France,9636.0,2205230,POINT (3.097682 43.129347),True
40553,5.696514,43.421005,2017,0.0,200.0,MEDITERRANEAN,France,1521.0,2205549,POINT (5.696514 43.421005),True
40578,3.844195,43.48268,2020,4.0,16.0,MEDITERRANEAN,France,1300.0,2207228,POINT (3.844195 43.48268),True
40584,3.037667,42.743639,2019,10.0,-inf,MEDITERRANEAN,France,7051.0,2207844,POINT (3.037667 42.743639),True
40590,5.68275,43.23673,2017,1.0,,MEDITERRANEAN,France,1736.0,2208678,POINT (5.68275 43.23673),True
40600,6.107932,43.148105,2020,4.0,200.0,MEDITERRANEAN,France,868.0,2210129,POINT (6.107932 43.148105),True
40631,3.446629,44.089169,2021,5.0,250.0,MEDITERRANEAN,France,791.0,2211501,POINT (3.446629 44.089169),True
40635,3.536817,44.169125,2019,0.0,8.0,MEDITERRANEAN,France,8033.0,2211882,POINT (3.536817 44.169125),True
40647,2.58124,42.39032,2017,1.0,,MEDITERRANEAN,Spain,4498.0,2213872,POINT (2.58124 42.39032),True
40665,3.841152,43.480213,2020,3.0,16.0,MEDITERRANEAN,France,2926.0,2214889,POINT (3.841152 43.480213),True
40673,2.854486,43.602194,2020,6.0,400.0,CONTINENTAL,France,963.0,2217300,POINT (2.854486 43.602194),True
40690,2.43726,43.1809,2018,1.0,,MEDITERRANEAN,France,2120.0,2219799,POINT (2.43726 43.1809),True
40713,6.608751,43.171753,2019,10.0,-inf,MEDITERRANEAN,France,1176.0,2219977,POINT (6.608751 43.171753),True
40729,4.612618,43.967783,2021,5.0,250.0,MEDITERRANEAN,France,2634.0,2222210,POINT (4.612618 43.967783),True
40745,5.05196,43.3313,2021,10.0,1.0,MEDITERRANEAN,France,4126.0,2222797,POINT (5.05196 43.3313),True
40757,6.926625,43.51568,2020,4.0,50.0,MEDITERRANEAN,France,5766.0,2224273,POINT (6.926625 43.51568),True
40772,2.890091,43.051596,2021,4.0,16.0,MEDITERRANEAN,France,1160.0,2224950,POINT (2.890091 43.051596),True
40794,5.58228,43.63556,2019,1.0,,MEDITERRANEAN,France,476.0,2225446,POINT (5.58228 43.63556),True
40806,4.02966,43.88677,2017,1.0,,MEDITERRANEAN,France,11193.0,2225710,POINT (4.02966 43.88677),True
40824,6.02081,43.1212,2020,10.0,200.0,MEDITERRANEAN,France,6158.0,2228178,POINT (6.02081 43.1212),True
40836,6.50103,43.1588,2020,10.0,100.0,MEDITERRANEAN,France,7576.0,2229153,POINT (6.50103 43.1588),True
40851,4.831736,44.035469,2018,0.0,-inf,MEDITERRANEAN,France,4265.0,2229435,POINT (4.831736 44.035469),True
40854,5.14838,44.1686,2020,10.0,80.0,MEDITERRANEAN,France,2356.0,2230688,POINT (5.14838 44.1686),True
40877,5.602472,43.238079,2017,0.0,4.0,MEDITERRANEAN,France,3839.0,2230731,POINT (5.602472 43.238079),True
40879,2.24124,42.92936,2018,1.0,,MEDITERRANEAN,France,3043.0,2232372,POINT (2.24124 42.92936),True
40915,3.191198,43.50369,2021,5.0,50.0,MEDITERRANEAN,France,6492.0,2233210,POINT (3.191198 43.50369),True
40945,5.21979,43.33109,2017,0.0,50.0,MEDITERRANEAN,France,1304.0,2233662,POINT (5.21979 43.33109),True
40952,6.32138,43.1973,2021,10.0,2.0,MEDITERRANEAN,France,3140.0,2234515,POINT (6.32138 43.1973),True
40971,7.136674,43.732165,2021,6.0,200.0,MEDITERRANEAN,France,9702.0,2234967,POINT (7.136674 43.732165),True
41025,3.641151,44.224741,2017,0.0,-inf,MEDITERRANEAN,France,6205.0,2234999,POINT (3.641151 44.224741),True
41049,6.127273,43.15212,2021,4.0,16.0,MEDITERRANEAN,France,3958.0,2236050,POINT (6.127273 43.15212),True
41060,3.016312,42.795689,2018,0.0,16.0,MEDITERRANEAN,France,9696.0,2236589,POINT (3.016312 42.795689),True
41067,3.734787,43.666862,2020,3.0,4.0,MEDITERRANEAN,France,5980.0,2237167,POINT (3.734787 43.666862),True
41083,5.209836,44.053192,2017,0.0,5.0,MEDITERRANEAN,France,1770.0,2237450,POINT (5.209836 44.053192),True
41100,3.42507,44.77582,2019,1.0,,CONTINENTAL,France,8818.0,2237493,POINT (3.42507 44.77582),True
41126,3.820086,43.611346,2021,5.0,16.0,MEDITERRANEAN,France,3387.0,2237731,POINT (3.820086 43.611346),True
41144,5.6357,43.27416,2017,1.0,,MEDITERRANEAN,France,5721.0,2237950,POINT (5.6357 43.27416),True
41170,5.519512,43.320319,2017,0.0,150.0,MEDITERRANEAN,France,476.0,2239320,POINT (5.519512 43.320319),True
41188,4.39109,43.4639,2021,10.0,20.0,MEDITERRANEAN,France,6313.0,2239336,POINT (4.39109 43.4639),True
41198,2.970391,43.043655,2020,4.0,50.0,MEDITERRANEAN,France,6836.0,2241533,POINT (2.970391 43.043655),True
41235,4.405957,44.169313,2021,5.0,250.0,MEDITERRANEAN,France,4003.0,2241795,POINT (4.405957 44.169313),True
41245,3.735635,44.113606,2017,0.0,-inf,MEDITERRANEAN,France,981.0,2241797,POINT (3.735635 44.113606),True
41254,3.521093,43.32045,2017,10.0,-inf,MEDITERRANEAN,France,7955.0,2242010,POINT (3.521093 43.32045),True
41255,5.445011,43.26956,2018,0.0,-inf,MEDITERRANEAN,France,2120.0,2242082,POINT (5.445011 43.26956),True
41276,5.930362,43.275129,2020,3.0,200.0,MEDITERRANEAN,France,9261.0,2243075,POINT (5.930362 43.275129),True
41319,4.76138,44.2104,2020,10.0,-inf,MEDITERRANEAN,France,3935.0,2243277,POINT (4.76138 44.2104),True
41339,5.568394,43.181288,2017,0.0,100.0,MEDITERRANEAN,France,3669.0,2244586,POINT (5.568394 43.181288),True
41356,5.672464,43.222723,2021,10.0,200.0,MEDITERRANEAN,France,1254.0,2246425,POINT (5.672464 43.222723),True
41380,4.48104,43.98672,2018,1.0,,MEDITERRANEAN,France,3937.0,2248009,POINT (4.48104 43.98672),True
41398,5.211486,44.056472,2017,0.0,15.0,MEDITERRANEAN,France,6911.0,2250811,POINT (5.211486 44.056472),True
41411,6.910997,43.508852,2020,10.0,10.0,MEDITERRANEAN,France,10108.0,2251365,POINT (6.910997 43.508852),True
41433,5.598006,43.660673,2018,10.0,50.0,MEDITERRANEAN,France,4902.0,2251733,POINT (5.598006 43.660673),True
41443,6.583587,43.209123,2019,10.0,-inf,MEDITERRANEAN,France,11157.0,2252557,POINT (6.583587 43.209123),True
41455,7.121146,43.824929,2020,10.0,8.0,MEDITERRANEAN,France,2282.0,2252779,POINT (7.121146 43.824929),True
41469,6.110342,43.033162,2017,0.0,100.0,MEDITERRANEAN,France,4029.0,2253304,POINT (6.110342 43.033162),True
41482,3.80805,43.792236,2021,5.0,250.0,MEDITERRANEAN,France,11157.0,2254906,POINT (3.80805 43.792236),True
41493,6.50231,43.1904,2020,10.0,50.0,MEDITERRANEAN,France,2932.0,2255062,POINT (6.50231 43.1904),True
41522,6.83783,44.311709,2018,0.0,4.0,ALPINE,France,6497.0,2255958,POINT (6.83783 44.311709),True
41541,7.035983,43.791299,2020,4.0,16.0,MEDITERRANEAN,France,423.0,2256198,POINT (7.035983 43.791299),True
41573,5.576694,43.173207,2021,10.0,20.0,MEDITERRANEAN,France,4184.0,2257046,POINT (5.576694 43.173207),True
41590,3.866545,44.140129,2017,0.0,-inf,MEDITERRANEAN,France,7318.0,2257150,POINT (3.866545 44.140129),True
41607,3.913206,43.562078,2020,11.0,250.0,MEDITERRANEAN,France,146.0,2258391,POINT (3.913206 43.562078),True
41621,3.82444,43.4655,2020,10.0,20.0,MEDITERRANEAN,France,3837.0,2258936,POINT (3.82444 43.4655),True
41630,3.619179,43.856999,2020,4.0,400.0,MEDITERRANEAN,France,7536.0,2259335,POINT (3.619179 43.856999),True
41646,3.345363,43.274088,2017,0.0,16.0,MEDITERRANEAN,France,1702.0,2259916,POINT (3.345363 43.274088),True
41668,4.020092,43.554876,2020,3.0,16.0,MEDITERRANEAN,France,8661.0,2260938,POINT (4.020092 43.554876),True
41672,6.388921,43.269856,2021,5.0,4.0,MEDITERRANEAN,France,154.0,2261563,POINT (6.388921 43.269856),True
41686,6.11168,43.0962,2019,10.0,200.0,MEDITERRANEAN,France,9572.0,2261946,POINT (6.11168 43.0962),True
41714,4.25394,43.90103,2019,1.0,,MEDITERRANEAN,France,10364.0,2262645,POINT (4.25394 43.90103),True
41747,7.112775,43.76726,2020,6.0,16.0,MEDITERRANEAN,France,2474.0,2262897,POINT (7.112775 43.76726),True
41755,5.71217,43.54153,2021,10.0,100.0,MEDITERRANEAN,France,7192.0,2263062,POINT (5.71217 43.54153),True
41775,3.516399,43.319078,2017,10.0,-inf,MEDITERRANEAN,France,7955.0,2263435,POINT (3.516399 43.319078),True
41776,6.25712,43.7212,2019,1.0,,MEDITERRANEAN,France,6684.0,2264793,POINT (6.25712 43.7212),True
41795,6.29992,43.2173,2021,10.0,2.0,MEDITERRANEAN,France,8091.0,2264940,POINT (6.29992 43.2173),True
41799,5.652896,43.631277,2017,0.0,6.0,MEDITERRANEAN,France,2420.0,2266083,POINT (5.652896 43.631277),True
41823,4.329229,43.457065,2017,0.0,3.0,MEDITERRANEAN,France,4130.0,2266284,POINT (4.329229 43.457065),True
41827,3.831748,44.063324,2021,5.0,250.0,MEDITERRANEAN,France,2474.0,2267248,POINT (3.831748 44.063324),True
41843,5.336994,43.214626,2018,10.0,3.0,MEDITERRANEAN,France,4059.0,2267251,POINT (5.336994 43.214626),True
41851,4.071214,43.907706,2021,5.0,250.0,MEDITERRANEAN,France,2421.0,2267521,POINT (4.071214 43.907706),True
41869,3.043451,42.841836,2020,10.0,50.0,MEDITERRANEAN,France,11222.0,2268935,POINT (3.043451 42.841836),True
41879,6.423385,43.269316,2020,6.0,16.0,MEDITERRANEAN,France,3722.0,2269106,POINT (6.423385 43.269316),True
41901,3.518251,43.318179,2017,10.0,-inf,MEDITERRANEAN,France,6279.0,2269165,POINT (3.518251 43.318179),True
41902,2.890132,43.051326,2021,5.0,50.0,MEDITERRANEAN,France,10305.0,2269744,POINT (2.890132 43.051326),True
41932,6.96702,43.9054,2019,10.0,-inf,MEDITERRANEAN,France,5166.0,2270709,POINT (6.96702 43.9054),True
41949,6.48595,43.1657,2020,10.0,-inf,MEDITERRANEAN,France,6909.0,2271671,POINT (6.48595 43.1657),True
41974,3.037604,42.755365,2018,10.0,16.0,MEDITERRANEAN,France,9877.0,2272474,POINT (3.037604 42.755365),True
41978,6.48471,43.1686,2020,10.0,-inf,MEDITERRANEAN,France,2839.0,2272787,POINT (6.48471 43.1686),True
41988,3.827216,43.468448,2020,3.0,50.0,MEDITERRANEAN,France,6374.0,2274289,POINT (3.827216 43.468448),True
41997,4.858463,43.664063,2018,10.0,-inf,MEDITERRANEAN,France,146.0,2275097,POINT (4.858463 43.664063),True
42005,3.610149,43.929615,2021,5.0,250.0,MEDITERRANEAN,France,11120.0,2275304,POINT (3.610149 43.929615),True
42023,6.973689,43.650373,2021,4.0,-inf,MEDITERRANEAN,France,5242.0,2275351,POINT (6.973689 43.650373),True
42051,2.942372,43.045646,2021,5.0,50.0,MEDITERRANEAN,France,6874.0,2275521,POINT (2.942372 43.045646),True
42072,6.34378,43.221,2021,10.0,3.0,MEDITERRANEAN,France,6217.0,2275652,POINT (6.34378 43.221),True
42093,7.101844,43.789841,2020,3.0,1.0,MEDITERRANEAN,France,5301.0,2277420,POINT (7.101844 43.789841),True
42114,3.348454,43.272216,2017,0.0,16.0,MEDITERRANEAN,France,245.0,2277923,POINT (3.348454 43.272216),True
42129,3.517328,44.106645,2019,10.0,10.0,MEDITERRANEAN,France,3913.0,2278157,POINT (3.517328 44.106645),True
42145,6.90424,43.44473,2021,10.0,30.0,MEDITERRANEAN,France,7212.0,2279155,POINT (6.90424 43.44473),True
42155,2.276,43.164444,2020,10.0,30.0,MEDITERRANEAN,France,3423.0,2280607,POINT (2.276 43.164444),True
42163,3.850714,44.099577,2017,0.0,-inf,MEDITERRANEAN,France,2474.0,2282897,POINT (3.850714 44.099577),True
42177,4.7576,43.5806,2021,10.0,50.0,MEDITERRANEAN,France,2634.0,2283158,POINT (4.7576 43.5806),True
42196,3.030806,42.861861,2017,10.0,100.0,MEDITERRANEAN,France,245.0,2285172,POINT (3.030806 42.861861),True
42209,3.522415,43.330339,2017,10.0,-inf,MEDITERRANEAN,France,6279.0,2286257,POINT (3.522415 43.330339),True
42211,5.195282,43.365371,2021,6.0,20.0,MEDITERRANEAN,France,4719.0,2286288,POINT (5.195282 43.365371),True
42219,2.304333,42.869833,2021,10.0,40.0,MEDITERRANEAN,France,963.0,2286562,POINT (2.304333 42.869833),True
42232,4.044203,43.557321,2021,4.0,16.0,MEDITERRANEAN,France,8661.0,2287824,POINT (4.044203 43.557321),True
42240,6.03109,43.29728,2019,1.0,,MEDITERRANEAN,France,9458.0,2287995,POINT (6.03109 43.29728),True
42258,5.646919,43.540469,2017,0.0,20.0,MEDITERRANEAN,France,3900.0,2288844,POINT (5.646919 43.540469),True
42268,3.375313,44.057424,2019,0.0,50.0,MEDITERRANEAN,France,5704.0,2289374,POINT (3.375313 44.057424),True
42290,4.494753,44.303036,2019,0.0,9.0,MEDITERRANEAN,France,1431.0,2289608,POINT (4.494753 44.303036),True
42321,7.066239,43.783887,2021,6.0,200.0,MEDITERRANEAN,France,8549.0,2291191,POINT (7.066239 43.783887),True
42362,5.696524,43.293548,2021,5.0,50.0,MEDITERRANEAN,France,8746.0,2292599,POINT (5.696524 43.293548),True
42382,4.944,44.24812,2020,10.0,30.0,MEDITERRANEAN,France,6555.0,2293524,POINT (4.944 44.24812),True
42399,3.796915,43.766748,2018,10.0,20.0,MEDITERRANEAN,France,9468.0,2295066,POINT (3.796915 43.766748),True
42403,6.11343,43.0956,2019,10.0,30.0,MEDITERRANEAN,France,6560.0,2295470,POINT (6.11343 43.0956),True
42459,4.77867,43.350142,2017,0.0,2.0,MEDITERRANEAN,France,2325.0,2295784,POINT (4.77867 43.350142),True
42463,5.90899,43.277301,2020,4.0,200.0,MEDITERRANEAN,France,8512.0,2295830,POINT (5.90899 43.277301),True
42503,3.681592,44.106619,2017,0.0,-inf,MEDITERRANEAN,France,2211.0,2295848,POINT (3.681592 44.106619),True
42519,2.55709,42.40832,2019,1.0,,MEDITERRANEAN,Spain,4498.0,2295936,POINT (2.55709 42.40832),True
42549,5.91932,43.230084,2017,10.0,10.0,MEDITERRANEAN,France,9555.0,2295946,POINT (5.91932 43.230084),True
42565,6.09305,43.09887,2020,10.0,25.0,MEDITERRANEAN,France,2665.0,2297860,POINT (6.09305 43.09887),True
42591,5.314904,43.518959,2017,10.0,10.0,MEDITERRANEAN,France,462.0,2299199,POINT (5.314904 43.518959),True
42601,3.794849,43.770857,2018,10.0,40.0,MEDITERRANEAN,France,3327.0,2299452,POINT (3.794849 43.770857),True
42603,3.76349,44.20168,2017,0.0,-inf,MEDITERRANEAN,France,5474.0,2302488,POINT (3.76349 44.20168),True
42627,6.751204,43.556587,2020,4.0,20.0,MEDITERRANEAN,France,8149.0,2302577,POINT (6.751204 43.556587),True
42648,3.073428,43.131347,2021,5.0,100.0,MEDITERRANEAN,France,1619.0,2303267,POINT (3.073428 43.131347),True
42669,3.20684,43.73464,2017,1.0,,MEDITERRANEAN,France,10762.0,2303811,POINT (3.20684 43.73464),True
42696,3.517365,43.31687,2017,10.0,-inf,MEDITERRANEAN,France,7955.0,2303893,POINT (3.517365 43.31687),True
42697,3.522932,43.319425,2017,10.0,-inf,MEDITERRANEAN,France,6279.0,2304225,POINT (3.522932 43.319425),True
42698,6.8239,43.506942,2018,10.0,100.0,MEDITERRANEAN,France,1497.0,2304715,POINT (6.8239 43.506942),True
42721,4.338746,43.466341,2017,0.0,250.0,MEDITERRANEAN,France,982.0,2304813,POINT (4.338746 43.466341),True
42726,3.620079,43.554962,2018,0.0,20.0,MEDITERRANEAN,France,473.0,2307859,POINT (3.620079 43.554962),True
42731,3.87169,44.48266,2019,1.0,,CONTINENTAL,France,981.0,2308614,POINT (3.87169 44.48266),True
42746,5.46848,43.81883,2019,1.0,,MEDITERRANEAN,France,51.0,2310838,POINT (5.46848 43.81883),True
42759,3.47448,44.72135,2017,1.0,,CONTINENTAL,France,8428.0,2314541,POINT (3.47448 44.72135),True
42763,3.050958,42.88649,2018,10.0,16.0,MEDITERRANEAN,France,2173.0,2315089,POINT (3.050958 42.88649),True
42764,3.17387,43.17769,2018,1.0,,MEDITERRANEAN,France,9458.0,2315796,POINT (3.17387 43.17769),True
42779,3.77848,43.66519,2020,3.0,50.0,MEDITERRANEAN,France,10125.0,2316908,POINT (3.77848 43.66519),True
42799,4.54792,44.2261,2020,10.0,400.0,MEDITERRANEAN,France,3251.0,2317040,POINT (4.54792 44.2261),True
42808,5.73492,43.70285,2017,1.0,,MEDITERRANEAN,France,6945.0,2317428,POINT (5.73492 43.70285),True
42837,3.694374,44.141598,2017,0.0,-inf,MEDITERRANEAN,France,4498.0,2318845,POINT (3.694374 44.141598),True
42863,3.660515,44.17836,2017,0.0,-inf,MEDITERRANEAN,France,661.0,2319504,POINT (3.660515 44.17836),True
42871,7.058444,43.632337,2018,0.0,25.0,MEDITERRANEAN,France,3533.0,2320694,POINT (7.058444 43.632337),True
42894,1.952889,42.75075,2018,0.0,3.0,ALPINE,France,5561.0,2321251,POINT (1.952889 42.75075),True
42926,5.336781,43.214846,2018,10.0,100.0,MEDITERRANEAN,France,2771.0,2321707,POINT (5.336781 43.214846),True
42932,3.970073,43.566913,2020,9.0,25.0,MEDITERRANEAN,France,6234.0,2321752,POINT (3.970073 43.566913),True
42933,7.083612,43.607797,2018,0.0,5.0,MEDITERRANEAN,France,9702.0,2324060,POINT (7.083612 43.607797),True
42938,5.683958,43.696697,2018,10.0,50.0,MEDITERRANEAN,France,8737.0,2324378,POINT (5.683958 43.696697),True
42947,5.600951,43.240105,2017,0.0,4.0,MEDITERRANEAN,France,2325.0,2325423,POINT (5.600951 43.240105),True
42953,3.051847,42.891487,2020,4.0,25.0,MEDITERRANEAN,France,5876.0,2326068,POINT (3.051847 42.891487),True
42968,2.969797,43.651913,2020,6.0,400.0,CONTINENTAL,France,6395.0,2326265,POINT (2.969797 43.651913),True
42975,6.051505,43.088923,2019,0.0,70.0,MEDITERRANEAN,France,2634.0,2327791,POINT (6.051505 43.088923),True
42991,3.703981,43.649416,2020,3.0,16.0,MEDITERRANEAN,France,9547.0,2330234,POINT (3.703981 43.649416),True
43027,7.08648,44.0084,2019,10.0,-inf,MEDITERRANEAN,France,10367.0,2330338,POINT (7.08648 44.0084),True
43050,6.910946,43.50729,2020,10.0,-inf,MEDITERRANEAN,France,2386.0,2330592,POINT (6.910946 43.50729),True
43071,3.030833,42.85075,2017,10.0,-inf,MEDITERRANEAN,France,5868.0,2330812,POINT (3.030833 42.85075),True
43087,4.040464,43.887425,2021,5.0,250.0,MEDITERRANEAN,France,5557.0,2331229,POINT (4.040464 43.887425),True
43106,6.779421,43.461608,2020,3.0,100.0,MEDITERRANEAN,France,4194.0,2334166,POINT (6.779421 43.461608),True
43136,5.35758,44.0574,2020,10.0,60.0,MEDITERRANEAN,France,8632.0,2334869,POINT (5.35758 44.0574),True
43168,6.89982,43.44235,2021,10.0,25.0,MEDITERRANEAN,France,1318.0,2340306,POINT (6.89982 43.44235),True
43178,3.28211,43.78795,2019,1.0,,MEDITERRANEAN,France,636.0,2342852,POINT (3.28211 43.78795),True
43199,2.953148,43.044522,2021,5.0,50.0,MEDITERRANEAN,France,9710.0,2345297,POINT (2.953148 43.044522),True
43232,4.39879,43.4915,2021,10.0,50.0,MEDITERRANEAN,France,6491.0,2348146,POINT (4.39879 43.4915),True
43237,4.63622,44.12746,2018,1.0,,MEDITERRANEAN,France,1304.0,2348753,POINT (4.63622 44.12746),True
43254,2.33904,42.96534,2018,1.0,,MEDITERRANEAN,France,8208.0,2349888,POINT (2.33904 42.96534),True
43276,3.824793,43.465725,2020,3.0,16.0,MEDITERRANEAN,France,8785.0,2350165,POINT (3.824793 43.465725),True
43284,3.038945,42.789175,2020,10.0,40.0,MEDITERRANEAN,France,9877.0,2353718,POINT (3.038945 42.789175),True
43288,2.48563,42.89337,2017,1.0,,MEDITERRANEAN,France,10247.0,2354601,POINT (2.48563 42.89337),True
43303,3.09219,43.132099,2021,5.0,100.0,MEDITERRANEAN,France,2421.0,2354602,POINT (3.09219 43.132099),True
43321,3.407631,43.333587,2021,4.0,16.0,MEDITERRANEAN,France,5868.0,2354958,POINT (3.407631 43.333587),True
43335,7.123105,43.564263,2021,5.0,-inf,MEDITERRANEAN,France,4349.0,2355343,POINT (7.123105 43.564263),True
43353,5.549391,43.526511,2017,0.0,50.0,MEDITERRANEAN,France,10521.0,2355483,POINT (5.549391 43.526511),True
43371,3.49156,44.32543,2017,1.0,,CONTINENTAL,France,3345.0,2355740,POINT (3.49156 44.32543),True
43410,3.681065,43.620146,2018,0.0,25.0,MEDITERRANEAN,France,340.0,2355970,POINT (3.681065 43.620146),True
43416,5.655425,43.253467,2018,0.0,40.0,MEDITERRANEAN,France,5842.0,2356308,POINT (5.655425 43.253467),True
43431,4.876079,43.352707,2017,0.0,100.0,MEDITERRANEAN,France,9696.0,2358898,POINT (4.876079 43.352707),True
43435,6.48366,43.1709,2020,10.0,100.0,MEDITERRANEAN,France,2255.0,2359848,POINT (6.48366 43.1709),True
43449,6.596374,43.198801,2019,10.0,100.0,MEDITERRANEAN,France,3669.0,2360477,POINT (6.596374 43.198801),True
43464,6.015286,43.119006,2018,0.0,15.0,MEDITERRANEAN,France,7054.0,2361979,POINT (6.015286 43.119006),True
43481,5.673735,43.692474,2018,10.0,16.0,MEDITERRANEAN,France,9808.0,2362137,POINT (5.673735 43.692474),True
43488,2.93169,43.50281,2017,1.0,,MEDITERRANEAN,France,6235.0,2362216,POINT (2.93169 43.50281),True
43492,7.368792,43.924213,2021,6.0,-inf,MEDITERRANEAN,France,5542.0,2362297,POINT (7.368792 43.924213),True
43522,5.695083,43.420257,2017,0.0,200.0,MEDITERRANEAN,France,5618.0,2362443,POINT (5.695083 43.420257),True
43548,3.901713,44.125066,2019,10.0,12.0,MEDITERRANEAN,France,11078.0,2363103,POINT (3.901713 44.125066),True
43549,3.504083,43.322456,2017,0.0,40.0,MEDITERRANEAN,France,6491.0,2364400,POINT (3.504083 43.322456),True
43550,6.023885,43.079738,2019,0.0,-inf,MEDITERRANEAN,France,6039.0,2364491,POINT (6.023885 43.079738),True
43578,4.372441,44.2096,2018,0.0,30.0,MEDITERRANEAN,France,9243.0,2364720,POINT (4.372441 44.2096),True
43580,3.637157,43.620161,2018,0.0,15.0,MEDITERRANEAN,France,9243.0,2365404,POINT (3.637157 43.620161),True
43582,3.511269,43.324095,2017,10.0,-inf,MEDITERRANEAN,France,7955.0,2368159,POINT (3.511269 43.324095),True
43584,2.7228,43.574481,2021,5.0,250.0,CONTINENTAL,France,10047.0,2370079,POINT (2.7228 43.574481),True
43597,3.21065,43.194367,2020,10.0,50.0,MEDITERRANEAN,France,10347.0,2373045,POINT (3.21065 43.194367),True
43610,3.517429,43.324066,2017,10.0,-inf,MEDITERRANEAN,France,7955.0,2373864,POINT (3.517429 43.324066),True
43611,6.016615,43.117646,2018,0.0,15.0,MEDITERRANEAN,France,2608.0,2373987,POINT (6.016615 43.117646),True
43627,6.876461,43.449407,2019,10.0,100.0,MEDITERRANEAN,France,5766.0,2374079,POINT (6.876461 43.449407),True
43638,2.1175,43.32449,2019,1.0,,MEDITERRANEAN,France,7536.0,2374469,POINT (2.1175 43.32449),True
43659,2.137389,42.487472,2021,10.0,3.0,ALPINE,Spain,8428.0,2374724,POINT (2.137389 42.487472),True
43672,4.08308,43.575459,2020,3.0,16.0,MEDITERRANEAN,France,10514.0,2374762,POINT (4.08308 43.575459),True
43685,3.86001,44.05113,2017,1.0,,MEDITERRANEAN,France,3935.0,2374991,POINT (3.86001 44.05113),True
43698,7.436048,43.758847,2017,0.0,10.0,MEDITERRANEAN,Monaco,8711.0,2377277,POINT (7.436048 43.758847),True
43740,5.68389,43.5459,2021,10.0,100.0,MEDITERRANEAN,France,265.0,2377519,POINT (5.68389 43.5459),True
43753,2.142111,42.485944,2021,10.0,100.0,ALPINE,Spain,7706.0,2378060,POINT (2.142111 42.485944),True
43759,3.728955,44.093434,2017,0.0,-inf,MEDITERRANEAN,France,981.0,2378091,POINT (3.728955 44.093434),True
43769,6.911791,43.509193,2020,10.0,50.0,MEDITERRANEAN,France,4194.0,2378827,POINT (6.911791 43.509193),True
43787,5.2351,43.62743,2017,1.0,,MEDITERRANEAN,France,11045.0,2382077,POINT (5.2351 43.62743),True
43806,5.536941,43.530043,2017,0.0,4.0,MEDITERRANEAN,France,9053.0,2382608,POINT (5.536941 43.530043),True
43823,3.184621,43.192329,2021,5.0,100.0,MEDITERRANEAN,France,476.0,2383247,POINT (3.184621 43.192329),True
43841,3.49973,43.6206,2017,0.0,10.0,MEDITERRANEAN,France,8908.0,2384043,POINT (3.49973 43.6206),True
43843,5.578171,43.243,2017,0.0,30.0,MEDITERRANEAN,France,3125.0,2384436,POINT (5.578171 43.243),True
43872,3.035856,42.768682,2018,10.0,16.0,MEDITERRANEAN,France,1174.0,2389017,POINT (3.035856 42.768682),True
43890,7.148477,43.721919,2021,5.0,-inf,MEDITERRANEAN,France,4349.0,2390473,POINT (7.148477 43.721919),True
43904,3.82893,43.81778,2017,1.0,,MEDITERRANEAN,France,11157.0,2390486,POINT (3.82893 43.81778),True
43931,2.974024,43.051703,2021,5.0,16.0,MEDITERRANEAN,France,4653.0,2391681,POINT (2.974024 43.051703),True
43943,3.84608,43.483902,2020,3.0,25.0,MEDITERRANEAN,France,1381.0,2393378,POINT (3.84608 43.483902),True
43947,5.708936,43.317895,2021,5.0,15.0,MEDITERRANEAN,France,272.0,2393856,POINT (5.708936 43.317895),True
43957,3.871778,44.090942,2017,0.0,-inf,MEDITERRANEAN,France,4871.0,2394534,POINT (3.871778 44.090942),True
43971,3.522374,43.325842,2017,10.0,-inf,MEDITERRANEAN,France,6279.0,2395379,POINT (3.522374 43.325842),True
43973,1.949167,42.75075,2018,10.0,1.0,ALPINE,France,3471.0,2395966,POINT (1.949167 42.75075),True
43990,3.663028,44.160028,2017,0.0,-inf,MEDITERRANEAN,France,4498.0,2397328,POINT (3.663028 44.160028),True
44005,5.541817,43.52785,2017,0.0,50.0,MEDITERRANEAN,France,2120.0,2398286,POINT (5.541817 43.52785),True
44019,5.271429,44.174372,2021,5.0,25.0,MEDITERRANEAN,France,6192.0,2398513,POINT (5.271429 44.174372),True
44028,5.683826,43.697312,2018,0.0,20.0,MEDITERRANEAN,France,4013.0,2399474,POINT (5.683826 43.697312),True
44047,5.148,44.1709,2020,10.0,-inf,MEDITERRANEAN,France,11013.0,2400845,POINT (5.148 44.1709),True
44063,6.44479,43.57023,2018,1.0,,MEDITERRANEAN,France,9572.0,2403326,POINT (6.44479 43.57023),True
44081,3.4892,44.198421,2019,0.0,-inf,MEDITERRANEAN,France,7824.0,2403826,POINT (3.4892 44.198421),True
44082,3.144293,43.265889,2019,10.0,-inf,MEDITERRANEAN,France,1959.0,2405168,POINT (3.144293 43.265889),True
44089,7.01384,43.867468,2021,5.0,-inf,MEDITERRANEAN,France,9936.0,2406309,POINT (7.01384 43.867468),True
44118,3.349111,43.272925,2017,0.0,16.0,MEDITERRANEAN,France,9820.0,2407140,POINT (3.349111 43.272925),True
44133,4.019176,43.554359,2020,3.0,16.0,MEDITERRANEAN,France,9877.0,2407402,POINT (4.019176 43.554359),True
44137,2.80368,42.94636,2019,1.0,,MEDITERRANEAN,France,1254.0,2407523,POINT (2.80368 42.94636),True
44164,2.161917,43.183556,2019,10.0,10.0,MEDITERRANEAN,France,6684.0,2408167,POINT (2.161917 43.183556),True
44174,1.979111,42.831889,2017,10.0,50.0,MEDITERRANEAN,France,10286.0,2408500,POINT (1.979111 42.831889),True
44219,5.618723,43.407684,2018,0.0,5.0,MEDITERRANEAN,France,1431.0,2408965,POINT (5.618723 43.407684),True
44234,3.841105,44.093387,2017,0.0,-inf,MEDITERRANEAN,France,11157.0,2409688,POINT (3.841105 44.093387),True
44247,6.09334,43.0371,2021,10.0,40.0,MEDITERRANEAN,France,8785.0,2410443,POINT (6.09334 43.0371),True
44255,6.80242,44.3111,2019,10.0,-inf,ALPINE,France,5724.0,2412918,POINT (6.80242 44.3111),True
44264,3.035778,42.628667,2019,10.0,30.0,MEDITERRANEAN,France,3464.0,2413053,POINT (3.035778 42.628667),True
44272,6.899988,43.502812,2020,10.0,-inf,MEDITERRANEAN,France,5237.0,2415821,POINT (6.899988 43.502812),True
44287,2.953237,43.04438,2021,4.0,50.0,MEDITERRANEAN,France,2474.0,2416732,POINT (2.953237 43.04438),True
44316,4.05054,43.562374,2021,5.0,4.0,MEDITERRANEAN,France,9890.0,2417058,POINT (4.05054 43.562374),True
44318,2.789325,43.553649,2020,6.0,400.0,MEDITERRANEAN,France,2025.0,2418185,POINT (2.789325 43.553649),True
44325,2.643379,43.402135,2021,5.0,250.0,MEDITERRANEAN,France,3935.0,2418383,POINT (2.643379 43.402135),True
44348,3.295209,43.475547,2021,4.0,250.0,MEDITERRANEAN,France,8887.0,2418861,POINT (3.295209 43.475547),True
44371,7.058548,43.632234,2018,0.0,10.0,MEDITERRANEAN,France,8287.0,2419609,POINT (7.058548 43.632234),True
44386,6.456941,43.270724,2021,5.0,16.0,MEDITERRANEAN,France,11141.0,2420166,POINT (6.456941 43.270724),True
44439,5.022321,43.340453,2017,0.0,3.0,MEDITERRANEAN,France,949.0,2420622,POINT (5.022321 43.340453),True
44442,3.462035,43.747017,2021,5.0,250.0,MEDITERRANEAN,France,7862.0,2421171,POINT (3.462035 43.747017),True
44452,3.522168,43.318025,2017,10.0,-inf,MEDITERRANEAN,France,6279.0,2421287,POINT (3.522168 43.318025),True
44453,2.756465,43.5448,2021,5.0,250.0,CONTINENTAL,France,5542.0,2421720,POINT (2.756465 43.5448),True
44461,3.018387,42.831458,2018,10.0,10.0,MEDITERRANEAN,France,6279.0,2422389,POINT (3.018387 42.831458),True
44462,6.935922,43.52481,2020,6.0,400.0,MEDITERRANEAN,France,9458.0,2422509,POINT (6.935922 43.52481),True
44490,3.051878,42.889978,2018,10.0,16.0,MEDITERRANEAN,France,4773.0,2423163,POINT (3.051878 42.889978),True
44497,4.322893,43.457646,2017,0.0,-inf,MEDITERRANEAN,France,4229.0,2423655,POINT (4.322893 43.457646),True
44502,6.171441,43.033106,2017,0.0,-inf,MEDITERRANEAN,France,7854.0,2423731,POINT (6.171441 43.033106),True
44526,5.345459,43.222208,2018,10.0,50.0,MEDITERRANEAN,France,2576.0,2424201,POINT (5.345459 43.222208),True
44541,5.585376,43.169722,2017,0.0,100.0,MEDITERRANEAN,France,3125.0,2425842,POINT (5.585376 43.169722),True
44553,2.68259,43.14445,2017,1.0,,MEDITERRANEAN,France,9458.0,2426121,POINT (2.68259 43.14445),True
44574,3.018583,42.832672,2018,10.0,10.0,MEDITERRANEAN,France,6279.0,2426316,POINT (3.018583 42.832672),True
44575,3.31713,44.38109,2019,1.0,,CONTINENTAL,France,8208.0,2427435,POINT (3.31713 44.38109),True
44593,3.853354,44.073211,2017,10.0,-inf,MEDITERRANEAN,France,8512.0,2427468,POINT (3.853354 44.073211),True
44615,2.831888,43.011564,2021,5.0,50.0,MEDITERRANEAN,France,6491.0,2429193,POINT (2.831888 43.011564),True
44639,3.513717,43.322285,2017,10.0,-inf,MEDITERRANEAN,France,7955.0,2429869,POINT (3.513717 43.322285),True
44641,7.48334,44.10226,2019,1.0,,ALPINE,France,8949.0,2431014,POINT (7.48334 44.10226),True
44650,3.65433,44.199541,2017,0.0,-inf,MEDITERRANEAN,France,1085.0,2431594,POINT (3.65433 44.199541),True
44668,2.012647,42.618538,2017,0.0,9.0,ALPINE,France,4842.0,2432128,POINT (2.012647 42.618538),True
44669,5.62798,43.6669,2019,10.0,150.0,MEDITERRANEAN,France,3476.0,2432463,POINT (5.62798 43.6669),True
44684,3.77685,44.150189,2017,0.0,-inf,MEDITERRANEAN,France,11157.0,2432703,POINT (3.77685 44.150189),True
44696,3.59859,44.63005,2017,1.0,,CONTINENTAL,France,1539.0,2432708,POINT (3.59859 44.63005),True
44705,3.018084,42.798691,2018,10.0,16.0,MEDITERRANEAN,France,1894.0,2434239,POINT (3.018084 42.798691),True
44713,6.51032,43.1838,2020,10.0,20.0,MEDITERRANEAN,France,3669.0,2436351,POINT (6.51032 43.1838),True
44731,2.151847,42.442206,2018,0.0,25.0,ALPINE,Spain,7986.0,2436654,POINT (2.151847 42.442206),True
44746,6.766553,43.551805,2020,4.0,50.0,MEDITERRANEAN,France,1416.0,2437967,POINT (6.766553 43.551805),True
44766,5.673343,43.692852,2018,10.0,20.0,MEDITERRANEAN,France,7748.0,2438041,POINT (5.673343 43.692852),True
44776,7.129961,43.564932,2017,10.0,4.0,MEDITERRANEAN,France,4349.0,2438255,POINT (7.129961 43.564932),True
44785,6.608795,43.172058,2019,0.0,-inf,MEDITERRANEAN,France,9194.0,2438790,POINT (6.608795 43.172058),True
44802,6.33681,43.2114,2021,10.0,-inf,MEDITERRANEAN,France,6880.0,2440036,POINT (6.33681 43.2114),True
44820,3.850184,43.486385,2020,10.0,50.0,MEDITERRANEAN,France,3837.0,2440450,POINT (3.850184 43.486385),True
44834,3.828284,44.11524,2017,0.0,-inf,MEDITERRANEAN,France,7113.0,2440473,POINT (3.828284 44.11524),True
44848,6.48225,43.1675,2020,10.0,-inf,MEDITERRANEAN,France,10340.0,2441473,POINT (6.48225 43.1675),True
44864,3.734685,44.223867,2017,0.0,-inf,MEDITERRANEAN,France,981.0,2441796,POINT (3.734685 44.223867),True
44888,4.033694,43.811832,2021,5.0,100.0,MEDITERRANEAN,France,6874.0,2441909,POINT (4.033694 43.811832),True
44899,7.26222,43.86026,2019,1.0,,MEDITERRANEAN,France,476.0,2442286,POINT (7.26222 43.86026),True
44924,4.850659,43.367507,2017,0.0,100.0,MEDITERRANEAN,France,2075.0,2442478,POINT (4.850659 43.367507),True
44929,4.452475,43.460828,2018,0.0,-inf,MEDITERRANEAN,France,114.0,2442586,POINT (4.452475 43.460828),True
44949,3.516606,43.314678,2017,10.0,-inf,MEDITERRANEAN,France,7955.0,2442640,POINT (3.516606 43.314678),True
44950,3.190837,43.512285,2020,12.0,50.0,MEDITERRANEAN,France,6548.0,2442985,POINT (3.190837 43.512285),True
44972,5.16593,43.6847,2021,10.0,1.0,MEDITERRANEAN,France,2369.0,2443595,POINT (5.16593 43.6847),True
44989,6.5045,43.1836,2020,10.0,30.0,MEDITERRANEAN,France,10914.0,2444067,POINT (6.5045 43.1836),True
45009,6.618206,43.560332,2018,10.0,20.0,MEDITERRANEAN,France,6840.0,2447697,POINT (6.618206 43.560332),True
45041,3.044306,42.584111,2019,10.0,-inf,MEDITERRANEAN,France,11125.0,2449186,POINT (3.044306 42.584111),True
45071,3.048909,42.892714,2018,10.0,16.0,MEDITERRANEAN,France,2243.0,2449209,POINT (3.048909 42.892714),True
45082,5.021471,43.34153,2017,0.0,10.0,MEDITERRANEAN,France,7748.0,2450245,POINT (5.021471 43.34153),True
45095,6.096622,43.028301,2017,0.0,20.0,MEDITERRANEAN,France,5982.0,2452158,POINT (6.096622 43.028301),True
45101,1.959245,42.576008,2017,0.0,16.0,ALPINE,France,8353.0,2452205,POINT (1.959245 42.576008),True
45103,3.701213,44.184327,2017,0.0,-inf,MEDITERRANEAN,France,11157.0,2454487,POINT (3.701213 44.184327),True
45119,3.348399,43.275302,2017,0.0,16.0,MEDITERRANEAN,France,4892.0,2457290,POINT (3.348399 43.275302),True
45146,7.485921,43.82435,2020,17.0,-inf,MEDITERRANEAN,France,3878.0,2457556,POINT (7.485921 43.82435),True
45152,3.011491,42.804213,2018,10.0,16.0,MEDITERRANEAN,France,10239.0,2459112,POINT (3.011491 42.804213),True
45161,2.266222,43.187167,2021,10.0,25.0,MEDITERRANEAN,France,4404.0,2460549,POINT (2.266222 43.187167),True
45163,5.611001,43.236397,2017,0.0,20.0,MEDITERRANEAN,France,7515.0,2461416,POINT (5.611001 43.236397),True
45172,5.440818,43.237985,2017,0.0,100.0,MEDITERRANEAN,France,10364.0,2461434,POINT (5.440818 43.237985),True
45191,5.59533,43.659621,2018,0.0,100.0,MEDITERRANEAN,France,2539.0,2461874,POINT (5.59533 43.659621),True
45204,3.805526,43.460641,2021,5.0,25.0,MEDITERRANEAN,France,2075.0,2462065,POINT (3.805526 43.460641),True
45205,5.671035,43.319355,2017,10.0,250.0,MEDITERRANEAN,France,1539.0,2462209,POINT (5.671035 43.319355),True
45211,1.985056,42.854028,2017,10.0,25.0,MEDITERRANEAN,France,2806.0,2462220,POINT (1.985056 42.854028),True
45247,2.267167,42.872889,2021,10.0,80.0,MEDITERRANEAN,France,6788.0,2462239,POINT (2.267167 42.872889),True
45259,7.47682,44.03049,2017,1.0,,ALPINE,France,5071.0,2462706,POINT (7.47682 44.03049),True
45279,3.67485,44.176427,2017,0.0,-inf,MEDITERRANEAN,France,10268.0,2463195,POINT (3.67485 44.176427),True
45286,3.020227,42.851645,2018,10.0,16.0,MEDITERRANEAN,France,5203.0,2464385,POINT (3.020227 42.851645),True
45292,6.48212,43.1674,2020,10.0,1.0,MEDITERRANEAN,France,4719.0,2465122,POINT (6.48212 43.1674),True
45298,3.30723,43.80571,2018,1.0,,MEDITERRANEAN,France,3581.0,2467791,POINT (3.30723 43.80571),True
45306,2.31461,42.87551,2017,1.0,,MEDITERRANEAN,France,384.0,2468846,POINT (2.31461 42.87551),True
45348,2.50863,42.40841,2017,1.0,,MEDITERRANEAN,Spain,9647.0,2468882,POINT (2.50863 42.40841),True
45381,3.039794,42.815006,2020,10.0,50.0,MEDITERRANEAN,France,669.0,2468952,POINT (3.039794 42.815006),True
45392,5.00745,43.3757,2021,10.0,100.0,MEDITERRANEAN,France,1304.0,2469353,POINT (5.00745 43.3757),True
45410,2.09403,43.05489,2018,1.0,,MEDITERRANEAN,France,7536.0,2470019,POINT (2.09403 43.05489),True
45428,5.798412,43.741957,2017,10.0,100.0,MEDITERRANEAN,France,351.0,2470350,POINT (5.798412 43.741957),True
45481,2.091389,42.608306,2021,10.0,1.0,ALPINE,France,8307.0,2472496,POINT (2.091389 42.608306),True
45492,3.014419,42.791166,2018,10.0,16.0,MEDITERRANEAN,France,5829.0,2472957,POINT (3.014419 42.791166),True
45500,5.49418,43.38632,2019,1.0,,MEDITERRANEAN,France,5130.0,2476701,POINT (5.49418 43.38632),True
45515,2.12002,42.65974,2018,1.0,,ALPINE,France,5173.0,2476826,POINT (2.12002 42.65974),True
45531,6.73062,43.583201,2020,4.0,200.0,MEDITERRANEAN,France,9647.0,2477589,POINT (6.73062 43.583201),True
45577,5.77468,43.53966,2017,1.0,,MEDITERRANEAN,France,1736.0,2477766,POINT (5.77468 43.53966),True
45595,3.773976,44.10804,2017,0.0,-inf,MEDITERRANEAN,France,7113.0,2477882,POINT (3.773976 44.10804),True
45607,3.625543,43.862387,2020,4.0,400.0,MEDITERRANEAN,France,6384.0,2479514,POINT (3.625543 43.862387),True
45623,5.04411,43.4627,2021,10.0,100.0,MEDITERRANEAN,France,11157.0,2480683,POINT (5.04411 43.4627),True
45631,2.092083,42.609,2021,10.0,50.0,ALPINE,France,4946.0,2480757,POINT (2.092083 42.609),True
45658,4.77778,44.2111,2020,10.0,15.0,MEDITERRANEAN,France,1712.0,2482025,POINT (4.77778 44.2111),True
45667,7.05508,44.0775,2019,10.0,250.0,MEDITERRANEAN,France,53.0,2482160,POINT (7.05508 44.0775),True
45714,6.015518,43.113572,2018,0.0,100.0,MEDITERRANEAN,France,3747.0,2482732,POINT (6.015518 43.113572),True
45744,3.680085,44.105909,2017,0.0,-inf,MEDITERRANEAN,France,10600.0,2483358,POINT (3.680085 44.105909),True
45763,1.975028,42.864667,2018,10.0,10.0,ALPINE,France,6331.0,2483693,POINT (1.975028 42.864667),True
45768,6.548609,43.211828,2019,10.0,-inf,MEDITERRANEAN,France,3501.0,2484932,POINT (6.548609 43.211828),True
45782,3.180294,43.193421,2021,4.0,100.0,MEDITERRANEAN,France,10895.0,2485990,POINT (3.180294 43.193421),True
45801,7.123796,43.755986,2021,5.0,200.0,MEDITERRANEAN,France,2474.0,2486115,POINT (7.123796 43.755986),True
45839,3.54783,44.61263,2017,1.0,,CONTINENTAL,France,10145.0,2486226,POINT (3.54783 44.61263),True
45852,5.0872,44.17855,2020,10.0,4.0,MEDITERRANEAN,France,5116.0,2488056,POINT (5.0872 44.17855),True
45868,3.828002,44.103586,2017,0.0,-inf,MEDITERRANEAN,France,5412.0,2488206,POINT (3.828002 44.103586),True
45888,4.430292,44.159759,2021,4.0,250.0,MEDITERRANEAN,France,1276.0,2488713,POINT (4.430292 44.159759),True
45899,5.652678,43.63139,2017,0.0,200.0,MEDITERRANEAN,France,10684.0,2488791,POINT (5.652678 43.63139),True
45904,7.20473,44.06102,2019,1.0,,MEDITERRANEAN,France,8089.0,2492154,POINT (7.20473 44.06102),True
45942,5.431522,43.212204,2018,0.0,50.0,MEDITERRANEAN,France,9688.0,2492944,POINT (5.431522 43.212204),True
45955,3.528842,43.292458,2020,10.0,40.0,MEDITERRANEAN,France,1531.0,2493105,POINT (3.528842 43.292458),True
45959,3.037667,42.812222,2017,10.0,-inf,MEDITERRANEAN,France,2719.0,2494214,POINT (3.037667 42.812222),True
46013,3.372093,43.765238,2019,0.0,50.0,MEDITERRANEAN,France,3177.0,2495343,POINT (3.372093 43.765238),True
46031,6.75013,43.782426,2021,5.0,-inf,MEDITERRANEAN,France,8632.0,2496311,POINT (6.75013 43.782426),True
46065,6.689954,43.770709,2021,5.0,-inf,MEDITERRANEAN,France,8224.0,2496903,POINT (6.689954 43.770709),True
46083,4.676429,43.495949,2017,0.0,3.0,MEDITERRANEAN,France,1534.0,2496999,POINT (4.676429 43.495949),True
46097,4.442521,43.456012,2018,0.0,-inf,MEDITERRANEAN,France,405.0,2497317,POINT (4.442521 43.456012),True
46114,3.117857,43.265681,2019,10.0,-inf,MEDITERRANEAN,France,6915.0,2497780,POINT (3.117857 43.265681),True
46132,3.7223,44.53861,2017,1.0,,CONTINENTAL,France,1539.0,2498930,POINT (3.7223 44.53861),True
46137,5.123467,44.136758,2021,5.0,25.0,MEDITERRANEAN,France,876.0,2499911,POINT (5.123467 44.136758),True
46151,1.957972,42.743639,2017,10.0,2.0,ALPINE,France,9816.0,2500178,POINT (1.957972 42.743639),True
46158,3.216917,43.462713,2021,5.0,200.0,MEDITERRANEAN,France,2474.0,2500396,POINT (3.216917 43.462713),True
46186,5.502402,43.227764,2017,0.0,50.0,MEDITERRANEAN,France,10364.0,2500528,POINT (5.502402 43.227764),True
46201,4.94539,44.2464,2020,10.0,-inf,MEDITERRANEAN,France,10364.0,2500894,POINT (4.94539 44.2464),True
46221,7.194348,43.745814,2021,5.0,-inf,MEDITERRANEAN,France,3979.0,2501005,POINT (7.194348 43.745814),True
46240,7.463586,43.893372,2018,10.0,-inf,MEDITERRANEAN,France,9458.0,2501107,POINT (7.463586 43.893372),True
46277,7.098092,43.782157,2021,5.0,16.0,MEDITERRANEAN,France,7529.0,2501357,POINT (7.098092 43.782157),True
46298,5.706094,43.548804,2017,0.0,12.0,MEDITERRANEAN,France,8421.0,2501875,POINT (5.706094 43.548804),True
46322,2.58367,42.96505,2018,1.0,,MEDITERRANEAN,France,8508.0,2502037,POINT (2.58367 42.96505),True
46353,3.762781,43.879914,2021,5.0,250.0,MEDITERRANEAN,France,8770.0,2502511,POINT (3.762781 43.879914),True
46372,6.89444,43.93036,2017,1.0,,MEDITERRANEAN,France,2036.0,2504399,POINT (6.89444 43.93036),True
46389,5.159336,44.129858,2017,10.0,15.0,MEDITERRANEAN,France,9246.0,2504818,POINT (5.159336 44.129858),True
46397,3.73404,43.99887,2018,1.0,,MEDITERRANEAN,France,305.0,2504886,POINT (3.73404 43.99887),True
46422,6.9505,44.196061,2019,10.0,-inf,MEDITERRANEAN,France,5656.0,2505467,POINT (6.9505 44.196061),True
46462,3.040843,42.589662,2020,5.0,16.0,MEDITERRANEAN,France,10082.0,2505838,POINT (3.040843 42.589662),True
46483,6.744531,43.476162,2021,6.0,20.0,MEDITERRANEAN,France,1519.0,2506465,POINT (6.744531 43.476162),True
46500,5.568358,43.181306,2017,0.0,5.0,MEDITERRANEAN,France,9555.0,2508493,POINT (5.568358 43.181306),True
46523,3.756276,44.195537,2017,0.0,-inf,MEDITERRANEAN,France,5071.0,2509214,POINT (3.756276 44.195537),True
46540,4.548998,43.455145,2017,0.0,16.0,MEDITERRANEAN,France,4567.0,2509255,POINT (4.548998 43.455145),True
46554,3.661457,43.660556,2021,5.0,250.0,MEDITERRANEAN,France,146.0,2511074,POINT (3.661457 43.660556),True
46572,3.221321,43.201511,2020,10.0,-inf,MEDITERRANEAN,France,5980.0,2511284,POINT (3.221321 43.201511),True
46586,6.49422,43.1761,2020,10.0,-inf,MEDITERRANEAN,France,1160.0,2512928,POINT (6.49422 43.1761),True
46602,6.14868,43.0268,2021,10.0,20.0,MEDITERRANEAN,France,6152.0,2513160,POINT (6.14868 43.0268),True
46611,5.706104,43.551388,2017,0.0,16.0,MEDITERRANEAN,France,6141.0,2514321,POINT (5.706104 43.551388),True
46645,3.514981,43.325877,2017,10.0,-inf,MEDITERRANEAN,France,7955.0,2515530,POINT (3.514981 43.325877),True
46646,7.034166,43.667007,2021,5.0,-inf,MEDITERRANEAN,France,3251.0,2515671,POINT (7.034166 43.667007),True
46676,2.998771,43.605415,2020,4.0,400.0,MEDITERRANEAN,France,8208.0,2517603,POINT (2.998771 43.605415),True
46689,5.114173,44.133279,2021,5.0,10.0,MEDITERRANEAN,France,9376.0,2518485,POINT (5.114173 44.133279),True
46707,3.48862,44.18158,2018,1.0,,MEDITERRANEAN,France,5412.0,2519404,POINT (3.48862 44.18158),True
46736,3.643906,44.183958,2017,0.0,-inf,MEDITERRANEAN,France,10600.0,2519528,POINT (3.643906 44.183958),True
46749,4.75782,44.2061,2020,10.0,10.0,MEDITERRANEAN,France,6560.0,2520825,POINT (4.75782 44.2061),True
46772,6.49773,43.1584,2020,10.0,50.0,MEDITERRANEAN,France,2932.0,2522935,POINT (6.49773 43.1584),True
46786,3.32986,43.67965,2018,1.0,,MEDITERRANEAN,France,2783.0,2523410,POINT (3.32986 43.67965),True
46804,3.519749,43.317524,2017,10.0,-inf,MEDITERRANEAN,France,6279.0,2526322,POINT (3.519749 43.317524),True
46805,7.136272,43.733972,2021,4.0,50.0,MEDITERRANEAN,France,3935.0,2527915,POINT (7.136272 43.733972),True
46833,3.905989,43.985476,2021,5.0,250.0,MEDITERRANEAN,France,4003.0,2529284,POINT (3.905989 43.985476),True
46850,5.485559,43.280208,2018,0.0,100.0,MEDITERRANEAN,France,4431.0,2531038,POINT (5.485559 43.280208),True
46863,7.009803,43.702981,2021,6.0,20.0,MEDITERRANEAN,France,3330.0,2534594,POINT (7.009803 43.702981),True
46880,4.7457,43.76533,2018,1.0,,MEDITERRANEAN,France,2421.0,2534878,POINT (4.7457 43.76533),True
46893,3.347383,43.272166,2017,10.0,16.0,MEDITERRANEAN,France,3837.0,2534926,POINT (3.347383 43.272166),True
46914,5.541421,43.529236,2017,0.0,25.0,MEDITERRANEAN,France,3089.0,2535153,POINT (5.541421 43.529236),True
46922,3.8983,44.53625,2019,1.0,,CONTINENTAL,France,7942.0,2536711,POINT (3.8983 44.53625),True
46950,3.770817,43.458229,2020,3.0,25.0,MEDITERRANEAN,France,2075.0,2537925,POINT (3.770817 43.458229),True
46951,6.750954,43.58022,2020,4.0,-inf,MEDITERRANEAN,France,1103.0,2538694,POINT (6.750954 43.58022),True
46994,5.60368,43.1633,2021,10.0,200.0,MEDITERRANEAN,France,3669.0,2538828,POINT (5.60368 43.1633),True
47023,4.022172,43.555138,2021,5.0,16.0,MEDITERRANEAN,France,6410.0,2539711,POINT (4.022172 43.555138),True
47032,2.8581,43.55711,2018,1.0,,MEDITERRANEAN,France,661.0,2540179,POINT (2.8581 43.55711),True
47047,6.47854,43.35296,2019,1.0,,MEDITERRANEAN,France,6039.0,2540207,POINT (6.47854 43.35296),True
47058,4.85323,43.368066,2017,0.0,16.0,MEDITERRANEAN,France,8924.0,2541256,POINT (4.85323 43.368066),True
47064,3.96269,43.982098,2021,5.0,250.0,MEDITERRANEAN,France,1254.0,2542307,POINT (3.96269 43.982098),True
47081,6.49143,43.1905,2018,1.0,,MEDITERRANEAN,France,5474.0,2543390,POINT (6.49143 43.1905),True
47100,3.215987,43.197665,2020,10.0,50.0,MEDITERRANEAN,France,3837.0,2543620,POINT (3.215987 43.197665),True
47110,3.103185,43.182758,2021,5.0,100.0,MEDITERRANEAN,France,6874.0,2543951,POINT (3.103185 43.182758),True
47128,7.33308,43.721,2019,10.0,10.0,MEDITERRANEAN,France,876.0,2544555,POINT (7.33308 43.721),True
47144,6.48433,43.1559,2020,10.0,-inf,MEDITERRANEAN,France,8921.0,2544717,POINT (6.48433 43.1559),True
47162,3.512525,43.326788,2017,10.0,-inf,MEDITERRANEAN,France,7955.0,2545390,POINT (3.512525 43.326788),True
47163,5.995483,43.249841,2020,4.0,50.0,MEDITERRANEAN,France,2386.0,2547099,POINT (5.995483 43.249841),True
47190,2.68152,42.96478,2017,1.0,,MEDITERRANEAN,France,2386.0,2547354,POINT (2.68152 42.96478),True
47217,3.513701,43.320485,2017,10.0,-inf,MEDITERRANEAN,France,7955.0,2548356,POINT (3.513701 43.320485),True
47219,4.456485,43.586981,2017,0.0,-inf,MEDITERRANEAN,France,1611.0,2548777,POINT (4.456485 43.586981),True
47223,2.957941,43.053014,2020,4.0,50.0,MEDITERRANEAN,France,1195.0,2549462,POINT (2.957941 43.053014),True
47239,6.364951,43.10352,2018,10.0,-inf,MEDITERRANEAN,France,2031.0,2549548,POINT (6.364951 43.10352),True
47249,3.280833,43.567579,2021,5.0,250.0,MEDITERRANEAN,France,10728.0,2551738,POINT (3.280833 43.567579),True
47257,5.597303,43.235909,2017,0.0,100.0,MEDITERRANEAN,France,4653.0,2552036,POINT (5.597303 43.235909),True
47281,5.9865,43.37077,2018,1.0,,MEDITERRANEAN,France,10909.0,2554634,POINT (5.9865 43.37077),True
47299,5.24414,44.17263,2020,10.0,50.0,MEDITERRANEAN,France,3998.0,2554915,POINT (5.24414 44.17263),True
47308,5.602846,43.239276,2017,0.0,30.0,MEDITERRANEAN,France,3358.0,2555481,POINT (5.602846 43.239276),True
47329,6.866937,43.451549,2017,10.0,300.0,MEDITERRANEAN,France,340.0,2556225,POINT (6.866937 43.451549),True
47336,6.48402,43.1646,2020,10.0,30.0,MEDITERRANEAN,France,9600.0,2558610,POINT (6.48402 43.1646),True
47352,3.81913,43.611201,2021,5.0,16.0,MEDITERRANEAN,France,3109.0,2559541,POINT (3.81913 43.611201),True
47367,7.118395,43.817844,2020,10.0,-inf,MEDITERRANEAN,France,5249.0,2559594,POINT (7.118395 43.817844),True
47383,6.13177,43.32976,2019,1.0,,MEDITERRANEAN,France,6226.0,2560991,POINT (6.13177 43.32976),True
47400,4.811653,43.3756,2017,0.0,50.0,MEDITERRANEAN,France,2683.0,2561430,POINT (4.811653 43.3756),True
47401,5.930238,43.27502,2020,6.0,16.0,MEDITERRANEAN,France,4755.0,2564322,POINT (5.930238 43.27502),True
47425,5.72142,43.54823,2021,10.0,200.0,MEDITERRANEAN,France,3251.0,2564401,POINT (5.72142 43.54823),True
47449,3.837784,43.478,2020,3.0,16.0,MEDITERRANEAN,France,9820.0,2565546,POINT (3.837784 43.478),True
47462,7.18629,43.84567,2018,1.0,,MEDITERRANEAN,France,11193.0,2566537,POINT (7.18629 43.84567),True
47479,6.908569,43.667739,2021,5.0,-inf,MEDITERRANEAN,France,4622.0,2570680,POINT (6.908569 43.667739),True
47514,3.854573,43.767369,2021,5.0,250.0,MEDITERRANEAN,France,2643.0,2570881,POINT (3.854573 43.767369),True
47532,3.679092,44.167121,2017,0.0,-inf,MEDITERRANEAN,France,2764.0,2571011,POINT (3.679092 44.167121),True
47554,5.690176,43.694328,2018,10.0,16.0,MEDITERRANEAN,France,1794.0,2571283,POINT (5.690176 43.694328),True
47561,5.362059,43.208662,2019,10.0,100.0,MEDITERRANEAN,France,6339.0,2572066,POINT (5.362059 43.208662),True
47577,7.075637,43.779203,2020,4.0,200.0,MEDITERRANEAN,France,2474.0,2572249,POINT (7.075637 43.779203),True
47618,6.48464,43.1686,2020,10.0,2.0,MEDITERRANEAN,France,216.0,2572669,POINT (6.48464 43.1686),True
47625,1.973333,42.751806,2018,10.0,3.0,ALPINE,France,7999.0,2573714,POINT (1.973333 42.751806),True
47654,2.890927,43.602145,2020,6.0,400.0,CONTINENTAL,France,5398.0,2577574,POINT (2.890927 43.602145),True
47674,4.454204,43.494036,2018,0.0,-inf,MEDITERRANEAN,France,8027.0,2577893,POINT (4.454204 43.494036),True
47675,3.117284,43.104308,2020,10.0,30.0,MEDITERRANEAN,France,10347.0,2580014,POINT (3.117284 43.104308),True
47684,6.89477,43.6242,2018,1.0,,MEDITERRANEAN,France,476.0,2581761,POINT (6.89477 43.6242),True
47703,4.72183,43.53094,2019,10.0,100.0,MEDITERRANEAN,France,2847.0,2585183,POINT (4.72183 43.53094),True
47713,5.588465,43.170593,2018,10.0,50.0,MEDITERRANEAN,France,9458.0,2586376,POINT (5.588465 43.170593),True
47738,6.019252,43.115907,2018,0.0,20.0,MEDITERRANEAN,France,10051.0,2587004,POINT (6.019252 43.115907),True
47761,3.483115,44.102151,2021,5.0,250.0,MEDITERRANEAN,France,963.0,2587515,POINT (3.483115 44.102151),True
47770,3.64432,43.574184,2018,0.0,25.0,MEDITERRANEAN,France,3729.0,2587698,POINT (3.64432 43.574184),True
47775,7.07664,43.7647,2019,10.0,20.0,MEDITERRANEAN,France,2370.0,2587945,POINT (7.07664 43.7647),True
47808,3.779971,43.462512,2021,5.0,25.0,MEDITERRANEAN,France,857.0,2588149,POINT (3.779971 43.462512),True
47810,4.846573,43.380112,2017,0.0,100.0,MEDITERRANEAN,France,1187.0,2588594,POINT (4.846573 43.380112),True
47814,3.430699,43.863335,2021,4.0,250.0,MEDITERRANEAN,France,1986.0,2589168,POINT (3.430699 43.863335),True
47827,3.697739,43.772098,2018,0.0,25.0,MEDITERRANEAN,France,3327.0,2589461,POINT (3.697739 43.772098),True
47830,1.952279,42.529683,2018,10.0,12.0,ALPINE,France,167.0,2592289,POINT (1.952279 42.529683),True
47855,6.02196,43.121,2020,10.0,200.0,MEDITERRANEAN,France,11140.0,2593227,POINT (6.02196 43.121),True
47871,3.516495,43.318817,2017,10.0,-inf,MEDITERRANEAN,France,7955.0,2593302,POINT (3.516495 43.318817),True
47872,2.116619,42.439466,2019,10.0,250.0,ALPINE,Spain,1292.0,2594260,POINT (2.116619 42.439466),True
47904,6.097635,43.031863,2017,0.0,100.0,MEDITERRANEAN,France,9572.0,2594712,POINT (6.097635 43.031863),True
47916,3.0431,42.583561,2020,4.0,400.0,MEDITERRANEAN,France,8926.0,2597120,POINT (3.0431 42.583561),True
47933,6.738438,43.818516,2021,5.0,100.0,MEDITERRANEAN,France,3610.0,2597793,POINT (6.738438 43.818516),True
47961,3.09653,44.76058,2018,1.0,,CONTINENTAL,France,8428.0,2598018,POINT (3.09653 44.76058),True
47986,2.276694,43.176917,2021,10.0,25.0,MEDITERRANEAN,France,3958.0,2600456,POINT (2.276694 43.176917),True
47991,3.645837,43.619947,2018,0.0,15.0,MEDITERRANEAN,France,3327.0,2603327,POINT (3.645837 43.619947),True
47995,6.590215,43.493227,2017,10.0,30.0,MEDITERRANEAN,France,4190.0,2603586,POINT (6.590215 43.493227),True
48009,3.77046,44.210002,2017,0.0,-inf,MEDITERRANEAN,France,981.0,2604731,POINT (3.77046 44.210002),True
48025,5.77801,43.71678,2021,10.0,200.0,MEDITERRANEAN,France,11157.0,2605895,POINT (5.77801 43.71678),True
48046,5.6833,43.66847,2019,1.0,,MEDITERRANEAN,France,9513.0,2606522,POINT (5.6833 43.66847),True
48072,3.176294,44.40021,2021,7.0,-inf,CONTINENTAL,France,8782.0,2607084,POINT (3.176294 44.40021),True
48090,6.303916,43.146109,2018,10.0,60.0,MEDITERRANEAN,France,9458.0,2608049,POINT (6.303916 43.146109),True
48105,3.521066,43.316069,2017,10.0,-inf,MEDITERRANEAN,France,6279.0,2608248,POINT (3.521066 43.316069),True
48106,5.65783,43.6868,2020,10.0,25.0,MEDITERRANEAN,France,8737.0,2609303,POINT (5.65783 43.6868),True
48113,6.034394,43.082764,2019,10.0,200.0,MEDITERRANEAN,France,7868.0,2610125,POINT (6.034394 43.082764),True
48131,2.97665,43.10717,2018,1.0,,MEDITERRANEAN,France,11193.0,2613053,POINT (2.97665 43.10717),True
48151,5.801665,43.743206,2017,10.0,100.0,MEDITERRANEAN,France,6264.0,2613432,POINT (5.801665 43.743206),True
48217,6.476431,43.270687,2020,4.0,16.0,MEDITERRANEAN,France,10281.0,2613573,POINT (6.476431 43.270687),True
48233,3.845225,44.148829,2017,0.0,-inf,MEDITERRANEAN,France,11157.0,2616671,POINT (3.845225 44.148829),True
48245,6.603182,43.178918,2019,0.0,100.0,MEDITERRANEAN,France,3642.0,2619482,POINT (6.603182 43.178918),True
48265,3.943098,44.359336,2021,5.0,25.0,MEDITERRANEAN,France,2676.0,2620506,POINT (3.943098 44.359336),True
48291,2.01498,42.5696,2021,10.0,25.0,ALPINE,France,4492.0,2620670,POINT (2.01498 42.5696),True
48292,5.353119,43.210577,2017,0.0,100.0,MEDITERRANEAN,France,2949.0,2621339,POINT (5.353119 43.210577),True
48301,6.50444,43.18303,2020,10.0,100.0,MEDITERRANEAN,France,2255.0,2621987,POINT (6.50444 43.18303),True
48323,3.481086,43.931838,2019,0.0,50.0,MEDITERRANEAN,France,1716.0,2622456,POINT (3.481086 43.931838),True
48340,5.533934,43.380574,2018,0.0,5.0,MEDITERRANEAN,France,4892.0,2622563,POINT (5.533934 43.380574),True
48349,4.552351,43.453532,2017,0.0,100.0,MEDITERRANEAN,France,3837.0,2623060,POINT (4.552351 43.453532),True
48350,5.22058,43.329193,2017,0.0,40.0,MEDITERRANEAN,France,1160.0,2624201,POINT (5.22058 43.329193),True
48362,3.782887,43.462295,2020,3.0,25.0,MEDITERRANEAN,France,1069.0,2624670,POINT (3.782887 43.462295),True
48363,7.473997,44.082511,2021,0.0,8.0,ALPINE,France,462.0,2624856,POINT (7.473997 44.082511),True
48375,3.036116,42.755077,2018,10.0,16.0,MEDITERRANEAN,France,10289.0,2625416,POINT (3.036116 42.755077),True
48385,6.16956,43.52636,2018,1.0,,MEDITERRANEAN,France,1473.0,2627849,POINT (6.16956 43.52636),True
48395,5.946428,43.266216,2020,4.0,200.0,MEDITERRANEAN,France,2747.0,2629928,POINT (5.946428 43.266216),True
48436,5.271161,44.174379,2021,5.0,25.0,MEDITERRANEAN,France,7330.0,2630456,POINT (5.271161 44.174379),True
48453,3.82573,44.6452,2019,1.0,,CONTINENTAL,France,8180.0,2630813,POINT (3.82573 44.6452),True
48465,3.673544,44.121034,2017,0.0,-inf,MEDITERRANEAN,France,2488.0,2631615,POINT (3.673544 44.121034),True
48479,7.06678,43.90498,2017,1.0,,MEDITERRANEAN,France,1539.0,2634881,POINT (7.06678 43.90498),True
48498,3.5726,43.33225,2020,10.0,50.0,MEDITERRANEAN,France,2926.0,2636365,POINT (3.5726 43.33225),True
48503,6.859386,43.585567,2021,6.0,-inf,MEDITERRANEAN,France,4617.0,2637904,POINT (6.859386 43.585567),True
48512,5.382178,43.209966,2018,0.0,100.0,MEDITERRANEAN,France,10073.0,2638111,POINT (5.382178 43.209966),True
48521,3.518613,43.318663,2017,10.0,-inf,MEDITERRANEAN,France,7955.0,2639085,POINT (3.518613 43.318663),True
48523,5.62198,43.6655,2019,10.0,120.0,MEDITERRANEAN,France,5483.0,2640502,POINT (5.62198 43.6655),True
48546,7.10069,43.639178,2020,3.0,-inf,MEDITERRANEAN,France,5076.0,2642381,POINT (7.10069 43.639178),True
48580,3.524822,43.32403,2017,10.0,-inf,MEDITERRANEAN,France,7955.0,2643932,POINT (3.524822 43.32403),True
48581,3.50083,44.77504,2017,1.0,,CONTINENTAL,France,53.0,2644159,POINT (3.50083 44.77504),True
48591,3.764834,44.105467,2017,0.0,-inf,MEDITERRANEAN,France,661.0,2644617,POINT (3.764834 44.105467),True
48614,3.730776,44.168193,2017,0.0,-inf,MEDITERRANEAN,France,10255.0,2646682,POINT (3.730776 44.168193),True
48624,7.101885,43.670603,2021,5.0,-inf,MEDITERRANEAN,France,8208.0,2646773,POINT (7.101885 43.670603),True
48669,3.393846,43.855287,2019,0.0,50.0,MEDITERRANEAN,France,3177.0,2648773,POINT (3.393846 43.855287),True
48687,1.978083,42.865222,2018,10.0,30.0,ALPINE,France,3161.0,2649316,POINT (1.978083 42.865222),True
48727,3.031266,42.744811,2018,10.0,16.0,MEDITERRANEAN,France,1587.0,2649855,POINT (3.031266 42.744811),True
48734,3.592103,43.936958,2021,5.0,250.0,MEDITERRANEAN,France,10073.0,2652463,POINT (3.592103 43.936958),True
48760,4.016484,43.82389,2021,4.0,250.0,MEDITERRANEAN,France,11193.0,2652722,POINT (4.016484 43.82389),True
48778,3.348509,43.275284,2017,10.0,16.0,MEDITERRANEAN,France,7748.0,2652832,POINT (3.348509 43.275284),True
48802,6.129104,43.149643,2021,5.0,50.0,MEDITERRANEAN,France,10684.0,2652994,POINT (6.129104 43.149643),True
48806,2.83304,43.033887,2021,5.0,50.0,MEDITERRANEAN,France,10684.0,2654225,POINT (2.83304 43.033887),True
48825,4.546927,43.455283,2017,0.0,4.0,MEDITERRANEAN,France,5016.0,2654446,POINT (4.546927 43.455283),True
48832,3.809354,44.078244,2017,0.0,-inf,MEDITERRANEAN,France,7113.0,2655986,POINT (3.809354 44.078244),True
48862,5.03947,43.4617,2021,10.0,200.0,MEDITERRANEAN,France,476.0,2656412,POINT (5.03947 43.4617),True
48874,1.976583,42.811417,2017,10.0,30.0,ALPINE,France,5749.0,2656430,POINT (1.976583 42.811417),True
48898,6.31928,43.3419,2020,10.0,50.0,MEDITERRANEAN,France,4349.0,2656547,POINT (6.31928 43.3419),True
48914,4.404446,43.536184,2018,0.0,-inf,MEDITERRANEAN,France,1069.0,2656665,POINT (4.404446 43.536184),True
48920,6.01711,43.1146,2020,10.0,300.0,MEDITERRANEAN,France,8482.0,2657489,POINT (6.01711 43.1146),True
48957,3.816161,43.719621,2019,0.0,50.0,MEDITERRANEAN,France,146.0,2658021,POINT (3.816161 43.719621),True
48969,3.98384,43.970778,2021,4.0,250.0,MEDITERRANEAN,France,1276.0,2659440,POINT (3.98384 43.970778),True
48984,2.433333,43.416667,2017,10.0,-inf,CONTINENTAL,France,9647.0,2660404,POINT (2.433333 43.416667),True
48990,4.536541,43.938664,2021,4.0,250.0,MEDITERRANEAN,France,3251.0,2661529,POINT (4.536541 43.938664),True
49009,7.09028,43.8582,2019,10.0,250.0,MEDITERRANEAN,France,1497.0,2662562,POINT (7.09028 43.8582),True
49069,3.467216,43.763315,2019,0.0,50.0,MEDITERRANEAN,France,3309.0,2664311,POINT (3.467216 43.763315),True
49092,3.684086,44.117657,2017,0.0,-inf,MEDITERRANEAN,France,5071.0,2666640,POINT (3.684086 44.117657),True
49105,7.084395,43.609551,2018,0.0,-inf,MEDITERRANEAN,France,249.0,2666798,POINT (7.084395 43.609551),True
49149,1.979772,42.78731,2017,0.0,100.0,ALPINE,France,7619.0,2668281,POINT (1.979772 42.78731),True
49232,5.13243,43.397617,2017,10.0,20.0,MEDITERRANEAN,France,6141.0,2669241,POINT (5.13243 43.397617),True
49251,4.787304,43.397511,2017,0.0,-inf,MEDITERRANEAN,France,8154.0,2669245,POINT (4.787304 43.397511),True
49263,3.5202,43.317009,2017,10.0,-inf,MEDITERRANEAN,France,7955.0,2672710,POINT (3.5202 43.317009),True
49265,3.80457,43.83609,2019,1.0,,MEDITERRANEAN,France,10073.0,2672913,POINT (3.80457 43.83609),True
49284,3.785466,44.199221,2017,0.0,-inf,MEDITERRANEAN,France,6205.0,2673466,POINT (3.785466 44.199221),True
49314,3.099567,43.134411,2021,5.0,100.0,MEDITERRANEAN,France,9458.0,2674946,POINT (3.099567 43.134411),True
49334,3.512533,43.327688,2017,10.0,-inf,MEDITERRANEAN,France,7955.0,2676010,POINT (3.512533 43.327688),True
49336,6.49979,43.1558,2020,10.0,400.0,MEDITERRANEAN,France,3019.0,2676245,POINT (6.49979 43.1558),True
49375,3.522391,43.327641,2017,10.0,-inf,MEDITERRANEAN,France,7955.0,2676247,POINT (3.522391 43.327641),True
49377,6.900338,43.512497,2018,10.0,-inf,MEDITERRANEAN,France,5130.0,2676681,POINT (6.900338 43.512497),True
49403,4.030691,43.557111,2020,5.0,250.0,MEDITERRANEAN,France,4814.0,2676793,POINT (4.030691 43.557111),True
49410,2.760246,42.985145,2021,5.0,4.0,MEDITERRANEAN,France,6267.0,2678321,POINT (2.760246 42.985145),True
49413,2.288444,43.154,2020,10.0,5.0,MEDITERRANEAN,France,305.0,2678435,POINT (2.288444 43.154),True
49419,3.727145,44.19126,2017,0.0,-inf,MEDITERRANEAN,France,4498.0,2678686,POINT (3.727145 44.19126),True
49435,4.676929,43.49532,2017,10.0,10.0,MEDITERRANEAN,France,10788.0,2679248,POINT (4.676929 43.49532),True
49440,4.23328,44.02729,2019,1.0,,MEDITERRANEAN,France,2474.0,2679631,POINT (4.23328 44.02729),True
49453,5.38819,43.277977,2017,0.0,6.0,MEDITERRANEAN,France,4349.0,2679981,POINT (5.38819 43.277977),True
49459,5.670955,43.266036,2018,10.0,-inf,MEDITERRANEAN,France,305.0,2682061,POINT (5.670955 43.266036),True
49469,3.353151,43.58415,2021,4.0,250.0,MEDITERRANEAN,France,4326.0,2682246,POINT (3.353151 43.58415),True
49485,4.461709,43.522802,2018,0.0,-inf,MEDITERRANEAN,France,1051.0,2682519,POINT (4.461709 43.522802),True
49527,1.983333,42.75,2018,10.0,100.0,ALPINE,France,3958.0,2683045,POINT (1.983333 42.75),True
49556,5.68858,43.75828,2019,1.0,,MEDITERRANEAN,France,7706.0,2683072,POINT (5.68858 43.75828),True
49576,3.726205,43.666936,2021,4.0,200.0,MEDITERRANEAN,France,3020.0,2683202,POINT (3.726205 43.666936),True
49618,6.15087,43.617,2017,1.0,,MEDITERRANEAN,France,6039.0,2683872,POINT (6.15087 43.617),True
49629,6.7373,43.4107,2021,10.0,1.0,MEDITERRANEAN,France,5800.0,2684329,POINT (6.7373 43.4107),True
49635,3.350565,43.273154,2017,10.0,16.0,MEDITERRANEAN,France,11222.0,2684599,POINT (3.350565 43.273154),True
49642,6.48418,43.1649,2020,10.0,30.0,MEDITERRANEAN,France,10409.0,2685471,POINT (6.48418 43.1649),True
49648,6.097439,43.031653,2017,0.0,20.0,MEDITERRANEAN,France,6152.0,2686676,POINT (6.097439 43.031653),True
49656,2.266556,43.181833,2021,10.0,15.0,MEDITERRANEAN,France,3958.0,2686679,POINT (2.266556 43.181833),True
49660,2.788471,42.993443,2020,4.0,16.0,MEDITERRANEAN,France,6759.0,2687069,POINT (2.788471 42.993443),True
49688,6.50791,43.1594,2020,10.0,-inf,MEDITERRANEAN,France,11193.0,2687195,POINT (6.50791 43.1594),True
49698,5.67117,43.319351,2017,10.0,100.0,MEDITERRANEAN,France,4326.0,2687467,POINT (5.67117 43.319351),True
49706,6.613605,43.168124,2019,0.0,100.0,MEDITERRANEAN,France,11157.0,2689479,POINT (6.613605 43.168124),True
49720,3.51849,44.41508,2018,1.0,,CONTINENTAL,France,2025.0,2689556,POINT (3.51849 44.41508),True
49748,2.21661,43.01917,2017,1.0,,MEDITERRANEAN,France,9190.0,2690231,POINT (2.21661 43.01917),True
49789,6.89764,43.6601,2019,1.0,,MEDITERRANEAN,France,3935.0,2692516,POINT (6.89764 43.6601),True
49807,3.201603,43.622912,2021,5.0,250.0,MEDITERRANEAN,France,7565.0,2692718,POINT (3.201603 43.622912),True
49827,3.522325,43.320444,2017,10.0,-inf,MEDITERRANEAN,France,7955.0,2692813,POINT (3.522325 43.320444),True
49829,3.348665,43.272522,2017,0.0,16.0,MEDITERRANEAN,France,1734.0,2693307,POINT (3.348665 43.272522),True
49840,6.238627,43.345679,2021,5.0,30.0,MEDITERRANEAN,France,8076.0,2693346,POINT (6.238627 43.345679),True
49858,3.724669,44.152149,2017,0.0,-inf,MEDITERRANEAN,France,8792.0,2694623,POINT (3.724669 44.152149),True
49873,4.322098,43.45905,2017,0.0,-inf,MEDITERRANEAN,France,7968.0,2695390,POINT (4.322098 43.45905),True
49886,6.1098,43.1017,2020,10.0,300.0,MEDITERRANEAN,France,476.0,2695630,POINT (6.1098 43.1017),True
49930,6.117825,43.082126,2018,0.0,20.0,MEDITERRANEAN,France,10950.0,2699486,POINT (6.117825 43.082126),True
49956,5.56703,43.36618,2019,1.0,,MEDITERRANEAN,France,10909.0,2700224,POINT (5.56703 43.36618),True
49977,5.06127,43.7834,2019,10.0,10.0,MEDITERRANEAN,France,5455.0,2702421,POINT (5.06127 43.7834),True
49993,6.4859,43.1659,2020,10.0,30.0,MEDITERRANEAN,France,2932.0,2702883,POINT (6.4859 43.1659),True
49995,6.62975,43.4652,2020,10.0,200.0,MEDITERRANEAN,France,3438.0,2707124,POINT (6.62975 43.4652),True
50028,7.110672,43.774227,2020,6.0,200.0,MEDITERRANEAN,France,9261.0,2707615,POINT (7.110672 43.774227),True
50064,6.007623,43.236145,2020,4.0,50.0,MEDITERRANEAN,France,10305.0,2708425,POINT (6.007623 43.236145),True
50088,3.410722,43.778993,2019,0.0,50.0,MEDITERRANEAN,France,9261.0,2709197,POINT (3.410722 43.778993),True
50108,3.639006,43.577086,2018,10.0,16.0,MEDITERRANEAN,France,7526.0,2709439,POINT (3.639006 43.577086),True
50113,5.24526,44.1727,2020,10.0,4.0,MEDITERRANEAN,France,10400.0,2709763,POINT (5.24526 44.1727),True
50119,6.019183,43.115531,2018,0.0,100.0,MEDITERRANEAN,France,4087.0,2710064,POINT (6.019183 43.115531),True
50137,3.645504,44.175992,2017,0.0,-inf,MEDITERRANEAN,France,540.0,2710356,POINT (3.645504 44.175992),True
50159,6.025268,43.078952,2019,0.0,-inf,MEDITERRANEAN,France,8785.0,2712669,POINT (6.025268 43.078952),True
50164,3.42346,43.39113,2019,1.0,,MEDITERRANEAN,France,10364.0,2713692,POINT (3.42346 43.39113),True
50175,3.731632,43.749001,2018,10.0,50.0,MEDITERRANEAN,France,3327.0,2714250,POINT (3.731632 43.749001),True
50178,7.091538,43.793416,2020,3.0,3.0,MEDITERRANEAN,France,7805.0,2714614,POINT (7.091538 43.793416),True
50203,3.074615,43.131819,2021,5.0,100.0,MEDITERRANEAN,France,5249.0,2715967,POINT (3.074615 43.131819),True
50219,5.475856,43.9384,2021,6.0,-inf,MEDITERRANEAN,France,2940.0,2716039,POINT (5.475856 43.9384),True
50227,3.522018,43.31781,2017,10.0,-inf,MEDITERRANEAN,France,6279.0,2716555,POINT (3.522018 43.31781),True
50228,6.54401,43.1897,2020,10.0,-inf,MEDITERRANEAN,France,6669.0,2716800,POINT (6.54401 43.1897),True
50238,2.2705,43.163,2021,10.0,15.0,MEDITERRANEAN,France,2722.0,2716864,POINT (2.2705 43.163),True
50245,5.352146,43.231692,2017,0.0,-inf,MEDITERRANEAN,France,2120.0,2717247,POINT (5.352146 43.231692),True
50264,5.611572,43.241945,2017,0.0,100.0,MEDITERRANEAN,France,3696.0,2718400,POINT (5.611572 43.241945),True
50284,3.030833,42.861861,2017,10.0,-inf,MEDITERRANEAN,France,3322.0,2720529,POINT (3.030833 42.861861),True
50308,6.757895,43.821914,2021,5.0,100.0,MEDITERRANEAN,France,8229.0,2721036,POINT (6.757895 43.821914),True
50337,6.48385,43.1654,2020,10.0,10.0,MEDITERRANEAN,France,1871.0,2721865,POINT (6.48385 43.1654),True
50359,5.475415,43.67015,2018,0.0,-inf,MEDITERRANEAN,France,4325.0,2723022,POINT (5.475415 43.67015),True
50366,3.052603,42.893737,2018,10.0,16.0,MEDITERRANEAN,France,1300.0,2724209,POINT (3.052603 42.893737),True
50375,6.95099,44.196449,2019,0.0,-inf,MEDITERRANEAN,France,101.0,2726294,POINT (6.95099 44.196449),True
50423,6.478517,43.723313,2020,10.0,2.0,MEDITERRANEAN,France,7192.0,2726604,POINT (6.478517 43.723313),True
50436,3.838655,44.245842,2017,0.0,-inf,MEDITERRANEAN,France,981.0,2728609,POINT (3.838655 44.245842),True
50450,2.295972,43.389083,2017,10.0,-inf,CONTINENTAL,France,661.0,2729812,POINT (2.295972 43.389083),True
50456,3.81172,43.625926,2021,5.0,200.0,MEDITERRANEAN,France,146.0,2729889,POINT (3.81172 43.625926),True
50497,3.796069,44.159431,2017,0.0,-inf,MEDITERRANEAN,France,10460.0,2730577,POINT (3.796069 44.159431),True
50510,3.348387,43.275365,2017,0.0,16.0,MEDITERRANEAN,France,10289.0,2731482,POINT (3.348387 43.275365),True
50539,5.649333,43.540491,2017,0.0,100.0,MEDITERRANEAN,France,6226.0,2732267,POINT (5.649333 43.540491),True
50546,3.801525,43.46038,2021,5.0,25.0,MEDITERRANEAN,France,2075.0,2733457,POINT (3.801525 43.46038),True
50548,5.965838,43.264866,2020,4.0,200.0,MEDITERRANEAN,France,2109.0,2735845,POINT (5.965838 43.264866),True
50574,5.764128,43.709419,2017,0.0,100.0,MEDITERRANEAN,France,7571.0,2736974,POINT (5.764128 43.709419),True
50613,4.851011,43.96357,2021,3.0,10.0,MEDITERRANEAN,France,10347.0,2740635,POINT (4.851011 43.96357),True
50617,5.623808,43.321258,2018,10.0,100.0,MEDITERRANEAN,France,6652.0,2742402,POINT (5.623808 43.321258),True
50634,5.12126,43.5093,2021,10.0,200.0,MEDITERRANEAN,France,3464.0,2742568,POINT (5.12126 43.5093),True
50669,5.16598,43.6846,2021,10.0,1.0,MEDITERRANEAN,France,6855.0,2746188,POINT (5.16598 43.6846),True
50690,7.411527,43.746938,2021,4.0,4.0,MEDITERRANEAN,Monaco,5451.0,2747034,POINT (7.411527 43.746938),True
50714,6.48142,43.166,2020,10.0,4.0,MEDITERRANEAN,France,795.0,2748058,POINT (6.48142 43.166),True
50735,5.34387,43.902284,2021,5.0,-inf,MEDITERRANEAN,France,8324.0,2748501,POINT (5.34387 43.902284),True
50749,3.734003,44.088819,2017,0.0,-inf,MEDITERRANEAN,France,5071.0,2749011,POINT (3.734003 44.088819),True
50760,3.038152,42.771756,2018,10.0,16.0,MEDITERRANEAN,France,2243.0,2750469,POINT (3.038152 42.771756),True
50764,5.80264,43.59274,2017,1.0,,MEDITERRANEAN,France,1473.0,2751083,POINT (5.80264 43.59274),True
50784,2.979582,43.630235,2020,9.0,16.0,CONTINENTAL,France,704.0,2751621,POINT (2.979582 43.630235),True
50795,6.5096,43.1648,2020,10.0,200.0,MEDITERRANEAN,France,10899.0,2753752,POINT (6.5096 43.1648),True
50803,3.002188,43.486784,2021,5.0,100.0,MEDITERRANEAN,France,9572.0,2754666,POINT (3.002188 43.486784),True
50817,3.518629,43.320462,2017,10.0,-inf,MEDITERRANEAN,France,7955.0,2754692,POINT (3.518629 43.320462),True
50818,6.10276,43.10007,2020,10.0,200.0,MEDITERRANEAN,France,11157.0,2755782,POINT (6.10276 43.10007),True
50837,3.037992,42.769256,2018,10.0,16.0,MEDITERRANEAN,France,1300.0,2756259,POINT (3.037992 42.769256),True
50841,5.050294,43.335202,2017,0.0,25.0,MEDITERRANEAN,France,6141.0,2757305,POINT (5.050294 43.335202),True
50868,3.763329,44.206488,2017,0.0,-inf,MEDITERRANEAN,France,661.0,2757677,POINT (3.763329 44.206488),True
50879,4.058438,43.850102,2021,5.0,250.0,MEDITERRANEAN,France,476.0,2761565,POINT (4.058438 43.850102),True
50896,2.09456,42.92913,2017,1.0,,MEDITERRANEAN,France,5412.0,2761738,POINT (2.09456 42.92913),True
50907,4.159843,44.312075,2019,0.0,25.0,MEDITERRANEAN,France,7748.0,2762101,POINT (4.159843 44.312075),True
50928,3.837158,43.477522,2020,4.0,25.0,MEDITERRANEAN,France,8661.0,2763817,POINT (3.837158 43.477522),True
50931,3.873365,43.545566,2020,9.0,200.0,MEDITERRANEAN,France,2291.0,2765972,POINT (3.873365 43.545566),True
50959,7.110761,43.774225,2020,4.0,50.0,MEDITERRANEAN,France,8512.0,2768535,POINT (7.110761 43.774225),True
50988,1.983333,42.833333,2017,10.0,-inf,MEDITERRANEAN,France,8424.0,2768577,POINT (1.983333 42.833333),True
51004,5.558512,43.186409,2017,0.0,100.0,MEDITERRANEAN,France,4029.0,2769261,POINT (5.558512 43.186409),True
51019,7.484002,43.894498,2020,4.0,5.0,MEDITERRANEAN,France,9922.0,2771366,POINT (7.484002 43.894498),True
51033,5.351693,43.212407,2018,0.0,20.0,MEDITERRANEAN,France,7211.0,2771706,POINT (5.351693 43.212407),True
51046,6.2076,43.72298,2017,1.0,,MEDITERRANEAN,France,51.0,2772001,POINT (6.2076 43.72298),True
51060,6.016752,43.118857,2019,10.0,20.0,MEDITERRANEAN,France,4628.0,2772035,POINT (6.016752 43.118857),True
51077,5.22821,43.4589,2021,10.0,20.0,MEDITERRANEAN,France,7550.0,2772644,POINT (5.22821 43.4589),True
51088,5.614999,43.2445,2017,0.0,40.0,MEDITERRANEAN,France,10874.0,2773773,POINT (5.614999 43.2445),True
51096,3.349346,43.273203,2017,0.0,16.0,MEDITERRANEAN,France,1734.0,2774871,POINT (3.349346 43.273203),True
51107,3.302147,43.669216,2021,5.0,200.0,MEDITERRANEAN,France,3893.0,2775614,POINT (3.302147 43.669216),True
51130,3.523611,43.320942,2017,10.0,-inf,MEDITERRANEAN,France,6279.0,2775994,POINT (3.523611 43.320942),True
51131,3.347407,43.272202,2017,10.0,16.0,MEDITERRANEAN,France,7968.0,2779113,POINT (3.347407 43.272202),True
51152,3.512541,43.328587,2017,10.0,-inf,MEDITERRANEAN,France,7955.0,2780367,POINT (3.512541 43.328587),True
51154,3.03089,43.53817,2017,1.0,,MEDITERRANEAN,France,2756.0,2780382,POINT (3.03089 43.53817),True
51168,3.718555,44.209445,2017,0.0,-inf,MEDITERRANEAN,France,3722.0,2781078,POINT (3.718555 44.209445),True
51181,2.5842,43.09082,2019,1.0,,MEDITERRANEAN,France,5249.0,2781716,POINT (2.5842 43.09082),True
51208,6.137474,43.031438,2018,0.0,40.0,MEDITERRANEAN,France,8711.0,2781796,POINT (6.137474 43.031438),True
51221,6.18406,43.74182,2019,1.0,,MEDITERRANEAN,France,5249.0,2782805,POINT (6.18406 43.74182),True
51236,4.76324,44.2119,2020,10.0,-inf,MEDITERRANEAN,France,5412.0,2783209,POINT (4.76324 44.2119),True
51256,4.84475,44.1892,2019,10.0,20.0,MEDITERRANEAN,France,2355.0,2785085,POINT (4.84475 44.1892),True
51270,3.051681,42.888944,2018,10.0,16.0,MEDITERRANEAN,France,1300.0,2785259,POINT (3.051681 42.888944),True
51277,3.029772,42.756626,2018,0.0,16.0,MEDITERRANEAN,France,8075.0,2786706,POINT (3.029772 42.756626),True
51294,6.118,43.0921,2019,10.0,100.0,MEDITERRANEAN,France,10520.0,2789294,POINT (6.118 43.0921),True
51312,3.32374,44.75878,2017,1.0,,CONTINENTAL,France,10600.0,2791388,POINT (3.32374 44.75878),True
51322,6.49686,43.166,2020,10.0,200.0,MEDITERRANEAN,France,3999.0,2791408,POINT (6.49686 43.166),True
51331,6.117769,43.082236,2018,0.0,80.0,MEDITERRANEAN,France,11159.0,2792664,POINT (6.117769 43.082236),True
51345,4.02326,43.555042,2020,10.0,40.0,MEDITERRANEAN,France,2243.0,2792839,POINT (4.02326 43.555042),True
51351,3.259488,43.227543,2020,10.0,50.0,MEDITERRANEAN,France,5799.0,2793550,POINT (3.259488 43.227543),True
51364,3.891627,43.951942,2021,4.0,250.0,MEDITERRANEAN,France,146.0,2793846,POINT (3.891627 43.951942),True
51376,6.843063,43.795874,2021,6.0,-inf,MEDITERRANEAN,France,433.0,2797820,POINT (6.843063 43.795874),True
51395,3.203853,43.188968,2020,10.0,40.0,MEDITERRANEAN,France,2243.0,2799574,POINT (3.203853 43.188968),True
51409,6.49632,43.1536,2020,10.0,30.0,MEDITERRANEAN,France,2634.0,2799730,POINT (6.49632 43.1536),True
51431,3.348891,43.275282,2017,10.0,16.0,MEDITERRANEAN,France,5829.0,2799809,POINT (3.348891 43.275282),True
51455,4.451293,43.493778,2018,0.0,-inf,MEDITERRANEAN,France,7955.0,2800197,POINT (4.451293 43.493778),True
51456,3.352632,43.855266,2019,0.0,50.0,MEDITERRANEAN,France,7536.0,2803655,POINT (3.352632 43.855266),True
51474,6.956495,44.197062,2019,10.0,-inf,MEDITERRANEAN,France,9669.0,2804796,POINT (6.956495 44.197062),True
51491,3.206852,43.19136,2020,10.0,50.0,MEDITERRANEAN,France,1300.0,2805936,POINT (3.206852 43.19136),True
51500,3.80054,44.64554,2018,1.0,,CONTINENTAL,France,5542.0,2805969,POINT (3.80054 44.64554),True
51524,5.685535,43.697783,2018,0.0,40.0,MEDITERRANEAN,France,9595.0,2806603,POINT (5.685535 43.697783),True
51546,5.83064,43.64582,2017,1.0,,MEDITERRANEAN,France,3935.0,2807753,POINT (5.83064 43.64582),True
51566,6.48026,43.1679,2020,10.0,-inf,MEDITERRANEAN,France,5618.0,2808306,POINT (6.48026 43.1679),True
51569,4.759609,43.937194,2021,10.0,16.0,MEDITERRANEAN,France,4013.0,2808725,POINT (4.759609 43.937194),True
51577,5.56326,43.204422,2017,0.0,250.0,MEDITERRANEAN,France,476.0,2809144,POINT (5.56326 43.204422),True
51590,5.131331,43.504936,2017,0.0,-inf,MEDITERRANEAN,France,11014.0,2810567,POINT (5.131331 43.504936),True
51596,3.896191,43.540417,2021,5.0,4.0,MEDITERRANEAN,France,11078.0,2811564,POINT (3.896191 43.540417),True
51598,3.052384,42.895257,2018,10.0,16.0,MEDITERRANEAN,France,9877.0,2812423,POINT (3.052384 42.895257),True
51611,1.992153,42.523756,2018,0.0,25.0,ALPINE,France,4590.0,2814283,POINT (1.992153 42.523756),True
51639,3.878444,43.502766,2021,5.0,16.0,MEDITERRANEAN,France,3837.0,2814529,POINT (3.878444 43.502766),True
51642,6.43294,43.1547,2020,10.0,50.0,MEDITERRANEAN,France,11193.0,2815402,POINT (6.43294 43.1547),True
51651,3.114284,43.172673,2021,5.0,100.0,MEDITERRANEAN,France,2120.0,2815698,POINT (3.114284 43.172673),True
51671,3.043646,43.521138,2021,6.0,250.0,MEDITERRANEAN,France,6235.0,2816071,POINT (3.043646 43.521138),True
51677,3.401166,43.858395,2021,4.0,250.0,MEDITERRANEAN,France,7288.0,2817197,POINT (3.401166 43.858395),True
51698,5.70392,43.68833,2021,10.0,200.0,MEDITERRANEAN,France,9388.0,2817303,POINT (5.70392 43.68833),True
51732,5.442351,43.268108,2018,0.0,-inf,MEDITERRANEAN,France,4460.0,2818336,POINT (5.442351 43.268108),True
51743,4.409216,43.530957,2018,10.0,50.0,MEDITERRANEAN,France,6491.0,2818361,POINT (4.409216 43.530957),True
51747,4.322327,43.458787,2017,0.0,50.0,MEDITERRANEAN,France,1734.0,2819891,POINT (4.322327 43.458787),True
51754,6.097004,43.03063,2017,0.0,10.0,MEDITERRANEAN,France,3958.0,2820567,POINT (6.097004 43.03063),True
51767,4.483355,44.132214,2021,4.0,250.0,MEDITERRANEAN,France,9458.0,2821343,POINT (4.483355 44.132214),True
51779,3.473217,44.091559,2021,5.0,250.0,MEDITERRANEAN,France,6788.0,2821876,POINT (3.473217 44.091559),True
51791,5.028307,43.342383,2017,0.0,100.0,MEDITERRANEAN,France,10520.0,2822433,POINT (5.028307 43.342383),True
51806,2.082389,42.838333,2017,10.0,10.0,MEDITERRANEAN,France,5166.0,2822437,POINT (2.082389 42.838333),True
51830,3.641596,43.850889,2018,0.0,16.0,MEDITERRANEAN,France,9243.0,2822711,POINT (3.641596 43.850889),True
51831,2.146725,42.445557,2021,5.0,5.0,ALPINE,Spain,8397.0,2824452,POINT (2.146725 42.445557),True
51842,6.11672,43.0922,2019,10.0,30.0,MEDITERRANEAN,France,2539.0,2827795,POINT (6.11672 43.0922),True
51864,3.10719,43.69944,2017,1.0,,MEDITERRANEAN,France,11157.0,2828002,POINT (3.10719 43.69944),True
51870,4.119873,43.873549,2021,4.0,100.0,MEDITERRANEAN,France,3993.0,2828122,POINT (4.119873 43.873549),True
51893,3.02162,42.851816,2018,10.0,16.0,MEDITERRANEAN,France,6491.0,2828835,POINT (3.02162 42.851816),True
51900,1.976889,42.864583,2018,10.0,-inf,ALPINE,France,8151.0,2828899,POINT (1.976889 42.864583),True
51905,3.245721,44.407677,2021,4.0,250.0,CONTINENTAL,France,1677.0,2829047,POINT (3.245721 44.407677),True
51941,2.889998,43.052051,2021,5.0,16.0,MEDITERRANEAN,France,6855.0,2830822,POINT (2.889998 43.052051),True
51962,4.805861,43.540641,2019,10.0,5.0,MEDITERRANEAN,France,9555.0,2831242,POINT (4.805861 43.540641),True
51989,7.123011,43.824337,2021,4.0,25.0,MEDITERRANEAN,France,11159.0,2831691,POINT (7.123011 43.824337),True
52009,7.02861,43.74454,2019,1.0,,MEDITERRANEAN,France,7862.0,2835094,POINT (7.02861 43.74454),True
52026,5.31773,43.7871,2017,1.0,,MEDITERRANEAN,France,2932.0,2835123,POINT (5.31773 43.7871),True
52041,7.07976,43.7314,2019,10.0,-inf,MEDITERRANEAN,France,2474.0,2835499,POINT (7.07976 43.7314),True
52077,5.19145,44.063349,2017,0.0,100.0,MEDITERRANEAN,France,4814.0,2835722,POINT (5.19145 44.063349),True
52081,3.119383,43.211374,2021,5.0,100.0,MEDITERRANEAN,France,8784.0,2837037,POINT (3.119383 43.211374),True
52103,3.118242,43.153064,2021,5.0,100.0,MEDITERRANEAN,France,2917.0,2838661,POINT (3.118242 43.153064),True
52125,2.41236,42.91141,2017,1.0,,MEDITERRANEAN,France,2386.0,2839953,POINT (2.41236 42.91141),True
52154,3.591575,43.922243,2021,5.0,250.0,MEDITERRANEAN,France,981.0,2840801,POINT (3.591575 43.922243),True
52167,4.27941,43.91856,2018,1.0,,MEDITERRANEAN,France,9458.0,2841429,POINT (4.27941 43.91856),True
52185,3.65224,43.6942,2019,1.0,,MEDITERRANEAN,France,2421.0,2841693,POINT (3.65224 43.6942),True
52204,3.514933,43.32048,2017,10.0,-inf,MEDITERRANEAN,France,7955.0,2842725,POINT (3.514933 43.32048),True
52205,3.824775,44.17912,2017,0.0,-inf,MEDITERRANEAN,France,7113.0,2842954,POINT (3.824775 44.17912),True
52216,3.821904,43.463126,2020,10.0,30.0,MEDITERRANEAN,France,2926.0,2843045,POINT (3.821904 43.463126),True
52228,6.32223,43.1957,2021,10.0,2.0,MEDITERRANEAN,France,6880.0,2844708,POINT (6.32223 43.1957),True
52253,2.53498,43.03702,2018,1.0,,MEDITERRANEAN,France,3894.0,2845417,POINT (2.53498 43.03702),True
52273,5.510208,43.405294,2017,0.0,30.0,MEDITERRANEAN,France,1254.0,2846172,POINT (5.510208 43.405294),True
52288,4.804166,43.953095,2021,10.0,10.0,MEDITERRANEAN,France,6491.0,2846427,POINT (4.804166 43.953095),True
52298,5.52981,43.58315,2018,1.0,,MEDITERRANEAN,France,1736.0,2846468,POINT (5.52981 43.58315),True
52319,2.7339,43.46777,2018,1.0,,MEDITERRANEAN,France,7113.0,2848312,POINT (2.7339 43.46777),True
52333,4.553674,43.453585,2017,0.0,3.0,MEDITERRANEAN,France,114.0,2849032,POINT (4.553674 43.453585),True
52351,4.95283,44.0549,2020,10.0,100.0,MEDITERRANEAN,France,6836.0,2849670,POINT (4.95283 44.0549),True
52378,5.196534,44.068577,2017,0.0,20.0,MEDITERRANEAN,France,5804.0,2849925,POINT (5.196534 44.068577),True
52389,6.5004,43.1652,2020,10.0,-inf,MEDITERRANEAN,France,2539.0,2851519,POINT (6.5004 43.1652),True
52412,6.118276,43.082077,2018,0.0,40.0,MEDITERRANEAN,France,4349.0,2851629,POINT (6.118276 43.082077),True
52427,6.33867,43.2141,2021,10.0,4.0,MEDITERRANEAN,France,3835.0,2851694,POINT (6.33867 43.2141),True
52451,5.172401,44.083761,2017,0.0,150.0,MEDITERRANEAN,France,11013.0,2853460,POINT (5.172401 44.083761),True
52468,5.55249,43.5465,2018,1.0,,MEDITERRANEAN,France,9636.0,2853566,POINT (5.55249 43.5465),True
52489,6.023296,43.112409,2018,0.0,200.0,MEDITERRANEAN,France,1753.0,2853698,POINT (6.023296 43.112409),True
52526,3.517357,43.31597,2017,10.0,-inf,MEDITERRANEAN,France,7955.0,2854246,POINT (3.517357 43.31597),True
52527,6.747092,43.822044,2021,5.0,100.0,MEDITERRANEAN,France,1018.0,2855212,POINT (6.747092 43.822044),True
52551,2.48426,42.35458,2017,1.0,,ALPINE,Spain,661.0,2855851,POINT (2.48426 42.35458),True
52572,6.306639,43.144918,2018,10.0,3.0,MEDITERRANEAN,France,1051.0,2857405,POINT (6.306639 43.144918),True
52588,3.604583,43.847454,2020,4.0,400.0,MEDITERRANEAN,France,5412.0,2858414,POINT (3.604583 43.847454),True
52604,6.63244,43.76097,2018,1.0,,MEDITERRANEAN,France,11120.0,2858834,POINT (6.63244 43.76097),True
52621,3.038722,42.788056,2017,10.0,50.0,MEDITERRANEAN,France,11222.0,2861119,POINT (3.038722 42.788056),True
52635,4.405388,43.533238,2018,10.0,50.0,MEDITERRANEAN,France,6234.0,2862201,POINT (4.405388 43.533238),True
52639,3.65178,44.179024,2017,0.0,-inf,MEDITERRANEAN,France,4498.0,2864753,POINT (3.65178 44.179024),True
52649,3.783255,43.460583,2020,3.0,25.0,MEDITERRANEAN,France,2075.0,2868499,POINT (3.783255 43.460583),True
52651,6.40386,43.265065,2020,9.0,16.0,MEDITERRANEAN,France,4397.0,2869240,POINT (6.40386 43.265065),True
52683,6.09654,43.09964,2020,10.0,150.0,MEDITERRANEAN,France,3935.0,2870348,POINT (6.09654 43.09964),True
52697,4.10366,43.8676,2017,1.0,,MEDITERRANEAN,France,1254.0,2870997,POINT (4.10366 43.8676),True
52725,3.876693,43.53864,2021,4.0,16.0,MEDITERRANEAN,France,2075.0,2872081,POINT (3.876693 43.53864),True
52726,3.138462,43.247859,2019,10.0,-inf,MEDITERRANEAN,France,9261.0,2873061,POINT (3.138462 43.247859),True
52732,6.48217,43.1675,2020,10.0,1.0,MEDITERRANEAN,France,5016.0,2875454,POINT (6.48217 43.1675),True
52741,4.599854,43.403883,2021,5.0,-inf,MEDITERRANEAN,France,1300.0,2875974,POINT (4.599854 43.403883),True
52750,5.10336,44.1871,2021,10.0,5.0,MEDITERRANEAN,France,4511.0,2876719,POINT (5.10336 44.1871),True
52760,7.046042,43.634655,2018,10.0,400.0,MEDITERRANEAN,France,9702.0,2878030,POINT (7.046042 43.634655),True
52789,3.62625,43.64057,2019,1.0,,MEDITERRANEAN,France,2474.0,2879542,POINT (3.62625 43.64057),True
52801,2.81231,42.994402,2021,4.0,50.0,MEDITERRANEAN,France,9234.0,2879663,POINT (2.81231 42.994402),True
52817,3.075731,43.175375,2021,5.0,100.0,MEDITERRANEAN,France,6039.0,2879878,POINT (3.075731 43.175375),True
52827,1.97646,42.577307,2017,0.0,12.0,ALPINE,France,4790.0,2880303,POINT (1.97646 42.577307),True
52831,4.452443,43.493798,2018,0.0,-inf,MEDITERRANEAN,France,8924.0,2882047,POINT (4.452443 43.493798),True
52842,1.975194,42.865361,2018,10.0,-inf,ALPINE,France,6331.0,2882292,POINT (1.975194 42.865361),True
52846,4.454664,43.461429,2018,0.0,-inf,MEDITERRANEAN,France,10510.0,2882329,POINT (4.454664 43.461429),True
52858,4.843274,44.011787,2018,0.0,-inf,MEDITERRANEAN,France,822.0,2882545,POINT (4.843274 44.011787),True
52873,5.645067,43.187894,2017,0.0,10.0,MEDITERRANEAN,France,4368.0,2883782,POINT (5.645067 43.187894),True
52890,7.077091,43.779143,2020,4.0,16.0,MEDITERRANEAN,France,2922.0,2885070,POINT (7.077091 43.779143),True
52916,5.10841,43.7278,2021,10.0,100.0,MEDITERRANEAN,France,10329.0,2886727,POINT (5.10841 43.7278),True
52945,3.524855,43.327629,2017,10.0,-inf,MEDITERRANEAN,France,7955.0,2887369,POINT (3.524855 43.327629),True
52947,4.74408,44.2037,2020,10.0,50.0,MEDITERRANEAN,France,9412.0,2887426,POINT (4.74408 44.2037),True
52979,3.67877,43.658552,2021,4.0,250.0,MEDITERRANEAN,France,9458.0,2887660,POINT (3.67877 43.658552),True
52994,2.13043,42.6343,2021,10.0,25.0,ALPINE,France,540.0,2889586,POINT (2.13043 42.6343),True
53011,3.017802,42.795787,2018,10.0,16.0,MEDITERRANEAN,France,2282.0,2892376,POINT (3.017802 42.795787),True
53013,3.696229,44.40029,2018,10.0,25.0,CONTINENTAL,France,10969.0,2894064,POINT (3.696229 44.40029),True
53037,5.57887,43.1958,2021,10.0,100.0,MEDITERRANEAN,France,1304.0,2894294,POINT (5.57887 43.1958),True
53057,5.023774,43.339337,2017,0.0,2.0,MEDITERRANEAN,France,8332.0,2894821,POINT (5.023774 43.339337),True
53060,3.647596,44.233308,2017,0.0,-inf,MEDITERRANEAN,France,10268.0,2895324,POINT (3.647596 44.233308),True
53075,3.211994,43.538564,2020,4.0,50.0,MEDITERRANEAN,France,2474.0,2895864,POINT (3.211994 43.538564),True
53091,6.50803,43.1567,2020,10.0,-inf,MEDITERRANEAN,France,2421.0,2896729,POINT (6.50803 43.1567),True
53099,3.038564,42.749268,2018,10.0,16.0,MEDITERRANEAN,France,5799.0,2898463,POINT (3.038564 42.749268),True
53103,5.623824,43.319989,2018,0.0,50.0,MEDITERRANEAN,France,3723.0,2901046,POINT (5.623824 43.319989),True
53113,2.736861,43.539843,2021,5.0,250.0,CONTINENTAL,France,963.0,2901982,POINT (2.736861 43.539843),True
53124,6.031809,43.080991,2019,10.0,200.0,MEDITERRANEAN,France,2421.0,2902236,POINT (6.031809 43.080991),True
53139,7.15693,43.79294,2018,1.0,,MEDITERRANEAN,France,4748.0,2902822,POINT (7.15693 43.79294),True
53159,2.788949,42.993067,2020,4.0,16.0,MEDITERRANEAN,France,3125.0,2905157,POINT (2.788949 42.993067),True
53189,3.832177,43.473332,2020,3.0,16.0,MEDITERRANEAN,France,11222.0,2906598,POINT (3.832177 43.473332),True
53192,4.18579,44.10005,2019,1.0,,MEDITERRANEAN,France,6874.0,2906615,POINT (4.18579 44.10005),True
53214,3.523273,43.320314,2017,10.0,-inf,MEDITERRANEAN,France,6279.0,2907482,POINT (3.523273 43.320314),True
53215,3.907885,43.559462,2020,10.0,250.0,MEDITERRANEAN,France,8904.0,2909228,POINT (3.907885 43.559462),True
53229,5.60122,43.237596,2017,0.0,50.0,MEDITERRANEAN,France,6874.0,2910438,POINT (5.60122 43.237596),True
53256,3.016984,42.796722,2018,10.0,16.0,MEDITERRANEAN,France,4229.0,2910481,POINT (3.016984 42.796722),True
53262,7.48128,44.08386,2021,0.0,15.0,ALPINE,France,3442.0,2910832,POINT (7.48128 44.08386),True
53272,2.011099,42.618649,2017,0.0,12.0,ALPINE,France,6905.0,2912111,POINT (2.011099 42.618649),True
53274,6.395806,43.266686,2021,5.0,4.0,MEDITERRANEAN,France,7118.0,2912907,POINT (6.395806 43.266686),True
53290,7.38066,43.7437,2019,10.0,100.0,MEDITERRANEAN,France,3251.0,2913307,POINT (7.38066 43.7437),True
53299,6.670236,43.314009,2018,10.0,4.0,MEDITERRANEAN,France,7914.0,2914139,POINT (6.670236 43.314009),True
53315,3.807948,44.231625,2017,0.0,-inf,MEDITERRANEAN,France,981.0,2914240,POINT (3.807948 44.231625),True
53326,5.23927,43.4619,2021,10.0,100.0,MEDITERRANEAN,France,3278.0,2914373,POINT (5.23927 43.4619),True
53346,7.09739,43.7818,2019,10.0,300.0,MEDITERRANEAN,France,2474.0,2917739,POINT (7.09739 43.7818),True
53401,5.499194,43.408663,2017,0.0,200.0,MEDITERRANEAN,France,982.0,2918021,POINT (5.499194 43.408663),True
53421,3.017618,42.83216,2018,10.0,16.0,MEDITERRANEAN,France,3466.0,2918442,POINT (3.017618 42.83216),True
53435,3.727777,44.08635,2017,0.0,-inf,MEDITERRANEAN,France,6205.0,2922884,POINT (3.727777 44.08635),True
53452,5.685423,43.69432,2018,10.0,20.0,MEDITERRANEAN,France,9642.0,2923839,POINT (5.685423 43.69432),True
53464,3.145065,43.268147,2019,10.0,-inf,MEDITERRANEAN,France,8208.0,2924124,POINT (3.145065 43.268147),True
53470,3.153716,43.146161,2020,10.0,50.0,MEDITERRANEAN,France,5203.0,2924512,POINT (3.153716 43.146161),True
53484,5.209572,44.053801,2017,10.0,10.0,MEDITERRANEAN,France,10281.0,2924523,POINT (5.209572 44.053801),True
53497,2.833912,43.033621,2021,4.0,50.0,MEDITERRANEAN,France,5220.0,2925670,POINT (2.833912 43.033621),True
53513,5.577993,43.243148,2017,0.0,5.0,MEDITERRANEAN,France,5301.0,2926820,POINT (5.577993 43.243148),True
53536,3.515224,43.314433,2017,10.0,-inf,MEDITERRANEAN,France,7955.0,2927608,POINT (3.515224 43.314433),True
53537,5.234981,43.623974,2021,6.0,20.0,MEDITERRANEAN,France,4341.0,2928501,POINT (5.234981 43.623974),True
53548,4.78174,43.6612,2021,10.0,300.0,MEDITERRANEAN,France,8208.0,2928814,POINT (4.78174 43.6612),True
53573,6.5058,43.1597,2020,10.0,-inf,MEDITERRANEAN,France,6669.0,2929334,POINT (6.5058 43.1597),True
53593,5.028597,43.338373,2017,0.0,10.0,MEDITERRANEAN,France,6217.0,2930213,POINT (5.028597 43.338373),True
53619,5.10323,44.1871,2021,10.0,80.0,MEDITERRANEAN,France,4029.0,2930303,POINT (5.10323 44.1871),True
53633,6.4371,43.272746,2020,4.0,50.0,MEDITERRANEAN,France,1910.0,2930514,POINT (6.4371 43.272746),True
53642,4.85055,43.367581,2017,10.0,16.0,MEDITERRANEAN,France,949.0,2931168,POINT (4.85055 43.367581),True
53646,6.034291,43.081506,2019,10.0,25.0,MEDITERRANEAN,France,6840.0,2934553,POINT (6.034291 43.081506),True
53650,5.667685,43.318348,2017,0.0,100.0,MEDITERRANEAN,France,9714.0,2935494,POINT (5.667685 43.318348),True
53661,5.47065,43.985,2020,10.0,300.0,MEDITERRANEAN,France,10268.0,2936566,POINT (5.47065 43.985),True
53688,3.017483,42.832519,2018,10.0,16.0,MEDITERRANEAN,France,10166.0,2941204,POINT (3.017483 42.832519),True
53704,7.030346,43.668783,2021,5.0,-inf,MEDITERRANEAN,France,522.0,2942798,POINT (7.030346 43.668783),True
53730,6.137479,43.031978,2018,10.0,100.0,MEDITERRANEAN,France,2702.0,2946710,POINT (6.137479 43.031978),True
53740,2.934795,42.846997,2020,4.0,25.0,MEDITERRANEAN,France,5219.0,2946858,POINT (2.934795 42.846997),True
53754,2.11866,43.01901,2018,1.0,,MEDITERRANEAN,France,6925.0,2948792,POINT (2.11866 43.01901),True
53775,3.47594,44.79329,2019,1.0,,CONTINENTAL,France,8428.0,2949201,POINT (3.47594 44.79329),True
53791,3.014849,42.802235,2018,10.0,16.0,MEDITERRANEAN,France,5018.0,2952517,POINT (3.014849 42.802235),True
53799,2.931495,43.049132,2021,5.0,50.0,MEDITERRANEAN,France,7199.0,2953098,POINT (2.931495 43.049132),True
53827,6.737108,43.4596,2021,4.0,15.0,MEDITERRANEAN,France,6560.0,2953102,POINT (6.737108 43.4596),True
53853,7.46707,43.92284,2019,1.0,,MEDITERRANEAN,France,2351.0,2954171,POINT (7.46707 43.92284),True
53877,2.765118,43.536579,2020,6.0,400.0,MEDITERRANEAN,France,10600.0,2954380,POINT (2.765118 43.536579),True
53882,3.070644,43.184645,2021,5.0,100.0,MEDITERRANEAN,France,4003.0,2954951,POINT (3.070644 43.184645),True
53890,3.746703,43.665732,2021,5.0,4.0,MEDITERRANEAN,France,3958.0,2955986,POINT (3.746703 43.665732),True
53922,3.645838,43.619965,2018,0.0,20.0,MEDITERRANEAN,France,5219.0,2956455,POINT (3.645838 43.619965),True
53941,3.878633,44.187127,2017,0.0,-inf,MEDITERRANEAN,France,2474.0,2956955,POINT (3.878633 44.187127),True
53956,5.687233,43.694293,2018,10.0,16.0,MEDITERRANEAN,France,6136.0,2957294,POINT (5.687233 43.694293),True
53967,5.02185,43.4662,2021,10.0,100.0,MEDITERRANEAN,France,6925.0,2957950,POINT (5.02185 43.4662),True
53985,3.021938,42.851438,2018,10.0,16.0,MEDITERRANEAN,France,4404.0,2958383,POINT (3.021938 42.851438),True
53993,3.190706,43.512328,2020,4.0,-inf,MEDITERRANEAN,France,11078.0,2962429,POINT (3.190706 43.512328),True
53994,7.05243,44.07843,2019,10.0,400.0,MEDITERRANEAN,France,3792.0,2963115,POINT (7.05243 44.07843),True
54029,7.07577,43.763,2019,10.0,-inf,MEDITERRANEAN,France,4370.0,2963731,POINT (7.07577 43.763),True
54065,3.34843,43.274357,2017,0.0,16.0,MEDITERRANEAN,France,5424.0,2963908,POINT (3.34843 43.274357),True
54080,6.027903,43.115223,2018,10.0,150.0,MEDITERRANEAN,France,9702.0,2963963,POINT (6.027903 43.115223),True
54121,5.029405,43.336459,2017,0.0,1.0,MEDITERRANEAN,France,6342.0,2964134,POINT (5.029405 43.336459),True
54124,5.655887,43.254149,2018,0.0,50.0,MEDITERRANEAN,France,10520.0,2964391,POINT (5.655887 43.254149),True
54143,6.74086,43.4147,2021,10.0,9.0,MEDITERRANEAN,France,1160.0,2966170,POINT (6.74086 43.4147),True
54153,6.9558,43.76568,2019,1.0,,MEDITERRANEAN,France,1497.0,2967074,POINT (6.9558 43.76568),True
54172,6.019987,43.118218,2018,0.0,30.0,MEDITERRANEAN,France,1314.0,2967477,POINT (6.019987 43.118218),True
54190,2.969867,43.589961,2020,4.0,400.0,MEDITERRANEAN,France,1831.0,2967953,POINT (2.969867 43.589961),True
54207,2.55955,43.05494,2017,1.0,,MEDITERRANEAN,France,2634.0,2969309,POINT (2.55955 43.05494),True
54224,4.019952,43.824839,2021,5.0,250.0,MEDITERRANEAN,France,3937.0,2970122,POINT (4.019952 43.824839),True
54243,5.497669,43.227604,2017,0.0,100.0,MEDITERRANEAN,France,8742.0,2971798,POINT (5.497669 43.227604),True
54252,3.873516,43.54586,2020,4.0,16.0,MEDITERRANEAN,France,7924.0,2972593,POINT (3.873516 43.54586),True
54264,3.208171,43.48027,2021,5.0,200.0,MEDITERRANEAN,France,10315.0,2972878,POINT (3.208171 43.48027),True
54295,5.019664,43.343094,2017,10.0,4.0,MEDITERRANEAN,France,8785.0,2973334,POINT (5.019664 43.343094),True
54317,3.15674,43.69908,2019,1.0,,MEDITERRANEAN,France,5412.0,2973791,POINT (3.15674 43.69908),True
54326,3.631617,43.728944,2021,4.0,250.0,MEDITERRANEAN,France,6384.0,2974653,POINT (3.631617 43.728944),True
54340,6.978489,43.653271,2021,5.0,-inf,MEDITERRANEAN,France,10364.0,2975242,POINT (6.978489 43.653271),True
54376,3.348456,43.276678,2017,0.0,16.0,MEDITERRANEAN,France,1176.0,2975262,POINT (3.348456 43.276678),True
54398,3.347974,43.276365,2017,0.0,16.0,MEDITERRANEAN,France,8324.0,2975278,POINT (3.347974 43.276365),True
54421,3.05764,43.0839,2021,10.0,25.0,MEDITERRANEAN,France,7442.0,2975331,POINT (3.05764 43.0839),True
54430,6.735913,43.581451,2020,4.0,15.0,MEDITERRANEAN,France,6039.0,2978291,POINT (6.735913 43.581451),True
54461,6.55015,43.1872,2020,10.0,-inf,MEDITERRANEAN,France,8482.0,2979040,POINT (6.55015 43.1872),True
54477,6.355575,43.144567,2018,10.0,-inf,MEDITERRANEAN,France,8328.0,2979290,POINT (6.355575 43.144567),True
54485,5.176034,43.401834,2017,10.0,5.0,MEDITERRANEAN,France,8772.0,2981537,POINT (5.176034 43.401834),True
54507,4.408438,44.165987,2021,4.0,250.0,MEDITERRANEAN,France,3935.0,2981805,POINT (4.408438 44.165987),True
54515,6.096442,43.146491,2020,4.0,50.0,MEDITERRANEAN,France,3020.0,2982480,POINT (6.096442 43.146491),True
54531,5.99199,43.1037,2019,10.0,40.0,MEDITERRANEAN,France,11107.0,2982732,POINT (5.99199 43.1037),True
54547,5.77979,43.7174,2021,10.0,200.0,MEDITERRANEAN,France,6925.0,2983500,POINT (5.77979 43.7174),True
54575,1.959086,42.518782,2018,0.0,25.0,ALPINE,France,1757.0,2983561,POINT (1.959086 42.518782),True
54600,2.712741,42.971254,2021,5.0,200.0,MEDITERRANEAN,France,9547.0,2983769,POINT (2.712741 42.971254),True
54647,4.401258,43.532806,2018,0.0,-inf,MEDITERRANEAN,France,11187.0,2983906,POINT (4.401258 43.532806),True
54663,2.831546,43.011892,2021,5.0,16.0,MEDITERRANEAN,France,10822.0,2984050,POINT (2.831546 43.011892),True
54676,2.60687,42.69554,2019,1.0,,MEDITERRANEAN,France,4755.0,2985782,POINT (2.60687 42.69554),True
54700,3.522399,43.32854,2017,10.0,-inf,MEDITERRANEAN,France,7955.0,2986623,POINT (3.522399 43.32854),True
54701,5.12813,43.97205,2019,1.0,,MEDITERRANEAN,France,1736.0,2987143,POINT (5.12813 43.97205),True
54717,7.130768,43.814752,2020,10.0,1.5,MEDITERRANEAN,France,10530.0,2987724,POINT (7.130768 43.814752),True
54728,6.79192,44.221,2019,10.0,-inf,ALPINE,France,4397.0,2989400,POINT (6.79192 44.221),True
54736,3.199432,44.629563,2017,0.0,25.0,CONTINENTAL,France,540.0,2990087,POINT (3.199432 44.629563),True
54754,4.838542,43.372771,2017,10.0,4.0,MEDITERRANEAN,France,7315.0,2992222,POINT (4.838542 43.372771),True
54762,4.75466,44.2193,2020,10.0,5.0,MEDITERRANEAN,France,365.0,2992563,POINT (4.75466 44.2193),True
54775,3.623391,43.626862,2021,5.0,250.0,MEDITERRANEAN,France,1276.0,2993179,POINT (3.623391 43.626862),True
54790,5.4111,43.67654,2018,1.0,,MEDITERRANEAN,France,4530.0,2993701,POINT (5.4111 43.67654),True
54811,3.518621,43.319562,2017,10.0,-inf,MEDITERRANEAN,France,7955.0,2995195,POINT (3.518621 43.319562),True
54812,3.349724,43.272581,2017,10.0,16.0,MEDITERRANEAN,France,11222.0,2996683,POINT (3.349724 43.272581),True
54826,6.59291,43.5645,2019,1.0,,MEDITERRANEAN,France,5721.0,2997202,POINT (6.59291 43.5645),True
54838,6.48368,43.1655,2020,10.0,10.0,MEDITERRANEAN,France,2386.0,2998181,POINT (6.48368 43.1655),True
54848,3.78202,43.92631,2018,1.0,,MEDITERRANEAN,France,51.0,2999590,POINT (3.78202 43.92631),True
54874,4.333645,43.47066,2017,0.0,5.0,MEDITERRANEAN,France,5907.0,2999795,POINT (4.333645 43.47066),True
54883,3.523623,43.327635,2017,10.0,-inf,MEDITERRANEAN,France,7955.0,3003047,POINT (3.523623 43.327635),True
54884,6.60836,43.172973,2019,0.0,30.0,MEDITERRANEAN,France,6836.0,3003318,POINT (6.60836 43.172973),True
54908,1.975778,42.864278,2017,10.0,80.0,ALPINE,France,8431.0,3003867,POINT (1.975778 42.864278),True
54936,6.34351,43.53804,2018,1.0,,MEDITERRANEAN,France,2421.0,3004784,POINT (6.34351 43.53804),True
54960,3.8973,44.50029,2018,1.0,,CONTINENTAL,France,53.0,3004863,POINT (3.8973 44.50029),True
54967,2.942713,43.046417,2021,4.0,16.0,MEDITERRANEAN,France,6874.0,3005322,POINT (2.942713 43.046417),True
54995,6.62163,43.61737,2019,1.0,,MEDITERRANEAN,France,2386.0,3005741,POINT (6.62163 43.61737),True
55014,7.144968,43.699143,2021,3.0,16.0,MEDITERRANEAN,France,7199.0,3006113,POINT (7.144968 43.699143),True
55027,5.966044,43.264439,2020,4.0,200.0,MEDITERRANEAN,France,6684.0,3006545,POINT (5.966044 43.264439),True
55067,5.649489,43.540388,2017,0.0,30.0,MEDITERRANEAN,France,5630.0,3009965,POINT (5.649489 43.540388),True
55095,4.73985,44.21519,2017,1.0,,MEDITERRANEAN,France,876.0,3011254,POINT (4.73985 44.21519),True
55118,6.29914,43.61167,2018,1.0,,MEDITERRANEAN,France,10953.0,3011462,POINT (6.29914 43.61167),True
55130,2.31447,43.21688,2019,1.0,,MEDITERRANEAN,France,4498.0,3012798,POINT (2.31447 43.21688),True
55152,5.46669,43.9119,2020,10.0,10.0,MEDITERRANEAN,France,10281.0,3015662,POINT (5.46669 43.9119),True
55183,2.198972,43.160694,2021,10.0,40.0,MEDITERRANEAN,France,6925.0,3016943,POINT (2.198972 43.160694),True
55210,3.189537,43.495776,2020,5.0,50.0,MEDITERRANEAN,France,9458.0,3017145,POINT (3.189537 43.495776),True
55225,3.042667,42.593778,2019,10.0,-inf,MEDITERRANEAN,France,1014.0,3018325,POINT (3.042667 42.593778),True
55238,4.144005,44.303851,2019,10.0,250.0,MEDITERRANEAN,France,10711.0,3020928,POINT (4.144005 44.303851),True
55247,3.379256,43.926029,2019,0.0,50.0,MEDITERRANEAN,France,1099.0,3022020,POINT (3.379256 43.926029),True
55264,3.762681,44.211344,2017,0.0,-inf,MEDITERRANEAN,France,4498.0,3023170,POINT (3.762681 44.211344),True
55288,3.267691,43.23257,2020,10.0,40.0,MEDITERRANEAN,France,5203.0,3023497,POINT (3.267691 43.23257),True
55301,7.08981,43.7808,2019,10.0,200.0,MEDITERRANEAN,France,10427.0,3023864,POINT (7.08981 43.7808),True
55348,1.978694,42.751167,2018,10.0,10.0,ALPINE,France,694.0,3024388,POINT (1.978694 42.751167),True
55354,7.40544,43.974226,2018,10.0,-inf,ALPINE,France,1498.0,3025895,POINT (7.40544 43.974226),True
55383,3.117018,43.16975,2021,5.0,100.0,MEDITERRANEAN,France,3935.0,3027644,POINT (3.117018 43.16975),True
55398,3.523607,43.325836,2017,10.0,-inf,MEDITERRANEAN,France,6279.0,3028002,POINT (3.523607 43.325836),True
55400,3.064873,42.535083,2018,10.0,16.0,MEDITERRANEAN,France,2173.0,3028015,POINT (3.064873 42.535083),True
55407,2.78409,43.57542,2018,1.0,,CONTINENTAL,France,1888.0,3029681,POINT (2.78409 43.57542),True
55417,6.02767,43.1151,2020,10.0,100.0,MEDITERRANEAN,France,3109.0,3030695,POINT (6.02767 43.1151),True
55434,3.052003,42.892739,2018,10.0,16.0,MEDITERRANEAN,France,9341.0,3031058,POINT (3.052003 42.892739),True
55455,2.39788,42.89253,2017,0.0,6.0,MEDITERRANEAN,France,4541.0,3031201,POINT (2.39788 42.89253),True
55498,2.98537,43.51717,2021,5.0,250.0,MEDITERRANEAN,France,6039.0,3031607,POINT (2.98537 43.51717),True
55509,6.056544,43.091327,2019,0.0,60.0,MEDITERRANEAN,France,11132.0,3032031,POINT (6.056544 43.091327),True
55535,5.68637,43.356887,2017,0.0,15.0,MEDITERRANEAN,France,1222.0,3032606,POINT (5.68637 43.356887),True
55558,2.728512,43.416053,2021,5.0,250.0,MEDITERRANEAN,France,8340.0,3032669,POINT (2.728512 43.416053),True
55573,3.778818,43.665319,2020,3.0,4.0,MEDITERRANEAN,France,6643.0,3033143,POINT (3.778818 43.665319),True
55579,5.159191,44.128024,2017,10.0,20.0,MEDITERRANEAN,France,5203.0,3033938,POINT (5.159191 44.128024),True
55587,5.95559,43.26605,2020,4.0,200.0,MEDITERRANEAN,France,2386.0,3034369,POINT (5.95559 43.26605),True
55618,4.400868,43.529967,2018,0.0,100.0,MEDITERRANEAN,France,6643.0,3036302,POINT (4.400868 43.529967),True
55632,3.183667,43.258446,2019,10.0,-inf,MEDITERRANEAN,France,9569.0,3036722,POINT (3.183667 43.258446),True
55656,3.036355,42.767522,2018,10.0,16.0,MEDITERRANEAN,France,8482.0,3036789,POINT (3.036355 42.767522),True
55671,6.43036,43.1541,2020,10.0,100.0,MEDITERRANEAN,France,5618.0,3037921,POINT (6.43036 43.1541),True
55688,7.034043,43.84664,2021,6.0,-inf,MEDITERRANEAN,France,4122.0,3039293,POINT (7.034043 43.84664),True
55732,6.448248,43.270748,2021,4.0,4.0,MEDITERRANEAN,France,154.0,3039924,POINT (6.448248 43.270748),True
55755,2.85679,43.41332,2018,1.0,,MEDITERRANEAN,France,5635.0,3041412,POINT (2.85679 43.41332),True
55776,5.217488,44.063437,2017,10.0,200.0,MEDITERRANEAN,France,3669.0,3041806,POINT (5.217488 44.063437),True
55789,5.908512,43.276787,2020,4.0,200.0,MEDITERRANEAN,France,2747.0,3042482,POINT (5.908512 43.276787),True
55821,3.876586,43.538394,2021,5.0,16.0,MEDITERRANEAN,France,2075.0,3043178,POINT (3.876586 43.538394),True
55822,6.49155,43.53245,2019,1.0,,MEDITERRANEAN,France,5474.0,3043470,POINT (6.49155 43.53245),True
55835,2.80485,43.09009,2018,1.0,,MEDITERRANEAN,France,3345.0,3043732,POINT (2.80485 43.09009),True
55850,5.114682,43.506801,2017,0.0,12.0,MEDITERRANEAN,France,7278.0,3044263,POINT (5.114682 43.506801),True
55860,2.5345,42.89329,2019,1.0,,MEDITERRANEAN,France,10460.0,3044744,POINT (2.5345 42.89329),True
55872,6.423433,43.269362,2020,6.0,16.0,MEDITERRANEAN,France,1195.0,3048528,POINT (6.423433 43.269362),True
55889,5.99135,43.1044,2019,10.0,80.0,MEDITERRANEAN,France,5907.0,3049526,POINT (5.99135 43.1044),True
55906,3.037917,42.729694,2019,10.0,-inf,MEDITERRANEAN,France,1531.0,3050529,POINT (3.037917 42.729694),True
55913,7.37412,43.7377,2019,10.0,100.0,MEDITERRANEAN,France,1254.0,3051192,POINT (7.37412 43.7377),True
55933,6.02747,43.1155,2020,10.0,100.0,MEDITERRANEAN,France,8908.0,3051759,POINT (6.02747 43.1155),True
55945,6.724083,43.480589,2021,6.0,5.0,MEDITERRANEAN,France,2643.0,3053146,POINT (6.724083 43.480589),True
55951,5.218871,43.331568,2017,0.0,30.0,MEDITERRANEAN,France,10073.0,3053161,POINT (5.218871 43.331568),True
55976,6.50035,43.1655,2020,10.0,50.0,MEDITERRANEAN,France,2539.0,3053375,POINT (6.50035 43.1655),True
55994,6.4942,43.1604,2020,10.0,50.0,MEDITERRANEAN,France,1160.0,3054063,POINT (6.4942 43.1604),True
56004,3.971374,44.003439,2021,4.0,250.0,MEDITERRANEAN,France,1276.0,3054224,POINT (3.971374 44.003439),True
56020,1.885394,42.512194,2018,0.0,25.0,ALPINE,France,1872.0,3055585,POINT (1.885394 42.512194),True
56036,5.277767,43.53502,2017,0.0,20.0,MEDITERRANEAN,France,10803.0,3057060,POINT (5.277767 43.53502),True
56051,5.08752,44.1786,2020,10.0,40.0,MEDITERRANEAN,France,1236.0,3058854,POINT (5.08752 44.1786),True
56071,3.91286,44.15829,2017,1.0,,MEDITERRANEAN,France,10247.0,3061067,POINT (3.91286 44.15829),True
56077,6.788859,43.700173,2021,5.0,-inf,MEDITERRANEAN,France,10909.0,3062385,POINT (6.788859 43.700173),True
56088,4.02432,43.70702,2017,1.0,,MEDITERRANEAN,France,9936.0,3063039,POINT (4.02432 43.70702),True
56122,5.46561,43.9117,2020,10.0,10.0,MEDITERRANEAN,France,6374.0,3063496,POINT (5.46561 43.9117),True
56141,5.549466,43.530695,2017,0.0,100.0,MEDITERRANEAN,France,3993.0,3063521,POINT (5.549466 43.530695),True
56149,3.288698,43.370073,2021,5.0,200.0,MEDITERRANEAN,France,11157.0,3063631,POINT (3.288698 43.370073),True
56175,5.115373,44.134094,2021,5.0,15.0,MEDITERRANEAN,France,11195.0,3063641,POINT (5.115373 44.134094),True
56184,5.43716,43.2441,2017,1.0,,MEDITERRANEAN,France,9572.0,3064533,POINT (5.43716 43.2441),True
56204,7.36137,43.97436,2019,10.0,-inf,ALPINE,France,7862.0,3065603,POINT (7.36137 43.97436),True
56241,6.122413,43.035188,2017,0.0,3.0,MEDITERRANEAN,France,3255.0,3067223,POINT (6.122413 43.035188),True
56255,4.96172,44.2595,2020,10.0,50.0,MEDITERRANEAN,France,5220.0,3068017,POINT (4.96172 44.2595),True
56273,7.083306,43.629252,2018,10.0,-inf,MEDITERRANEAN,France,1497.0,3068383,POINT (7.083306 43.629252),True
56317,5.596365,43.166632,2017,0.0,20.0,MEDITERRANEAN,France,2765.0,3068754,POINT (5.596365 43.166632),True
56336,5.18189,43.7383,2019,10.0,200.0,MEDITERRANEAN,France,9994.0,3069412,POINT (5.18189 43.7383),True
56366,5.514323,43.40708,2017,0.0,200.0,MEDITERRANEAN,France,6487.0,3069674,POINT (5.514323 43.40708),True
56377,3.827944,43.469391,2020,3.0,25.0,MEDITERRANEAN,France,10281.0,3071377,POINT (3.827944 43.469391),True
56384,2.723119,43.5227,2020,4.0,400.0,CONTINENTAL,France,7942.0,3074059,POINT (2.723119 43.5227),True
56399,3.875796,43.501294,2020,3.0,16.0,MEDITERRANEAN,France,669.0,3074558,POINT (3.875796 43.501294),True
56402,3.128889,42.49958,2018,0.0,18.0,MEDITERRANEAN,France,1531.0,3075289,POINT (3.128889 42.49958),True
56407,4.84227,43.493951,2017,0.0,15.0,MEDITERRANEAN,France,9231.0,3076188,POINT (4.84227 43.493951),True
56423,3.845635,44.198233,2017,0.0,-inf,MEDITERRANEAN,France,6235.0,3076656,POINT (3.845635 44.198233),True
56438,3.348035,43.276302,2017,0.0,16.0,MEDITERRANEAN,France,10910.0,3077232,POINT (3.348035 43.276302),True
56456,2.977498,43.356567,2021,5.0,250.0,MEDITERRANEAN,France,6874.0,3077962,POINT (2.977498 43.356567),True
56477,2.136722,42.487,2021,10.0,4.0,ALPINE,Spain,2078.0,3078430,POINT (2.136722 42.487),True
56490,5.38089,43.21066,2018,0.0,25.0,MEDITERRANEAN,France,7770.0,3078957,POINT (5.38089 43.21066),True
56501,2.43689,42.96529,2017,1.0,,MEDITERRANEAN,France,9261.0,3079589,POINT (2.43689 42.96529),True
56530,6.741604,43.482842,2021,6.0,5.0,MEDITERRANEAN,France,7644.0,3080041,POINT (6.741604 43.482842),True
56543,3.044139,42.586917,2019,10.0,10.0,MEDITERRANEAN,France,5876.0,3080924,POINT (3.044139 42.586917),True
56554,2.63593,43.61188,2018,1.0,,CONTINENTAL,France,2386.0,3080980,POINT (2.63593 43.61188),True
56567,7.232032,43.784408,2018,10.0,200.0,MEDITERRANEAN,France,8549.0,3081141,POINT (7.232032 43.784408),True
56605,3.239783,44.408541,2021,5.0,100.0,CONTINENTAL,France,3177.0,3082683,POINT (3.239783 44.408541),True
56638,3.516254,43.330369,2017,10.0,-inf,MEDITERRANEAN,France,7955.0,3083737,POINT (3.516254 43.330369),True
56640,6.49797,43.1588,2020,10.0,50.0,MEDITERRANEAN,France,4404.0,3084748,POINT (6.49797 43.1588),True
56655,3.769054,44.084033,2017,0.0,-inf,MEDITERRANEAN,France,10600.0,3086953,POINT (3.769054 44.084033),True
56665,2.74448,42.988696,2021,5.0,4.0,MEDITERRANEAN,France,6267.0,3088506,POINT (2.74448 42.988696),True
56667,3.092275,43.123931,2021,5.0,100.0,MEDITERRANEAN,France,2634.0,3089684,POINT (3.092275 43.123931),True
56682,5.58563,43.169617,2018,10.0,100.0,MEDITERRANEAN,France,4431.0,3091679,POINT (5.58563 43.169617),True
56703,3.97632,43.76171,2019,1.0,,MEDITERRANEAN,France,1910.0,3092195,POINT (3.97632 43.76171),True
56716,6.456861,43.270544,2021,5.0,50.0,MEDITERRANEAN,France,2756.0,3092472,POINT (6.456861 43.270544),True
56733,6.188377,43.338565,2021,5.0,200.0,MEDITERRANEAN,France,305.0,3092697,POINT (6.188377 43.338565),True
56737,6.757077,43.509132,2021,5.0,12.0,MEDITERRANEAN,France,8149.0,3092704,POINT (6.757077 43.509132),True
56753,2.169,42.55207,2017,1.0,,ALPINE,France,3722.0,3092743,POINT (2.169 42.55207),True
56776,3.203879,43.189847,2019,10.0,-inf,MEDITERRANEAN,France,8283.0,3093059,POINT (3.203879 43.189847),True
56784,7.203164,44.055587,2019,10.0,-inf,MEDITERRANEAN,France,544.0,3095357,POINT (7.203164 44.055587),True
56815,4.87686,43.463175,2021,5.0,2.0,MEDITERRANEAN,France,9922.0,3095907,POINT (4.87686 43.463175),True
56819,2.48628,43.1449,2019,1.0,,MEDITERRANEAN,France,3935.0,3095991,POINT (2.48628 43.1449),True
56838,6.50254,43.1593,2020,10.0,-inf,MEDITERRANEAN,France,9194.0,3098770,POINT (6.50254 43.1593),True
56846,3.729874,43.831618,2021,5.0,250.0,MEDITERRANEAN,France,3937.0,3099959,POINT (3.729874 43.831618),True
56860,5.605466,43.160707,2019,0.0,100.0,MEDITERRANEAN,France,10073.0,3101461,POINT (5.605466 43.160707),True
56872,2.7098,43.55773,2017,1.0,,CONTINENTAL,France,963.0,3101606,POINT (2.7098 43.55773),True
56884,5.714929,43.548241,2017,10.0,25.0,MEDITERRANEAN,France,2753.0,3103571,POINT (5.714929 43.548241),True
56915,7.367124,43.930437,2021,6.0,-inf,MEDITERRANEAN,France,6235.0,3107775,POINT (7.367124 43.930437),True
56939,4.38796,44.16839,2019,1.0,,MEDITERRANEAN,France,9873.0,3107820,POINT (4.38796 44.16839),True
56954,7.23027,43.781782,2018,0.0,100.0,MEDITERRANEAN,France,9766.0,3110272,POINT (7.23027 43.781782),True
56999,7.116319,43.818685,2020,10.0,5.0,MEDITERRANEAN,France,2539.0,3111022,POINT (7.116319 43.818685),True
57011,3.90986,44.05042,2019,1.0,,MEDITERRANEAN,France,5412.0,3111673,POINT (3.90986 44.05042),True
57026,3.591837,43.916181,2021,4.0,250.0,MEDITERRANEAN,France,6226.0,3111766,POINT (3.591837 43.916181),True
57037,2.09273,43.36038,2019,1.0,,CONTINENTAL,France,10728.0,3111817,POINT (2.09273 43.36038),True
57061,3.019291,42.795643,2018,10.0,16.0,MEDITERRANEAN,France,1894.0,3111981,POINT (3.019291 42.795643),True
57075,6.590626,43.492079,2017,10.0,30.0,MEDITERRANEAN,France,473.0,3112775,POINT (6.590626 43.492079),True
57084,1.966667,42.816667,2017,10.0,50.0,ALPINE,France,1276.0,3112843,POINT (1.966667 42.816667),True
57137,7.07061,43.7596,2019,10.0,-inf,MEDITERRANEAN,France,82.0,3113445,POINT (7.07061 43.7596),True
57169,5.353063,43.211019,2017,0.0,100.0,MEDITERRANEAN,France,10073.0,3114943,POINT (5.353063 43.211019),True
57194,3.129616,43.149444,2021,5.0,100.0,MEDITERRANEAN,France,2634.0,3116233,POINT (3.129616 43.149444),True
57210,7.135048,43.737734,2021,1.0,16.0,MEDITERRANEAN,France,9581.0,3116277,POINT (7.135048 43.737734),True
57241,5.176585,43.402057,2017,0.0,50.0,MEDITERRANEAN,France,3262.0,3116345,POINT (5.176585 43.402057),True
57268,2.994097,43.630411,2020,6.0,400.0,CONTINENTAL,France,10600.0,3116723,POINT (2.994097 43.630411),True
57278,3.016555,42.831791,2018,10.0,16.0,MEDITERRANEAN,France,5907.0,3117274,POINT (3.016555 42.831791),True
57290,6.34677,43.23199,2018,1.0,,MEDITERRANEAN,France,2474.0,3117791,POINT (6.34677 43.23199),True
57304,5.597493,43.165741,2018,0.0,100.0,MEDITERRANEAN,France,9572.0,3118505,POINT (5.597493 43.165741),True
57340,4.499337,44.230452,2021,4.0,250.0,MEDITERRANEAN,France,4530.0,3120395,POINT (4.499337 44.230452),True
57358,5.46478,43.9114,2020,10.0,200.0,MEDITERRANEAN,France,2386.0,3121161,POINT (5.46478 43.9114),True
57379,6.551076,43.191298,2019,10.0,50.0,MEDITERRANEAN,France,3958.0,3122071,POINT (6.551076 43.191298),True
57402,3.513733,43.324084,2017,10.0,-inf,MEDITERRANEAN,France,7955.0,3122213,POINT (3.513733 43.324084),True
57404,6.015493,43.120621,2018,0.0,30.0,MEDITERRANEAN,France,4368.0,3122315,POINT (6.015493 43.120621),True
57428,3.51025,44.01949,2017,1.0,,MEDITERRANEAN,France,10145.0,3124256,POINT (3.51025 44.01949),True
57438,7.112051,43.818189,2020,4.0,1.0,MEDITERRANEAN,France,5451.0,3125850,POINT (7.112051 43.818189),True
57460,5.490242,43.278543,2018,10.0,200.0,MEDITERRANEAN,France,4530.0,3127512,POINT (5.490242 43.278543),True
57476,6.39043,43.266406,2021,5.0,16.0,MEDITERRANEAN,France,2233.0,3128526,POINT (6.39043 43.266406),True
57487,6.53562,43.45874,2019,1.0,,MEDITERRANEAN,France,11157.0,3128616,POINT (6.53562 43.45874),True
57501,4.040998,43.557082,2021,5.0,16.0,MEDITERRANEAN,France,9877.0,3128685,POINT (4.040998 43.557082),True
57505,5.96531,43.42546,2017,1.0,,MEDITERRANEAN,France,6039.0,3129832,POINT (5.96531 43.42546),True
57519,2.362944,43.357028,2019,10.0,-inf,MEDITERRANEAN,France,661.0,3130457,POINT (2.362944 43.357028),True
57527,5.58953,43.1685,2021,10.0,200.0,MEDITERRANEAN,France,6652.0,3130727,POINT (5.58953 43.1685),True
57545,5.651529,43.632003,2017,10.0,12.0,MEDITERRANEAN,France,5882.0,3130905,POINT (5.651529 43.632003),True
57564,3.051579,42.892176,2021,5.0,25.0,MEDITERRANEAN,France,1195.0,3132310,POINT (3.051579 42.892176),True
57579,6.044488,43.085566,2019,0.0,20.0,MEDITERRANEAN,France,4477.0,3132877,POINT (6.044488 43.085566),True
57595,5.36857,43.208439,2019,10.0,100.0,MEDITERRANEAN,France,4431.0,3133786,POINT (5.36857 43.208439),True
57611,3.289538,44.074321,2021,5.0,250.0,MEDITERRANEAN,France,10073.0,3133882,POINT (3.289538 44.074321),True
57631,1.729671,42.521918,2021,6.0,25.0,ALPINE,Andorra,7883.0,3135256,POINT (1.729671 42.521918),True
57641,3.93631,44.10399,2019,1.0,,MEDITERRANEAN,France,9873.0,3135675,POINT (3.93631 44.10399),True
57661,1.977861,42.864972,2017,10.0,30.0,ALPINE,France,8422.0,3136514,POINT (1.977861 42.864972),True
57678,3.03549,42.768835,2018,10.0,16.0,MEDITERRANEAN,France,10364.0,3137889,POINT (3.03549 42.768835),True
57698,3.033984,42.667364,2020,10.0,40.0,MEDITERRANEAN,France,4773.0,3138063,POINT (3.033984 42.667364),True
57703,2.16837,42.76759,2018,1.0,,MEDITERRANEAN,France,9647.0,3138149,POINT (2.16837 42.76759),True
57718,2.19226,42.96524,2017,1.0,,MEDITERRANEAN,France,10715.0,3140955,POINT (2.19226 42.96524),True
57752,2.60796,42.92906,2018,1.0,,MEDITERRANEAN,France,5474.0,3141278,POINT (2.60796 42.92906),True
57778,3.031082,42.743003,2018,10.0,16.0,MEDITERRANEAN,France,10021.0,3144363,POINT (3.031082 42.743003),True
57782,4.74519,44.2036,2020,10.0,15.0,MEDITERRANEAN,France,7854.0,3145350,POINT (4.74519 44.2036),True
57807,4.83797,44.2044,2019,10.0,150.0,MEDITERRANEAN,France,6874.0,3147581,POINT (4.83797 44.2044),True
57841,3.740497,43.92281,2018,0.0,10.0,MEDITERRANEAN,France,4265.0,3147862,POINT (3.740497 43.92281),True
57842,6.213166,43.765879,2017,10.0,100.0,MEDITERRANEAN,France,2608.0,3147974,POINT (6.213166 43.765879),True
57856,7.141809,43.703665,2021,5.0,16.0,MEDITERRANEAN,France,5924.0,3148871,POINT (7.141809 43.703665),True
57870,7.056415,43.78589,2020,4.0,4.0,MEDITERRANEAN,France,4675.0,3149673,POINT (7.056415 43.78589),True
57893,2.868579,43.047244,2021,5.0,50.0,MEDITERRANEAN,France,9388.0,3150286,POINT (2.868579 43.047244),True
57928,2.73963,43.52908,2020,4.0,400.0,MEDITERRANEAN,France,3958.0,3151110,POINT (2.73963 43.52908),True
57944,7.243447,43.698571,2021,5.0,-inf,MEDITERRANEAN,France,982.0,3151942,POINT (7.243447 43.698571),True
57981,1.729607,42.521708,2021,5.0,16.0,ALPINE,Andorra,4207.0,3152205,POINT (1.729607 42.521708),True
57999,7.08275,43.840861,2021,5.0,2.0,MEDITERRANEAN,France,4142.0,3152422,POINT (7.08275 43.840861),True
58017,3.211923,43.5384,2020,12.0,4.0,MEDITERRANEAN,France,10305.0,3153893,POINT (3.211923 43.5384),True
58019,6.551083,43.191613,2019,10.0,-inf,MEDITERRANEAN,France,9595.0,3155510,POINT (6.551083 43.191613),True
58031,4.03149,43.558778,2021,5.0,200.0,MEDITERRANEAN,France,3669.0,3155544,POINT (4.03149 43.558778),True
58043,4.007808,43.863079,2021,5.0,250.0,MEDITERRANEAN,France,5412.0,3155873,POINT (4.007808 43.863079),True
58053,6.53336,43.76485,2019,1.0,,MEDITERRANEAN,France,7706.0,3155985,POINT (6.53336 43.76485),True
58063,5.18159,43.7384,2019,10.0,100.0,MEDITERRANEAN,France,5412.0,3156020,POINT (5.18159 43.7384),True
58074,6.671409,43.313267,2018,10.0,50.0,MEDITERRANEAN,France,3438.0,3158746,POINT (6.671409 43.313267),True
58099,5.498337,43.227975,2017,0.0,100.0,MEDITERRANEAN,France,8784.0,3159006,POINT (5.498337 43.227975),True
58106,3.01939,42.797136,2018,10.0,16.0,MEDITERRANEAN,France,6491.0,3159080,POINT (3.01939 42.797136),True
58110,5.09395,44.1854,2021,10.0,5.0,MEDITERRANEAN,France,2940.0,3160342,POINT (5.09395 44.1854),True
58124,5.3827,44.07319,2017,1.0,,MEDITERRANEAN,France,1276.0,3163503,POINT (5.3827 44.07319),True
58140,5.690736,43.694098,2018,10.0,16.0,MEDITERRANEAN,France,10347.0,3164503,POINT (5.690736 43.694098),True
58148,2.38834,43.39659,2017,1.0,,CONTINENTAL,France,5969.0,3166260,POINT (2.38834 43.39659),True
58158,2.62968,42.39019,2019,1.0,,MEDITERRANEAN,Spain,713.0,3167148,POINT (2.62968 42.39019),True
58191,7.121587,43.649398,2020,3.0,-inf,MEDITERRANEAN,France,11146.0,3167969,POINT (7.121587 43.649398),True
58217,3.051828,42.889214,2018,10.0,16.0,MEDITERRANEAN,France,245.0,3168313,POINT (3.051828 42.889214),True
58225,4.030131,43.85351,2021,4.0,250.0,MEDITERRANEAN,France,5474.0,3168393,POINT (4.030131 43.85351),True
58239,3.86194,44.12304,2019,1.0,,MEDITERRANEAN,France,6235.0,3168783,POINT (3.86194 44.12304),True
58253,6.034471,43.085399,2019,10.0,-inf,MEDITERRANEAN,France,7805.0,3168786,POINT (6.034471 43.085399),True
58274,2.714342,42.978661,2020,4.0,50.0,MEDITERRANEAN,France,6492.0,3170533,POINT (2.714342 42.978661),True
58291,6.52779,43.1982,2020,10.0,-inf,MEDITERRANEAN,France,1176.0,3170673,POINT (6.52779 43.1982),True
58313,5.596029,43.476056,2018,0.0,40.0,MEDITERRANEAN,France,10803.0,3171980,POINT (5.596029 43.476056),True
58328,3.895747,43.539407,2021,5.0,50.0,MEDITERRANEAN,France,8489.0,3172112,POINT (3.895747 43.539407),True
58331,3.217763,43.46296,2021,5.0,200.0,MEDITERRANEAN,France,9702.0,3172381,POINT (3.217763 43.46296),True
58366,5.908874,43.277246,2020,4.0,4.0,MEDITERRANEAN,France,9261.0,3175827,POINT (5.908874 43.277246),True
58378,5.1743,43.89889,2019,1.0,,MEDITERRANEAN,France,9458.0,3177227,POINT (5.1743 43.89889),True
58396,1.95076,42.49763,2019,1.0,,ALPINE,Spain,4342.0,3177544,POINT (1.95076 42.49763),True
58463,3.705307,43.777548,2018,0.0,20.0,MEDITERRANEAN,France,9243.0,3177590,POINT (3.705307 43.777548),True
58465,2.812735,42.993862,2021,4.0,16.0,MEDITERRANEAN,France,5829.0,3177923,POINT (2.812735 42.993862),True
58491,3.099385,43.133746,2021,4.0,100.0,MEDITERRANEAN,France,5016.0,3178914,POINT (3.099385 43.133746),True
58514,3.32676,43.261701,2020,10.0,50.0,MEDITERRANEAN,France,2926.0,3181432,POINT (3.32676 43.261701),True
58527,2.782903,43.547771,2020,4.0,400.0,MEDITERRANEAN,France,8208.0,3181853,POINT (2.782903 43.547771),True
58531,2.327611,43.213972,2021,10.0,9.0,MEDITERRANEAN,France,10051.0,3181873,POINT (2.327611 43.213972),True
58535,3.015691,42.799222,2018,10.0,16.0,MEDITERRANEAN,France,4229.0,3182181,POINT (3.015691 42.799222),True
58541,7.145574,43.682841,2021,5.0,200.0,MEDITERRANEAN,France,2474.0,3182901,POINT (7.145574 43.682841),True
58565,5.351605,43.231703,2018,0.0,5.0,MEDITERRANEAN,France,4299.0,3183075,POINT (5.351605 43.231703),True
58585,5.24425,43.80708,2017,1.0,,MEDITERRANEAN,France,476.0,3185551,POINT (5.24425 43.80708),True
58610,3.044422,42.584571,2020,10.0,40.0,MEDITERRANEAN,France,2173.0,3187080,POINT (3.044422 42.584571),True
58622,3.779466,43.461949,2021,5.0,20.0,MEDITERRANEAN,France,857.0,3187597,POINT (3.779466 43.461949),True
58625,6.899204,43.510916,2018,0.0,30.0,MEDITERRANEAN,France,2109.0,3187932,POINT (6.899204 43.510916),True
58643,5.29667,43.85964,2018,1.0,,MEDITERRANEAN,France,8818.0,3188921,POINT (5.29667 43.85964),True
58651,3.075835,42.533287,2018,0.0,16.0,MEDITERRANEAN,France,5799.0,3189637,POINT (3.075835 42.533287),True
58652,3.769587,43.459208,2020,3.0,25.0,MEDITERRANEAN,France,8027.0,3190019,POINT (3.769587 43.459208),True
58654,3.816271,43.801866,2021,5.0,250.0,MEDITERRANEAN,France,6684.0,3190210,POINT (3.816271 43.801866),True
58677,3.15132,43.261626,2019,10.0,-inf,MEDITERRANEAN,France,3465.0,3190326,POINT (3.15132 43.261626),True
58683,7.100342,43.673138,2021,5.0,3.0,MEDITERRANEAN,France,6067.0,3191161,POINT (7.100342 43.673138),True
58714,3.54396,44.43279,2017,1.0,,CONTINENTAL,France,8472.0,3191711,POINT (3.54396 44.43279),True
58741,1.967111,42.778306,2017,10.0,10.0,ALPINE,France,10255.0,3192195,POINT (1.967111 42.778306),True
58761,3.051278,42.894583,2017,10.0,100.0,MEDITERRANEAN,France,7968.0,3193679,POINT (3.051278 42.894583),True
58799,3.038261,42.770578,2018,10.0,16.0,MEDITERRANEAN,France,11222.0,3194737,POINT (3.038261 42.770578),True
58802,3.601699,43.783326,2018,0.0,20.0,MEDITERRANEAN,France,7305.0,3195069,POINT (3.601699 43.783326),True
58803,3.348891,43.275318,2017,10.0,16.0,MEDITERRANEAN,France,2539.0,3196175,POINT (3.348891 43.275318),True
58828,6.713306,43.34984,2018,10.0,30.0,MEDITERRANEAN,France,1519.0,3197698,POINT (6.713306 43.34984),True
58839,6.02089,43.1207,2020,10.0,200.0,MEDITERRANEAN,France,11140.0,3203359,POINT (6.02089 43.1207),True
58854,6.50393,43.1865,2020,10.0,40.0,MEDITERRANEAN,France,1160.0,3203623,POINT (6.50393 43.1865),True
58878,3.051265,42.888261,2018,10.0,16.0,MEDITERRANEAN,France,5876.0,3203740,POINT (3.051265 42.888261),True
58887,6.34228,43.2202,2021,10.0,2.0,MEDITERRANEAN,France,7193.0,3203764,POINT (6.34228 43.2202),True
58901,5.48237,43.62052,2017,1.0,,MEDITERRANEAN,France,11045.0,3205094,POINT (5.48237 43.62052),True
58921,3.814144,43.633025,2020,11.0,4.0,MEDITERRANEAN,France,2761.0,3207583,POINT (3.814144 43.633025),True
58922,4.676512,43.494148,2018,0.0,100.0,MEDITERRANEAN,France,2809.0,3207723,POINT (4.676512 43.494148),True
58929,2.943312,43.047216,2021,5.0,50.0,MEDITERRANEAN,France,6039.0,3208578,POINT (2.943312 43.047216),True
58945,3.87641,43.537935,2021,4.0,16.0,MEDITERRANEAN,France,10073.0,3208746,POINT (3.87641 43.537935),True
58961,3.020458,42.849478,2018,10.0,16.0,MEDITERRANEAN,France,3125.0,3209240,POINT (3.020458 42.849478),True
58965,5.122955,44.137122,2021,5.0,25.0,MEDITERRANEAN,France,6874.0,3210589,POINT (5.122955 44.137122),True
58978,3.134679,43.127078,2020,10.0,50.0,MEDITERRANEAN,France,4659.0,3211895,POINT (3.134679 43.127078),True
58991,5.578316,43.243492,2017,0.0,3.0,MEDITERRANEAN,France,2643.0,3212286,POINT (5.578316 43.243492),True
58999,3.51174,44.09141,2019,1.0,,MEDITERRANEAN,France,963.0,3212657,POINT (3.51174 44.09141),True
59001,7.120747,43.824314,2020,10.0,-inf,MEDITERRANEAN,France,6048.0,3213307,POINT (7.120747 43.824314),True
59019,6.72016,43.4469,2020,10.0,200.0,MEDITERRANEAN,France,3747.0,3214340,POINT (6.72016 43.4469),True
59037,6.49962,43.1633,2020,10.0,-inf,MEDITERRANEAN,France,3722.0,3214580,POINT (6.49962 43.1633),True
59059,3.232715,43.639673,2021,5.0,250.0,MEDITERRANEAN,France,9873.0,3215385,POINT (3.232715 43.639673),True
59081,3.42368,44.70387,2017,1.0,,CONTINENTAL,France,661.0,3215774,POINT (3.42368 44.70387),True
59090,3.199298,43.629157,2021,5.0,250.0,MEDITERRANEAN,France,7862.0,3216522,POINT (3.199298 43.629157),True
59107,6.86245,43.84165,2017,1.0,,MEDITERRANEAN,France,2396.0,3216996,POINT (6.86245 43.84165),True
59126,5.85353,43.21329,2017,1.0,,MEDITERRANEAN,France,3251.0,3219095,POINT (5.85353 43.21329),True
59140,4.212716,43.463944,2020,10.0,40.0,MEDITERRANEAN,France,4659.0,3220920,POINT (4.212716 43.463944),True
59148,5.502364,43.227747,2017,0.0,4.0,MEDITERRANEAN,France,9870.0,3222199,POINT (5.502364 43.227747),True
59154,2.829488,43.027756,2021,5.0,50.0,MEDITERRANEAN,France,9458.0,3222376,POINT (2.829488 43.027756),True
59169,5.68066,43.20082,2017,1.0,,MEDITERRANEAN,France,51.0,3223342,POINT (5.68066 43.20082),True
59187,3.07718,43.05074,2020,10.0,50.0,MEDITERRANEAN,France,2173.0,3224029,POINT (3.07718 43.05074),True
59199,6.803699,43.699591,2021,5.0,-inf,MEDITERRANEAN,France,7805.0,3224506,POINT (6.803699 43.699591),True
59219,3.031972,42.659417,2019,10.0,-inf,MEDITERRANEAN,France,11240.0,3224604,POINT (3.031972 42.659417),True
59258,6.190325,43.339957,2021,5.0,20.0,MEDITERRANEAN,France,3958.0,3224695,POINT (6.190325 43.339957),True
59269,3.172847,43.234748,2021,5.0,100.0,MEDITERRANEAN,France,2421.0,3225543,POINT (3.172847 43.234748),True
59281,4.2956,43.6665,2017,1.0,,MEDITERRANEAN,France,1304.0,3226443,POINT (4.2956 43.6665),True
59307,1.993653,42.524202,2018,0.0,20.0,ALPINE,France,3037.0,3227307,POINT (1.993653 42.524202),True
59322,6.054266,43.090969,2019,10.0,100.0,MEDITERRANEAN,France,51.0,3228308,POINT (6.054266 43.090969),True
59342,7.50327,44.086,2020,10.0,-inf,ALPINE,France,10073.0,3228468,POINT (7.50327 44.086),True
59352,3.092227,43.13758,2021,5.0,100.0,MEDITERRANEAN,France,10520.0,3228900,POINT (3.092227 43.13758),True
59375,7.07501,43.7566,2019,10.0,5.0,MEDITERRANEAN,France,9936.0,3229184,POINT (7.07501 43.7566),True
59410,6.34156,43.2397,2021,10.0,7.0,MEDITERRANEAN,France,887.0,3232795,POINT (6.34156 43.2397),True
59428,4.043429,43.557286,2021,6.0,16.0,MEDITERRANEAN,France,9877.0,3234174,POINT (4.043429 43.557286),True
59434,5.120219,43.510068,2017,0.0,6.0,MEDITERRANEAN,France,129.0,3234466,POINT (5.120219 43.510068),True
59457,2.878775,43.048678,2021,4.0,4.0,MEDITERRANEAN,France,4325.0,3235349,POINT (2.878775 43.048678),True
59460,3.90489,43.87065,2019,1.0,,MEDITERRANEAN,France,10520.0,3236243,POINT (3.90489 43.87065),True
59481,3.680898,43.39326,2019,10.0,16.0,MEDITERRANEAN,France,8489.0,3236816,POINT (3.680898 43.39326),True
59491,5.671282,43.319376,2017,10.0,100.0,MEDITERRANEAN,France,10998.0,3237290,POINT (5.671282 43.319376),True
59517,3.714716,44.135121,2017,0.0,-inf,MEDITERRANEAN,France,10600.0,3238256,POINT (3.714716 44.135121),True
59531,3.050267,42.89417,2018,10.0,16.0,MEDITERRANEAN,France,7315.0,3238966,POINT (3.050267 42.89417),True
59539,2.46154,43.0551,2018,1.0,,MEDITERRANEAN,France,2386.0,3240801,POINT (2.46154 43.0551),True
59563,2.696867,43.554286,2021,4.0,250.0,CONTINENTAL,France,5071.0,3241712,POINT (2.696867 43.554286),True
59575,3.40255,44.91996,2017,1.0,,CONTINENTAL,France,8428.0,3242664,POINT (3.40255 44.91996),True
59591,3.03088,42.752876,2018,10.0,16.0,MEDITERRANEAN,France,1062.0,3244036,POINT (3.03088 42.752876),True
59597,7.358377,43.913433,2021,0.0,-inf,MEDITERRANEAN,France,2002.0,3244869,POINT (7.358377 43.913433),True
59623,3.751926,44.190148,2017,0.0,-inf,MEDITERRANEAN,France,981.0,3246731,POINT (3.751926 44.190148),True
59638,5.369841,43.208222,2019,10.0,100.0,MEDITERRANEAN,France,9513.0,3247740,POINT (5.369841 43.208222),True
59650,6.899884,43.442252,2021,10.0,20.0,MEDITERRANEAN,France,1933.0,3249499,POINT (6.899884 43.442252),True
59657,5.671795,43.69371,2018,0.0,100.0,MEDITERRANEAN,France,10347.0,3249892,POINT (5.671795 43.69371),True
59678,3.514917,43.31868,2017,10.0,-inf,MEDITERRANEAN,France,7955.0,3250583,POINT (3.514917 43.31868),True
59679,5.353292,43.211212,2017,0.0,100.0,MEDITERRANEAN,France,5721.0,3251399,POINT (5.353292 43.211212),True
59692,2.63575,43.57593,2017,1.0,,CONTINENTAL,France,8512.0,3253559,POINT (2.63575 43.57593),True
59709,5.53182,43.61907,2019,1.0,,MEDITERRANEAN,France,6874.0,3254146,POINT (5.53182 43.61907),True
59724,3.213283,43.195964,2020,10.0,50.0,MEDITERRANEAN,France,1300.0,3254721,POINT (3.213283 43.195964),True
59737,6.575495,43.195732,2019,10.0,200.0,MEDITERRANEAN,France,5130.0,3256076,POINT (6.575495 43.195732),True
59758,3.63441,44.0001,2019,1.0,,MEDITERRANEAN,France,2386.0,3256828,POINT (3.63441 44.0001),True
59770,2.654,42.40808,2018,1.0,,MEDITERRANEAN,Spain,3581.0,3257849,POINT (2.654 42.40808),True
59795,6.45998,43.1647,2020,10.0,200.0,MEDITERRANEAN,France,1160.0,3258181,POINT (6.45998 43.1647),True
59802,3.513781,43.329481,2017,10.0,-inf,MEDITERRANEAN,France,7955.0,3258870,POINT (3.513781 43.329481),True
59803,3.038064,42.768132,2018,10.0,16.0,MEDITERRANEAN,France,5799.0,3258902,POINT (3.038064 42.768132),True
59813,3.523582,43.323137,2017,10.0,-inf,MEDITERRANEAN,France,7955.0,3259033,POINT (3.523582 43.323137),True
59814,3.241413,44.407599,2021,5.0,250.0,CONTINENTAL,France,2474.0,3259333,POINT (3.241413 44.407599),True
59840,3.350529,43.27328,2017,10.0,16.0,MEDITERRANEAN,France,1300.0,3259393,POINT (3.350529 43.27328),True
59850,4.335153,44.16122,2021,5.0,250.0,MEDITERRANEAN,France,2747.0,3262455,POINT (4.335153 44.16122),True
59862,3.825154,44.180234,2017,0.0,-inf,MEDITERRANEAN,France,3669.0,3262509,POINT (3.825154 44.180234),True
59874,4.854744,43.665629,2018,0.0,-inf,MEDITERRANEAN,France,1214.0,3264282,POINT (4.854744 43.665629),True
59884,5.45666,43.60328,2018,1.0,,MEDITERRANEAN,France,3251.0,3264661,POINT (5.45666 43.60328),True
59905,6.50844,43.1563,2020,10.0,100.0,MEDITERRANEAN,France,4087.0,3265629,POINT (6.50844 43.1563),True
59919,6.49958,43.1738,2020,10.0,-inf,MEDITERRANEAN,France,3278.0,3265781,POINT (6.49958 43.1738),True
59948,6.14878,43.0269,2021,10.0,80.0,MEDITERRANEAN,France,4029.0,3267099,POINT (6.14878 43.0269),True
59959,5.25563,43.488,2021,10.0,200.0,MEDITERRANEAN,France,7565.0,3267205,POINT (5.25563 43.488),True
59982,5.72736,43.7092,2020,10.0,100.0,MEDITERRANEAN,France,7536.0,3267762,POINT (5.72736 43.7092),True
59995,6.4942,43.1739,2020,10.0,100.0,MEDITERRANEAN,France,5618.0,3268700,POINT (6.4942 43.1739),True
60007,5.029407,43.336522,2017,0.0,2.0,MEDITERRANEAN,France,2719.0,3269039,POINT (5.029407 43.336522),True
60012,3.03767,42.74364,2019,10.0,30.0,MEDITERRANEAN,France,2173.0,3269286,POINT (3.03767 42.74364),True
60024,4.80301,43.9547,2021,10.0,10.0,MEDITERRANEAN,France,1910.0,3269329,POINT (4.80301 43.9547),True
60028,3.819896,44.200697,2017,0.0,-inf,MEDITERRANEAN,France,10082.0,3269711,POINT (3.819896 44.200697),True
60048,3.522334,43.321344,2017,10.0,-inf,MEDITERRANEAN,France,7955.0,3270570,POINT (3.522334 43.321344),True
60049,4.854248,43.664468,2018,0.0,-inf,MEDITERRANEAN,France,7576.0,3270720,POINT (4.854248 43.664468),True
60067,6.66559,43.54361,2019,1.0,,MEDITERRANEAN,France,146.0,3271722,POINT (6.66559 43.54361),True
60088,4.081117,43.576287,2020,3.0,16.0,MEDITERRANEAN,France,1121.0,3272620,POINT (4.081117 43.576287),True
60104,3.511285,43.325895,2017,10.0,-inf,MEDITERRANEAN,France,6279.0,3273321,POINT (3.511285 43.325895),True
60106,3.339271,43.668762,2021,5.0,250.0,MEDITERRANEAN,France,2643.0,3274216,POINT (3.339271 43.668762),True
60118,2.799981,43.55432,2020,12.0,400.0,MEDITERRANEAN,France,7817.0,3274234,POINT (2.799981 43.55432),True
60140,4.410035,43.529083,2018,10.0,100.0,MEDITERRANEAN,France,9135.0,3275426,POINT (4.410035 43.529083),True
60145,5.6634,43.32727,2017,1.0,,MEDITERRANEAN,France,6226.0,3276632,POINT (5.6634 43.32727),True
60175,7.366257,43.929299,2021,5.0,-inf,MEDITERRANEAN,France,8818.0,3276957,POINT (7.366257 43.929299),True
60208,7.131504,43.56572,2017,10.0,6.0,MEDITERRANEAN,France,11193.0,3277430,POINT (7.131504 43.56572),True
60220,4.64548,43.6977,2021,10.0,100.0,MEDITERRANEAN,France,4701.0,3278063,POINT (4.64548 43.6977),True
60237,6.09359,43.0382,2021,10.0,20.0,MEDITERRANEAN,France,8219.0,3278121,POINT (6.09359 43.0382),True
60250,3.513677,43.317787,2017,10.0,-inf,MEDITERRANEAN,France,6279.0,3278990,POINT (3.513677 43.317787),True
60252,4.80253,43.9544,2021,10.0,5.0,MEDITERRANEAN,France,8633.0,3279386,POINT (4.80253 43.9544),True
60258,5.23941,43.4487,2021,10.0,15.0,MEDITERRANEAN,France,9194.0,3280321,POINT (5.23941 43.4487),True
60284,7.187883,43.767542,2018,10.0,-inf,MEDITERRANEAN,France,10315.0,3280614,POINT (7.187883 43.767542),True
60326,3.110389,43.151633,2021,5.0,100.0,MEDITERRANEAN,France,6874.0,3281350,POINT (3.110389 43.151633),True
60340,3.015081,42.803359,2018,10.0,16.0,MEDITERRANEAN,France,9513.0,3281833,POINT (3.015081 42.803359),True
60349,6.046894,43.086722,2019,10.0,60.0,MEDITERRANEAN,France,3669.0,3283158,POINT (6.046894 43.086722),True
60366,5.185728,43.404564,2017,10.0,4.0,MEDITERRANEAN,France,1069.0,3284235,POINT (5.185728 43.404564),True
60376,5.359916,43.209222,2018,0.0,100.0,MEDITERRANEAN,France,8219.0,3284530,POINT (5.359916 43.209222),True
60381,2.24088,43.14496,2018,1.0,,MEDITERRANEAN,France,9190.0,3287463,POINT (2.24088 43.14496),True
60409,5.61521,43.24426,2017,0.0,3.0,MEDITERRANEAN,France,9158.0,3288637,POINT (5.61521 43.24426),True
60420,4.95869,44.056,2020,10.0,20.0,MEDITERRANEAN,France,3958.0,3292607,POINT (4.95869 44.056),True
60439,5.16496,43.7061,2021,10.0,1.0,MEDITERRANEAN,France,7493.0,3293496,POINT (5.16496 43.7061),True
60453,6.141053,43.030244,2018,0.0,-inf,MEDITERRANEAN,France,8785.0,3294509,POINT (6.141053 43.030244),True
60464,5.52011,43.85332,2017,1.0,,MEDITERRANEAN,France,4530.0,3295607,POINT (5.52011 43.85332),True
60491,3.037941,42.74729,2018,10.0,16.0,MEDITERRANEAN,France,10082.0,3296185,POINT (3.037941 42.74729),True
60502,7.05188,43.72552,2017,1.0,,MEDITERRANEAN,France,3581.0,3296302,POINT (7.05188 43.72552),True
60511,4.448531,44.24908,2019,10.0,100.0,MEDITERRANEAN,France,10113.0,3296331,POINT (4.448531 44.24908),True
60542,5.6959,43.6914,2019,10.0,-inf,MEDITERRANEAN,France,3327.0,3296514,POINT (5.6959 43.6914),True
60548,7.09836,43.68746,2018,1.0,,MEDITERRANEAN,France,8106.0,3297959,POINT (7.09836 43.68746),True
60565,2.143447,42.443164,2017,0.0,16.0,ALPINE,Spain,4712.0,3298120,POINT (2.143447 42.443164),True
60594,5.647347,43.5409,2017,0.0,200.0,MEDITERRANEAN,France,7706.0,3299162,POINT (5.647347 43.5409),True
60606,1.933333,42.816667,2018,10.0,40.0,ALPINE,France,1276.0,3300862,POINT (1.933333 42.816667),True
60621,6.125568,43.120661,2019,10.0,30.0,MEDITERRANEAN,France,3878.0,3301240,POINT (6.125568 43.120661),True
60631,5.595608,43.167857,2017,0.0,200.0,MEDITERRANEAN,France,4003.0,3303081,POINT (5.595608 43.167857),True
60652,7.21879,43.93428,2019,1.0,,MEDITERRANEAN,France,5335.0,3306508,POINT (7.21879 43.93428),True
60670,2.596815,42.68012,2018,0.0,-inf,MEDITERRANEAN,France,2476.0,3307195,POINT (2.596815 42.68012),True
60671,3.037635,42.746652,2018,10.0,16.0,MEDITERRANEAN,France,3466.0,3307397,POINT (3.037635 42.746652),True
60683,5.57429,43.2203,2021,10.0,200.0,MEDITERRANEAN,France,4143.0,3310072,POINT (5.57429 43.2203),True
60696,4.804518,43.953259,2021,10.0,10.0,MEDITERRANEAN,France,3623.0,3312219,POINT (4.804518 43.953259),True
60700,3.801788,43.833679,2021,5.0,250.0,MEDITERRANEAN,France,3935.0,3313641,POINT (3.801788 43.833679),True
60717,2.082306,42.841528,2017,10.0,-inf,MEDITERRANEAN,France,10073.0,3313657,POINT (2.082306 42.841528),True
60754,7.261863,43.909559,2018,0.0,150.0,MEDITERRANEAN,France,8991.0,3313797,POINT (7.261863 43.909559),True
60795,6.54851,43.1922,2020,10.0,-inf,MEDITERRANEAN,France,3845.0,3313936,POINT (6.54851 43.1922),True
60807,4.051939,43.560005,2020,4.0,25.0,MEDITERRANEAN,France,1195.0,3314585,POINT (4.051939 43.560005),True
60816,6.768816,43.554023,2020,4.0,-inf,MEDITERRANEAN,France,3865.0,3316783,POINT (6.768816 43.554023),True
60836,2.868603,43.04761,2021,5.0,50.0,MEDITERRANEAN,France,9388.0,3317463,POINT (2.868603 43.04761),True
60891,6.599985,43.201049,2019,10.0,50.0,MEDITERRANEAN,France,10909.0,3317888,POINT (6.599985 43.201049),True
60916,7.474747,44.082532,2021,0.0,5.0,ALPINE,France,5317.0,3320162,POINT (7.474747 44.082532),True
60928,2.212806,43.329056,2021,10.0,10.0,MEDITERRANEAN,France,3669.0,3321013,POINT (2.212806 43.329056),True
60938,6.39755,43.1445,2020,10.0,50.0,MEDITERRANEAN,France,8711.0,3323566,POINT (6.39755 43.1445),True
60948,3.002316,43.615901,2020,10.0,40.0,MEDITERRANEAN,France,981.0,3323611,POINT (3.002316 43.615901),True
60972,3.435888,43.741992,2019,0.0,50.0,MEDITERRANEAN,France,3993.0,3323958,POINT (3.435888 43.741992),True
60985,3.349243,43.272493,2017,0.0,16.0,MEDITERRANEAN,France,1176.0,3325831,POINT (3.349243 43.272493),True
60998,5.277381,43.535289,2017,0.0,16.0,MEDITERRANEAN,France,9575.0,3327161,POINT (5.277381 43.535289),True
61013,3.42089,44.55999,2018,1.0,,CONTINENTAL,France,6788.0,3327320,POINT (3.42089 44.55999),True
61031,4.857903,43.664,2018,0.0,-inf,MEDITERRANEAN,France,6491.0,3327549,POINT (4.857903 43.664),True
61038,3.172403,43.198437,2021,5.0,100.0,MEDITERRANEAN,France,9458.0,3327842,POINT (3.172403 43.198437),True
61053,5.607168,43.238749,2017,0.0,60.0,MEDITERRANEAN,France,876.0,3330070,POINT (5.607168 43.238749),True
61076,7.036003,43.791492,2020,4.0,16.0,MEDITERRANEAN,France,9816.0,3335514,POINT (7.036003 43.791492),True
61086,4.335123,43.469922,2017,0.0,100.0,MEDITERRANEAN,France,9572.0,3336324,POINT (4.335123 43.469922),True
61095,5.647939,43.541119,2017,0.0,100.0,MEDITERRANEAN,France,3043.0,3337608,POINT (5.647939 43.541119),True
61097,6.136509,43.032879,2018,10.0,80.0,MEDITERRANEAN,France,6039.0,3341369,POINT (6.136509 43.032879),True
61117,6.47807,43.16619,2020,10.0,-inf,MEDITERRANEAN,France,6808.0,3341408,POINT (6.47807 43.16619),True
61140,3.826419,44.162321,2017,0.0,-inf,MEDITERRANEAN,France,661.0,3343132,POINT (3.826419 44.162321),True
61148,5.536824,43.53019,2017,0.0,25.0,MEDITERRANEAN,France,3993.0,3345120,POINT (5.536824 43.53019),True
61162,3.853744,43.488581,2021,5.0,16.0,MEDITERRANEAN,France,4130.0,3345431,POINT (3.853744 43.488581),True
61169,3.24393,43.218751,2019,10.0,-inf,MEDITERRANEAN,France,9034.0,3345822,POINT (3.24393 43.218751),True
61176,5.3332,44.0313,2020,10.0,25.0,MEDITERRANEAN,France,5411.0,3346460,POINT (5.3332 44.0313),True
61197,3.910303,44.122834,2017,0.0,-inf,MEDITERRANEAN,France,4871.0,3346973,POINT (3.910303 44.122834),True
61216,4.018362,43.554418,2020,3.0,16.0,MEDITERRANEAN,France,8661.0,3347425,POINT (4.018362 43.554418),True
61217,3.00766,43.66415,2017,1.0,,MEDITERRANEAN,France,10073.0,3350415,POINT (3.00766 43.66415),True
61235,2.88299,43.57497,2017,1.0,,MEDITERRANEAN,France,5071.0,3352016,POINT (2.88299 43.57497),True
61257,3.039201,42.811287,2020,10.0,40.0,MEDITERRANEAN,France,9877.0,3352566,POINT (3.039201 42.811287),True
61266,3.033987,42.662167,2020,10.0,-inf,MEDITERRANEAN,France,2926.0,3353000,POINT (3.033987 42.662167),True
61272,1.95193,42.508481,2018,0.0,25.0,ALPINE,France,340.0,3354442,POINT (1.95193 42.508481),True
61296,3.349061,43.272925,2017,0.0,16.0,MEDITERRANEAN,France,5424.0,3354986,POINT (3.349061 43.272925),True
61312,7.122087,43.824477,2020,10.0,-inf,MEDITERRANEAN,France,4617.0,3356044,POINT (7.122087 43.824477),True
61331,6.11757,43.1003,2019,10.0,60.0,MEDITERRANEAN,France,812.0,3356336,POINT (6.11757 43.1003),True
61350,4.392032,43.562413,2017,0.0,-inf,MEDITERRANEAN,France,10895.0,3356343,POINT (4.392032 43.562413),True
61364,5.597556,43.235794,2017,0.0,250.0,MEDITERRANEAN,France,6874.0,3357958,POINT (5.597556 43.235794),True
61373,7.112334,43.818127,2020,4.0,-inf,MEDITERRANEAN,France,351.0,3358860,POINT (7.112334 43.818127),True
61394,3.667782,43.848473,2018,0.0,20.0,MEDITERRANEAN,France,340.0,3359174,POINT (3.667782 43.848473),True
61398,3.408544,43.861136,2021,5.0,250.0,MEDITERRANEAN,France,3345.0,3360015,POINT (3.408544 43.861136),True
61420,6.02027,43.1218,2019,10.0,100.0,MEDITERRANEAN,France,10686.0,3360607,POINT (6.02027 43.1218),True
61446,5.688236,43.344806,2017,0.0,30.0,MEDITERRANEAN,France,7288.0,3361074,POINT (5.688236 43.344806),True
61464,6.019469,43.115361,2018,0.0,40.0,MEDITERRANEAN,France,1314.0,3361490,POINT (6.019469 43.115361),True
61478,7.217534,43.824219,2021,8.0,-inf,MEDITERRANEAN,France,6925.0,3362732,POINT (7.217534 43.824219),True
61524,3.847011,43.484488,2020,10.0,50.0,MEDITERRANEAN,France,9877.0,3363618,POINT (3.847011 43.484488),True
61529,2.50916,42.58798,2017,1.0,,MEDITERRANEAN,France,6235.0,3363878,POINT (2.50916 42.58798),True
61551,6.857133,43.609616,2021,5.0,30.0,MEDITERRANEAN,France,3935.0,3364737,POINT (6.857133 43.609616),True
61583,5.73558,43.7154,2020,10.0,25.0,MEDITERRANEAN,France,8737.0,3365559,POINT (5.73558 43.7154),True
61598,3.633676,43.731726,2021,5.0,250.0,MEDITERRANEAN,France,982.0,3367016,POINT (3.633676 43.731726),True
61610,3.73759,44.1427,2017,1.0,,MEDITERRANEAN,France,2474.0,3367340,POINT (3.73759 44.1427),True
61620,7.11087,43.7351,2019,10.0,-inf,MEDITERRANEAN,France,9247.0,3369092,POINT (7.11087 43.7351),True
61656,6.02216,43.1206,2020,10.0,200.0,MEDITERRANEAN,France,11207.0,3369266,POINT (6.02216 43.1206),True
61674,7.38387,43.7378,2019,10.0,30.0,MEDITERRANEAN,France,9572.0,3371778,POINT (7.38387 43.7378),True
61705,3.040022,42.81678,2020,10.0,50.0,MEDITERRANEAN,France,5876.0,3371975,POINT (3.040022 42.81678),True
61717,3.84512,44.42906,2019,1.0,,CONTINENTAL,France,10145.0,3373533,POINT (3.84512 44.42906),True
61734,6.600772,43.199069,2019,10.0,-inf,MEDITERRANEAN,France,8921.0,3374148,POINT (6.600772 43.199069),True
61765,3.4279,43.62478,2018,1.0,,MEDITERRANEAN,France,4169.0,3374463,POINT (3.4279 43.62478),True
61788,6.8064,44.07809,2017,1.0,,MEDITERRANEAN,France,5412.0,3374673,POINT (6.8064 44.07809),True
61798,5.61422,43.5678,2021,10.0,200.0,MEDITERRANEAN,France,6039.0,3374813,POINT (5.61422 43.5678),True
61823,6.103128,43.030886,2017,10.0,50.0,MEDITERRANEAN,France,2932.0,3376571,POINT (6.103128 43.030886),True
61839,2.861331,43.642034,2020,4.0,276.0,CONTINENTAL,France,9892.0,3376766,POINT (2.861331 43.642034),True
61850,5.14791,44.1706,2020,10.0,20.0,MEDITERRANEAN,France,4530.0,3376828,POINT (5.14791 44.1706),True
61868,7.116858,43.829042,2020,4.0,3.0,MEDITERRANEAN,France,3977.0,3377136,POINT (7.116858 43.829042),True
61895,3.655028,44.189554,2017,0.0,-inf,MEDITERRANEAN,France,4498.0,3378290,POINT (3.655028 44.189554),True
61927,6.731432,43.58321,2020,4.0,200.0,MEDITERRANEAN,France,6039.0,3378563,POINT (6.731432 43.58321),True
61966,6.50063,43.19,2020,10.0,50.0,MEDITERRANEAN,France,1894.0,3378816,POINT (6.50063 43.19),True
61989,5.355475,43.21012,2017,0.0,100.0,MEDITERRANEAN,France,5721.0,3379190,POINT (5.355475 43.21012),True
62008,3.715165,44.175812,2017,0.0,-inf,MEDITERRANEAN,France,5071.0,3379352,POINT (3.715165 44.175812),True
62014,2.973277,43.643028,2020,6.0,394.0,CONTINENTAL,France,661.0,3380076,POINT (2.973277 43.643028),True
62029,6.922016,43.459837,2018,10.0,15.0,MEDITERRANEAN,France,7548.0,3381855,POINT (6.922016 43.459837),True
62037,3.78636,43.875714,2021,5.0,250.0,MEDITERRANEAN,France,3935.0,3382847,POINT (3.78636 43.875714),True
62051,3.032833,42.67,2019,10.0,-inf,MEDITERRANEAN,France,10364.0,3383983,POINT (3.032833 42.67),True
62077,2.787987,42.993824,2020,4.0,50.0,MEDITERRANEAN,France,4341.0,3384971,POINT (2.787987 42.993824),True
62105,5.89756,43.28023,2020,6.0,200.0,MEDITERRANEAN,France,2474.0,3385063,POINT (5.89756 43.28023),True
62139,7.38242,43.74051,2019,10.0,-inf,MEDITERRANEAN,France,2386.0,3385919,POINT (7.38242 43.74051),True
62149,6.724464,43.479313,2021,6.0,100.0,MEDITERRANEAN,France,9936.0,3386324,POINT (6.724464 43.479313),True
62157,3.738674,44.193767,2017,0.0,-inf,MEDITERRANEAN,France,5071.0,3387492,POINT (3.738674 44.193767),True
62176,3.747016,44.145923,2017,0.0,-inf,MEDITERRANEAN,France,2211.0,3389315,POINT (3.747016 44.145923),True
62193,3.050579,42.887182,2018,10.0,16.0,MEDITERRANEAN,France,3837.0,3390002,POINT (3.050579 42.887182),True
62212,6.45742,43.1671,2020,10.0,200.0,MEDITERRANEAN,France,3717.0,3390868,POINT (6.45742 43.1671),True
62232,5.24281,43.4829,2021,10.0,200.0,MEDITERRANEAN,France,6874.0,3392052,POINT (5.24281 43.4829),True
62255,4.811711,43.375473,2017,0.0,-inf,MEDITERRANEAN,France,8287.0,3392367,POINT (4.811711 43.375473),True
62259,6.60298,43.180608,2019,0.0,30.0,MEDITERRANEAN,France,7671.0,3394203,POINT (6.60298 43.180608),True
62270,5.648085,43.541071,2017,0.0,-inf,MEDITERRANEAN,France,8782.0,3395442,POINT (5.648085 43.541071),True
62282,2.53268,42.35451,2019,1.0,,ALPINE,Spain,6989.0,3396199,POINT (2.53268 42.35451),True
62309,6.911192,43.507451,2020,10.0,-inf,MEDITERRANEAN,France,9862.0,3397236,POINT (6.911192 43.507451),True
62328,6.01418,43.1196,2019,10.0,100.0,MEDITERRANEAN,France,1071.0,3397624,POINT (6.01418 43.1196),True
62346,4.17994,43.92029,2019,1.0,,MEDITERRANEAN,France,4003.0,3397927,POINT (4.17994 43.92029),True
62360,1.9835,42.860861,2018,10.0,50.0,ALPINE,France,249.0,3399073,POINT (1.9835 42.860861),True
62400,3.50157,44.81102,2018,1.0,,CONTINENTAL,France,7817.0,3399623,POINT (3.50157 44.81102),True
62420,5.675665,43.694218,2018,10.0,16.0,MEDITERRANEAN,France,6866.0,3401488,POINT (5.675665 43.694218),True
62434,4.80397,43.9531,2021,10.0,10.0,MEDITERRANEAN,France,473.0,3401987,POINT (4.80397 43.9531),True
62440,6.95446,44.197171,2019,10.0,-inf,MEDITERRANEAN,France,101.0,3403120,POINT (6.95446 44.197171),True
62470,6.8397,43.55449,2019,1.0,,MEDITERRANEAN,France,5474.0,3404166,POINT (6.8397 43.55449),True
62483,5.536907,43.530125,2017,0.0,100.0,MEDITERRANEAN,France,1304.0,3405244,POINT (5.536907 43.530125),True
62490,4.07717,43.81408,2017,1.0,,MEDITERRANEAN,France,11157.0,3407464,POINT (4.07717 43.81408),True
62505,7.118128,43.818183,2021,5.0,400.0,MEDITERRANEAN,France,6882.0,3409252,POINT (7.118128 43.818183),True
62548,3.816698,43.602427,2020,10.0,16.0,MEDITERRANEAN,France,4013.0,3409470,POINT (3.816698 43.602427),True
62562,6.017744,43.118551,2018,0.0,20.0,MEDITERRANEAN,France,2608.0,3411471,POINT (6.017744 43.118551),True
62580,6.55149,43.18748,2020,10.0,5.0,MEDITERRANEAN,France,3166.0,3412204,POINT (6.55149 43.18748),True
62583,6.38117,43.147251,2018,10.0,-inf,MEDITERRANEAN,France,7925.0,3412550,POINT (6.38117 43.147251),True
62594,2.02072,43.01876,2019,1.0,,MEDITERRANEAN,France,10315.0,3412885,POINT (2.02072 43.01876),True
62609,1.95633,42.515249,2018,10.0,16.0,ALPINE,France,7121.0,3415889,POINT (1.95633 42.515249),True
62631,3.876806,43.552934,2020,3.0,16.0,MEDITERRANEAN,France,3123.0,3417419,POINT (3.876806 43.552934),True
62649,5.14969,44.1689,2020,10.0,50.0,MEDITERRANEAN,France,10715.0,3417799,POINT (5.14969 44.1689),True
62685,6.14378,43.0292,2021,10.0,60.0,MEDITERRANEAN,France,2031.0,3418384,POINT (6.14378 43.0292),True
62697,4.036086,43.55676,2021,5.0,16.0,MEDITERRANEAN,France,8661.0,3418456,POINT (4.036086 43.55676),True
62705,4.407228,43.533124,2018,10.0,-inf,MEDITERRANEAN,France,6703.0,3419450,POINT (4.407228 43.533124),True
62708,7.206317,43.80784,2021,5.0,-inf,MEDITERRANEAN,France,2922.0,3419464,POINT (7.206317 43.80784),True
62721,7.10863,43.7635,2019,10.0,30.0,MEDITERRANEAN,France,9714.0,3420421,POINT (7.10863 43.7635),True
62757,3.799995,44.144298,2017,0.0,-inf,MEDITERRANEAN,France,4513.0,3422575,POINT (3.799995 44.144298),True
62770,3.508494,44.582984,2017,0.0,-inf,CONTINENTAL,France,1086.0,3423895,POINT (3.508494 44.582984),True
62797,5.26443,43.71659,2018,1.0,,MEDITERRANEAN,France,5249.0,3426129,POINT (5.26443 43.71659),True
62818,2.137833,42.491444,2021,10.0,0.5,ALPINE,France,10534.0,3427504,POINT (2.137833 42.491444),True
62826,5.645875,43.540918,2017,0.0,100.0,MEDITERRANEAN,France,11037.0,3428218,POINT (5.645875 43.540918),True
62832,3.815583,43.619335,2020,3.0,16.0,MEDITERRANEAN,France,6250.0,3428880,POINT (3.815583 43.619335),True
62857,6.941993,43.49593,2020,10.0,50.0,MEDITERRANEAN,France,3723.0,3429384,POINT (6.941993 43.49593),True
62879,2.83292,43.50331,2018,1.0,,MEDITERRANEAN,France,5071.0,3430149,POINT (2.83292 43.50331),True
62889,5.675579,43.693446,2018,10.0,15.0,MEDITERRANEAN,France,7852.0,3430429,POINT (5.675579 43.693446),True
62899,3.406366,44.068153,2021,5.0,250.0,MEDITERRANEAN,France,10800.0,3430504,POINT (3.406366 44.068153),True
62920,4.030541,43.558789,2020,3.0,4.0,MEDITERRANEAN,France,6491.0,3431310,POINT (4.030541 43.558789),True
62922,7.218075,43.821729,2021,5.0,-inf,MEDITERRANEAN,France,3738.0,3432233,POINT (7.218075 43.821729),True
62943,3.757022,43.66355,2020,4.0,16.0,MEDITERRANEAN,France,5882.0,3433971,POINT (3.757022 43.66355),True
62963,1.883945,42.515514,2018,0.0,40.0,ALPINE,France,4790.0,3433994,POINT (1.883945 42.515514),True
62965,6.628385,43.763067,2021,5.0,100.0,MEDITERRANEAN,France,7739.0,3434688,POINT (6.628385 43.763067),True
63007,3.07566,43.17841,2019,1.0,,MEDITERRANEAN,France,10520.0,3436401,POINT (3.07566 43.17841),True
63023,3.76029,44.05248,2018,1.0,,MEDITERRANEAN,France,9636.0,3439996,POINT (3.76029 44.05248),True
63054,3.519934,43.328552,2017,10.0,-inf,MEDITERRANEAN,France,7955.0,3440055,POINT (3.519934 43.328552),True
63056,5.61194,43.6617,2019,10.0,100.0,MEDITERRANEAN,France,6866.0,3440490,POINT (5.61194 43.6617),True
63070,7.456207,43.892412,2018,0.0,-inf,MEDITERRANEAN,France,6689.0,3440611,POINT (7.456207 43.892412),True
63106,5.59982,43.5091,2019,1.0,,MEDITERRANEAN,France,6874.0,3441029,POINT (5.59982 43.5091),True
63123,3.539699,43.303523,2020,10.0,40.0,MEDITERRANEAN,France,5203.0,3441408,POINT (3.539699 43.303523),True
63136,2.871825,43.578547,2021,5.0,250.0,CONTINENTAL,France,10600.0,3441914,POINT (2.871825 43.578547),True
63153,3.350318,43.27311,2017,10.0,16.0,MEDITERRANEAN,France,5829.0,3442069,POINT (3.350318 43.27311),True
63168,3.014141,42.803593,2018,10.0,16.0,MEDITERRANEAN,France,2683.0,3442638,POINT (3.014141 42.803593),True
63173,4.276308,43.458522,2020,10.0,40.0,MEDITERRANEAN,France,1531.0,3443015,POINT (4.276308 43.458522),True
63181,3.85141,44.66284,2018,1.0,,CONTINENTAL,France,2025.0,3444622,POINT (3.85141 44.66284),True
63202,2.45,43.416667,2017,10.0,-inf,CONTINENTAL,France,2025.0,3445857,POINT (2.45 43.416667),True
63207,3.71131,44.08907,2017,1.0,,MEDITERRANEAN,France,981.0,3448293,POINT (3.71131 44.08907),True
63232,5.541526,43.529369,2017,0.0,12.0,MEDITERRANEAN,France,9370.0,3449100,POINT (5.541526 43.529369),True
63250,4.95471,44.0571,2020,10.0,20.0,MEDITERRANEAN,France,9107.0,3449140,POINT (4.95471 44.0571),True
63267,5.602566,43.236889,2017,0.0,100.0,MEDITERRANEAN,France,9412.0,3452129,POINT (5.602566 43.236889),True
63285,6.01477,43.1196,2020,10.0,200.0,MEDITERRANEAN,France,6707.0,3452656,POINT (6.01477 43.1196),True
63292,1.961078,42.519502,2018,10.0,25.0,ALPINE,France,2828.0,3453374,POINT (1.961078 42.519502),True
63329,4.838329,43.372666,2017,10.0,16.0,MEDITERRANEAN,France,7315.0,3456314,POINT (4.838329 43.372666),True
63336,3.69262,44.130997,2017,0.0,-inf,MEDITERRANEAN,France,6989.0,3456548,POINT (3.69262 44.130997),True
63345,3.794636,43.770769,2018,0.0,50.0,MEDITERRANEAN,France,9468.0,3456847,POINT (3.794636 43.770769),True
63349,3.640355,44.160792,2017,10.0,-inf,MEDITERRANEAN,France,661.0,3457431,POINT (3.640355 44.160792),True
63366,3.041417,42.587333,2019,10.0,3.0,MEDITERRANEAN,France,8482.0,3458369,POINT (3.041417 42.587333),True
63383,1.982917,42.859833,2018,10.0,100.0,MEDITERRANEAN,France,2703.0,3461355,POINT (1.982917 42.859833),True
63429,5.203291,44.125706,2017,0.0,200.0,MEDITERRANEAN,France,1139.0,3462364,POINT (5.203291 44.125706),True
63443,5.698261,43.3603,2017,0.0,15.0,MEDITERRANEAN,France,7990.0,3463570,POINT (5.698261 43.3603),True
63458,6.09185,43.0358,2021,10.0,60.0,MEDITERRANEAN,France,476.0,3463625,POINT (6.09185 43.0358),True
63471,5.38633,43.23211,2021,10.0,1.0,MEDITERRANEAN,France,2152.0,3463714,POINT (5.38633 43.23211),True
63473,3.712561,44.227451,2017,0.0,-inf,MEDITERRANEAN,France,5071.0,3466028,POINT (3.712561 44.227451),True
63501,7.311332,43.961207,2018,0.0,-inf,MEDITERRANEAN,France,146.0,3466865,POINT (7.311332 43.961207),True
63550,4.054682,43.561266,2020,4.0,100.0,MEDITERRANEAN,France,2055.0,3467766,POINT (4.054682 43.561266),True
63560,6.016223,43.117666,2018,0.0,-inf,MEDITERRANEAN,France,3717.0,3468580,POINT (6.016223 43.117666),True
63576,5.71176,43.5409,2021,10.0,100.0,MEDITERRANEAN,France,2932.0,3468648,POINT (5.71176 43.5409),True
63598,3.849459,44.013504,2021,5.0,250.0,MEDITERRANEAN,France,8106.0,3470263,POINT (3.849459 44.013504),True
63613,3.52608,44.77478,2018,1.0,,CONTINENTAL,France,7942.0,3474511,POINT (3.52608 44.77478),True
63626,6.90678,43.515081,2020,10.0,-inf,MEDITERRANEAN,France,3935.0,3476268,POINT (6.90678 43.515081),True
63650,5.539386,43.357296,2017,0.0,-inf,MEDITERRANEAN,France,4892.0,3478012,POINT (5.539386 43.357296),True
63667,2.461961,42.502607,2017,0.0,10.0,ALPINE,France,4842.0,3478033,POINT (2.461961 42.502607),True
63668,4.76324,44.2131,2020,10.0,4.0,MEDITERRANEAN,France,7530.0,3478392,POINT (4.76324 44.2131),True
63681,3.43256,43.846023,2021,5.0,250.0,MEDITERRANEAN,France,8917.0,3479310,POINT (3.43256 43.846023),True
63701,5.579098,43.242816,2017,0.0,60.0,MEDITERRANEAN,France,7054.0,3480417,POINT (5.579098 43.242816),True
63718,5.715346,43.546061,2017,10.0,16.0,MEDITERRANEAN,France,6945.0,3481108,POINT (5.715346 43.546061),True
63744,5.16069,44.127346,2017,10.0,15.0,MEDITERRANEAN,France,5203.0,3481181,POINT (5.16069 44.127346),True
63755,2.956378,42.824068,2018,10.0,50.0,MEDITERRANEAN,France,6279.0,3482579,POINT (2.956378 42.824068),True
63756,4.98607,43.464,2021,10.0,100.0,MEDITERRANEAN,France,1959.0,3483050,POINT (4.98607 43.464),True
63771,6.77978,43.4576,2020,10.0,150.0,MEDITERRANEAN,France,9139.0,3484815,POINT (6.77978 43.4576),True
63799,7.28858,43.87707,2018,1.0,,MEDITERRANEAN,France,2386.0,3484873,POINT (7.28858 43.87707),True
63816,7.15356,43.658442,2021,5.0,16.0,MEDITERRANEAN,France,6548.0,3486346,POINT (7.15356 43.658442),True
63839,6.72044,43.61341,2018,1.0,,MEDITERRANEAN,France,476.0,3486597,POINT (6.72044 43.61341),True
63854,7.10045,43.747,2019,10.0,-inf,MEDITERRANEAN,France,1497.0,3486760,POINT (7.10045 43.747),True
63879,5.558946,43.187866,2018,0.0,100.0,MEDITERRANEAN,France,1736.0,3491114,POINT (5.558946 43.187866),True
63892,5.46559,43.9131,2020,10.0,15.0,MEDITERRANEAN,France,6711.0,3491226,POINT (5.46559 43.9131),True
63902,1.983333,42.766667,2018,10.0,-inf,ALPINE,France,1276.0,3492419,POINT (1.983333 42.766667),True
63908,6.29308,43.2816,2021,10.0,200.0,MEDITERRANEAN,France,4341.0,3492736,POINT (6.29308 43.2816),True
63917,3.732556,44.170468,2017,0.0,-inf,MEDITERRANEAN,France,661.0,3493270,POINT (3.732556 44.170468),True
63927,6.271797,43.547967,2021,4.0,10.0,MEDITERRANEAN,France,2185.0,3493607,POINT (6.271797 43.547967),True
63947,3.429375,44.09282,2021,6.0,250.0,MEDITERRANEAN,France,6205.0,3493967,POINT (3.429375 44.09282),True
63957,5.690417,43.420562,2017,10.0,200.0,MEDITERRANEAN,France,6039.0,3494044,POINT (5.690417 43.420562),True
63979,3.517373,43.317769,2017,10.0,-inf,MEDITERRANEAN,France,7955.0,3494193,POINT (3.517373 43.317769),True
63981,3.197689,43.199757,2019,10.0,-inf,MEDITERRANEAN,France,6855.0,3494388,POINT (3.197689 43.199757),True
63992,3.834597,44.140152,2017,0.0,-inf,MEDITERRANEAN,France,5474.0,3494732,POINT (3.834597 44.140152),True
64001,3.692124,44.159101,2017,0.0,-inf,MEDITERRANEAN,France,10600.0,3495389,POINT (3.692124 44.159101),True
64011,2.78269,43.39568,2018,1.0,,MEDITERRANEAN,France,7318.0,3495553,POINT (2.78269 43.39568),True
64035,3.504925,43.322884,2017,10.0,-inf,MEDITERRANEAN,France,6279.0,3496369,POINT (3.504925 43.322884),True
64038,3.052689,42.894483,2018,10.0,16.0,MEDITERRANEAN,France,5876.0,3496420,POINT (3.052689 42.894483),True
64049,6.105682,43.031163,2017,0.0,60.0,MEDITERRANEAN,France,3019.0,3497545,POINT (6.105682 43.031163),True
64055,6.48437,43.1649,2020,10.0,40.0,MEDITERRANEAN,France,6911.0,3497616,POINT (6.48437 43.1649),True
64061,3.813992,43.803204,2021,4.0,250.0,MEDITERRANEAN,France,1139.0,3498447,POINT (3.813992 43.803204),True
64080,5.442635,43.267823,2018,0.0,-inf,MEDITERRANEAN,France,2990.0,3499149,POINT (5.442635 43.267823),True
64088,3.782849,43.460849,2020,3.0,25.0,MEDITERRANEAN,France,6569.0,3499767,POINT (3.782849 43.460849),True
64093,3.829155,44.098698,2017,0.0,-inf,MEDITERRANEAN,France,5412.0,3499967,POINT (3.829155 44.098698),True
64110,5.206093,44.060678,2017,10.0,30.0,MEDITERRANEAN,France,9922.0,3500383,POINT (5.206093 44.060678),True
64115,5.498124,43.22789,2017,0.0,4.0,MEDITERRANEAN,France,4892.0,3501068,POINT (5.498124 43.22789),True
64121,3.052201,42.895284,2018,10.0,16.0,MEDITERRANEAN,France,5018.0,3501490,POINT (3.052201 42.895284),True
64130,5.349328,43.230196,2018,0.0,100.0,MEDITERRANEAN,France,6836.0,3502305,POINT (5.349328 43.230196),True
64164,6.7594,44.11603,2017,1.0,,ALPINE,France,5335.0,3502613,POINT (6.7594 44.11603),True
64184,6.91228,43.53343,2019,1.0,,MEDITERRANEAN,France,6491.0,3503744,POINT (6.91228 43.53343),True
64190,3.302301,43.250293,2020,10.0,40.0,MEDITERRANEAN,France,9877.0,3504269,POINT (3.302301 43.250293),True
64199,3.03799,42.748,2018,10.0,16.0,MEDITERRANEAN,France,8243.0,3504393,POINT (3.03799 42.748),True
64210,7.16912,43.9365,2017,1.0,,MEDITERRANEAN,France,2386.0,3505909,POINT (7.16912 43.9365),True
64238,3.349095,43.272448,2017,0.0,16.0,MEDITERRANEAN,France,1176.0,3508033,POINT (3.349095 43.272448),True
64251,6.018885,43.12112,2018,0.0,40.0,MEDITERRANEAN,France,7054.0,3508708,POINT (6.018885 43.12112),True
64265,2.979419,43.07027,2021,5.0,50.0,MEDITERRANEAN,France,2075.0,3508869,POINT (2.979419 43.07027),True
64267,5.361772,43.208867,2019,10.0,100.0,MEDITERRANEAN,France,6269.0,3511377,POINT (5.361772 43.208867),True
64280,3.742392,44.10779,2017,0.0,-inf,MEDITERRANEAN,France,10255.0,3513402,POINT (3.742392 44.10779),True
64295,4.94804,44.0552,2020,10.0,5.0,MEDITERRANEAN,France,3971.0,3515464,POINT (4.94804 44.0552),True
64307,3.599585,43.840014,2020,4.0,400.0,MEDITERRANEAN,France,2474.0,3516787,POINT (3.599585 43.840014),True
64319,6.01628,43.1141,2020,10.0,300.0,MEDITERRANEAN,France,9353.0,3517260,POINT (6.01628 43.1141),True
64346,6.03172,43.081417,2019,10.0,-inf,MEDITERRANEAN,France,6840.0,3521235,POINT (6.03172 43.081417),True
64351,2.41268,43.16295,2019,1.0,,MEDITERRANEAN,France,10909.0,3521693,POINT (2.41268 43.16295),True
64373,4.020948,43.554755,2020,3.0,16.0,MEDITERRANEAN,France,2243.0,3522108,POINT (4.020948 43.554755),True
64378,3.75495,44.121161,2017,0.0,-inf,MEDITERRANEAN,France,6788.0,3525997,POINT (3.75495 44.121161),True
64396,6.50271,43.1753,2020,10.0,60.0,MEDITERRANEAN,France,10073.0,3526506,POINT (6.50271 43.1753),True
64416,7.129543,43.544764,2021,2.0,4.0,MEDITERRANEAN,France,8711.0,3527169,POINT (7.129543 43.544764),True
64424,5.502469,43.406752,2017,0.0,30.0,MEDITERRANEAN,France,1092.0,3530135,POINT (5.502469 43.406752),True
64433,2.53622,43.39642,2017,1.0,,CONTINENTAL,France,5071.0,3531401,POINT (2.53622 43.39642),True
64467,3.037583,42.739556,2017,10.0,-inf,MEDITERRANEAN,France,10364.0,3532931,POINT (3.037583 42.739556),True
64476,6.689489,43.771246,2021,5.0,-inf,MEDITERRANEAN,France,6079.0,3535367,POINT (6.689489 43.771246),True
64493,3.887953,43.949514,2021,6.0,250.0,MEDITERRANEAN,France,5412.0,3536744,POINT (3.887953 43.949514),True
64510,3.281267,43.566758,2021,5.0,250.0,MEDITERRANEAN,France,3935.0,3537750,POINT (3.281267 43.566758),True
64521,3.051093,42.887407,2018,10.0,16.0,MEDITERRANEAN,France,7315.0,3537945,POINT (3.051093 42.887407),True
64532,3.176171,44.400069,2021,12.0,250.0,CONTINENTAL,France,8424.0,3538405,POINT (3.176171 44.400069),True
64542,5.27369,43.89625,2018,1.0,,MEDITERRANEAN,France,5412.0,3538569,POINT (5.27369 43.89625),True
64559,3.140258,43.280654,2021,5.0,25.0,MEDITERRANEAN,France,4530.0,3540051,POINT (3.140258 43.280654),True
64582,4.50518,43.6497,2021,10.0,100.0,MEDITERRANEAN,France,8027.0,3540388,POINT (4.50518 43.6497),True
64590,3.801106,44.228488,2017,0.0,-inf,MEDITERRANEAN,France,2211.0,3541145,POINT (3.801106 44.228488),True
64606,3.58857,44.18048,2017,1.0,,MEDITERRANEAN,France,2025.0,3541661,POINT (3.58857 44.18048),True
64617,5.57852,43.2221,2021,10.0,200.0,MEDITERRANEAN,France,476.0,3542623,POINT (5.57852 43.2221),True
64635,5.558133,43.357242,2018,10.0,-inf,MEDITERRANEAN,France,4653.0,3544551,POINT (5.558133 43.357242),True
64658,7.245322,43.700528,2021,5.0,-inf,MEDITERRANEAN,France,9458.0,3547011,POINT (7.245322 43.700528),True
64675,3.669409,44.196524,2017,0.0,-inf,MEDITERRANEAN,France,2488.0,3547564,POINT (3.669409 44.196524),True
64693,3.768571,43.820767,2019,0.0,50.0,MEDITERRANEAN,France,441.0,3547795,POINT (3.768571 43.820767),True
64708,6.022994,43.1151,2018,10.0,150.0,MEDITERRANEAN,France,8887.0,3547829,POINT (6.022994 43.1151),True
64739,2.60855,43.05482,2019,1.0,,MEDITERRANEAN,France,5474.0,3548096,POINT (2.60855 43.05482),True
64764,2.852474,43.041521,2021,5.0,200.0,MEDITERRANEAN,France,4003.0,3548675,POINT (2.852474 43.041521),True
64789,5.163172,43.399194,2017,10.0,20.0,MEDITERRANEAN,France,9555.0,3549693,POINT (5.163172 43.399194),True
64817,5.99567,43.5144,2018,1.0,,MEDITERRANEAN,France,1254.0,3549963,POINT (5.99567 43.5144),True
64832,2.836741,43.038267,2021,5.0,50.0,MEDITERRANEAN,France,1304.0,3551008,POINT (2.836741 43.038267),True
64854,5.650598,43.246503,2018,0.0,50.0,MEDITERRANEAN,France,9513.0,3551809,POINT (5.650598 43.246503),True
64872,3.88641,44.10471,2017,1.0,,MEDITERRANEAN,France,661.0,3551866,POINT (3.88641 44.10471),True
64893,4.678313,43.493598,2018,0.0,25.0,MEDITERRANEAN,France,7512.0,3553179,POINT (4.678313 43.493598),True
64905,3.887579,44.151194,2017,0.0,-inf,MEDITERRANEAN,France,3581.0,3553474,POINT (3.887579 44.151194),True
64925,3.819633,43.584628,2020,4.0,50.0,MEDITERRANEAN,France,8208.0,3554443,POINT (3.819633 43.584628),True
64968,6.022777,43.115412,2018,0.0,30.0,MEDITERRANEAN,France,559.0,3556192,POINT (6.022777 43.115412),True
64989,6.55946,43.78184,2018,1.0,,MEDITERRANEAN,France,5969.0,3556459,POINT (6.55946 43.78184),True
65020,3.512501,43.32409,2017,10.0,-inf,MEDITERRANEAN,France,7955.0,3558163,POINT (3.512501 43.32409),True
65021,3.823512,43.464977,2020,3.0,50.0,MEDITERRANEAN,France,5868.0,3559077,POINT (3.823512 43.464977),True
65028,5.930185,43.274751,2020,6.0,50.0,MEDITERRANEAN,France,3020.0,3560092,POINT (5.930185 43.274751),True
65060,5.674417,43.352647,2017,0.0,40.0,MEDITERRANEAN,France,5557.0,3560755,POINT (5.674417 43.352647),True
65095,2.011047,42.621697,2017,0.0,9.0,ALPINE,France,4842.0,3561090,POINT (2.011047 42.621697),True
65096,7.103609,43.798326,2020,4.0,3.0,MEDITERRANEAN,France,2973.0,3563471,POINT (7.103609 43.798326),True
65107,6.32215,43.1956,2021,10.0,3.0,MEDITERRANEAN,France,1625.0,3564267,POINT (6.32215 43.1956),True
65130,2.46124,42.91137,2019,1.0,,MEDITERRANEAN,France,981.0,3564796,POINT (2.46124 42.91137),True
65167,6.54452,43.1923,2020,10.0,10.0,MEDITERRANEAN,France,10073.0,3565056,POINT (6.54452 43.1923),True
65179,3.84995,44.60889,2019,1.0,,CONTINENTAL,France,10600.0,3566186,POINT (3.84995 44.60889),True
65186,5.95849,43.31774,2019,1.0,,MEDITERRANEAN,France,11157.0,3566681,POINT (5.95849 43.31774),True
65200,7.140261,43.718885,2020,20.0,200.0,MEDITERRANEAN,France,10956.0,3566974,POINT (7.140261 43.718885),True
65230,5.375061,43.210123,2018,0.0,100.0,MEDITERRANEAN,France,6342.0,3567036,POINT (5.375061 43.210123),True
65243,3.846523,44.19567,2017,0.0,-inf,MEDITERRANEAN,France,569.0,3568815,POINT (3.846523 44.19567),True
65266,3.49884,43.46225,2019,1.0,,MEDITERRANEAN,France,8705.0,3569282,POINT (3.49884 43.46225),True
65280,6.476603,43.270548,2020,3.0,16.0,MEDITERRANEAN,France,6909.0,3571274,POINT (6.476603 43.270548),True
65313,3.966835,43.565913,2020,3.0,50.0,MEDITERRANEAN,France,8879.0,3572976,POINT (3.966835 43.565913),True
65321,4.669753,43.505993,2021,5.0,100.0,MEDITERRANEAN,France,8154.0,3574150,POINT (4.669753 43.505993),True
65337,6.02464,43.1184,2020,10.0,100.0,MEDITERRANEAN,France,822.0,3575003,POINT (6.02464 43.1184),True
65349,1.964,42.743194,2017,10.0,-inf,ALPINE,France,8929.0,3575629,POINT (1.964 42.743194),True
65364,5.454785,43.380562,2018,10.0,5.0,MEDITERRANEAN,France,7199.0,3575848,POINT (5.454785 43.380562),True
65375,6.000347,43.24315,2020,4.0,200.0,MEDITERRANEAN,France,7644.0,3576033,POINT (6.000347 43.24315),True
65387,3.21936,44.5438,2017,1.0,,CONTINENTAL,France,9636.0,3576441,POINT (3.21936 44.5438),True
65407,3.346667,43.271988,2017,0.0,16.0,MEDITERRANEAN,France,4130.0,3577325,POINT (3.346667 43.271988),True
65418,3.216981,43.458568,2020,4.0,200.0,MEDITERRANEAN,France,4003.0,3578447,POINT (3.216981 43.458568),True
65433,5.70179,43.47362,2021,10.0,100.0,MEDITERRANEAN,France,5760.0,3579983,POINT (5.70179 43.47362),True
65454,3.516246,43.329469,2017,10.0,-inf,MEDITERRANEAN,France,6279.0,3580429,POINT (3.516246 43.329469),True
65456,6.097305,43.030739,2017,0.0,20.0,MEDITERRANEAN,France,4617.0,3581141,POINT (6.097305 43.030739),True
65460,3.349096,43.274661,2017,0.0,16.0,MEDITERRANEAN,France,9820.0,3582400,POINT (3.349096 43.274661),True
65476,3.024483,42.858569,2018,10.0,16.0,MEDITERRANEAN,France,3125.0,3582975,POINT (3.024483 42.858569),True
65485,3.240905,43.215006,2019,10.0,-inf,MEDITERRANEAN,France,5829.0,3585785,POINT (3.240905 43.215006),True
65498,3.687736,43.810912,2018,10.0,12.0,MEDITERRANEAN,France,11140.0,3585891,POINT (3.687736 43.810912),True
65514,2.931418,43.048985,2021,5.0,4.0,MEDITERRANEAN,France,6836.0,3585931,POINT (2.931418 43.048985),True
65521,4.365696,44.227311,2018,0.0,100.0,MEDITERRANEAN,France,9468.0,3586953,POINT (4.365696 44.227311),True
65523,3.034556,42.647,2019,10.0,-inf,MEDITERRANEAN,France,1770.0,3587642,POINT (3.034556 42.647),True
65536,6.10874,43.09552,2020,10.0,10.0,MEDITERRANEAN,France,11159.0,3588451,POINT (6.10874 43.09552),True
65550,5.351248,43.911833,2021,5.0,-inf,MEDITERRANEAN,France,1736.0,3589016,POINT (5.351248 43.911833),True
65556,3.52302,43.319577,2017,10.0,-inf,MEDITERRANEAN,France,6279.0,3589681,POINT (3.52302 43.319577),True
65557,3.087772,43.128364,2021,5.0,100.0,MEDITERRANEAN,France,982.0,3590758,POINT (3.087772 43.128364),True
65582,5.358296,43.208997,2019,10.0,100.0,MEDITERRANEAN,France,6379.0,3591637,POINT (5.358296 43.208997),True
65597,6.48647,43.1517,2020,10.0,500.0,MEDITERRANEAN,France,5982.0,3592909,POINT (6.48647 43.1517),True
65612,4.015323,43.555439,2020,3.0,100.0,MEDITERRANEAN,France,7211.0,3595013,POINT (4.015323 43.555439),True
65622,3.050701,42.886742,2018,10.0,16.0,MEDITERRANEAN,France,1160.0,3595989,POINT (3.050701 42.886742),True
65645,5.18923,43.7006,2017,1.0,,MEDITERRANEAN,France,8784.0,3596698,POINT (5.18923 43.7006),True
65665,3.35007,43.272751,2017,10.0,16.0,MEDITERRANEAN,France,5876.0,3597194,POINT (3.35007 43.272751),True
65680,6.097067,43.028819,2017,0.0,20.0,MEDITERRANEAN,France,10073.0,3597844,POINT (6.097067 43.028819),True
65687,3.289634,43.37179,2021,5.0,200.0,MEDITERRANEAN,France,8208.0,3598033,POINT (3.289634 43.37179),True
65722,2.752934,43.532775,2020,6.0,400.0,MEDITERRANEAN,France,9647.0,3599501,POINT (2.752934 43.532775),True
65730,6.388883,43.26986,2021,6.0,4.0,MEDITERRANEAN,France,1309.0,3600135,POINT (6.388883 43.26986),True
65745,7.05783,43.7973,2019,1.0,,MEDITERRANEAN,France,1629.0,3600511,POINT (7.05783 43.7973),True
65766,5.657024,43.224962,2021,10.0,200.0,MEDITERRANEAN,France,1304.0,3602146,POINT (5.657024 43.224962),True
65778,2.210361,43.327278,2021,10.0,30.0,MEDITERRANEAN,France,661.0,3602922,POINT (2.210361 43.327278),True
65788,7.31811,43.92977,2018,1.0,,ALPINE,France,3581.0,3606157,POINT (7.31811 43.92977),True
65803,7.391,43.90838,2018,1.0,,MEDITERRANEAN,France,2386.0,3606924,POINT (7.391 43.90838),True
65821,3.051552,42.894943,2018,10.0,16.0,MEDITERRANEAN,France,1176.0,3610916,POINT (3.051552 42.894943),True
65844,6.50606,43.1801,2020,10.0,12.0,MEDITERRANEAN,France,1306.0,3611894,POINT (6.50606 43.1801),True
65868,3.55931,43.98298,2018,1.0,,MEDITERRANEAN,France,9647.0,3612219,POINT (3.55931 43.98298),True
65913,3.033946,43.519187,2021,6.0,250.0,MEDITERRANEAN,France,2643.0,3612682,POINT (3.033946 43.519187),True
65927,3.038262,42.771945,2018,10.0,16.0,MEDITERRANEAN,France,5203.0,3612833,POINT (3.038262 42.771945),True
65935,4.98012,43.48439,2021,10.0,200.0,MEDITERRANEAN,France,9565.0,3615107,POINT (4.98012 43.48439),True
65956,4.80205,43.954174,2021,10.0,10.0,MEDITERRANEAN,France,5420.0,3615588,POINT (4.80205 43.954174),True
65966,6.50692,43.1582,2020,10.0,50.0,MEDITERRANEAN,France,5334.0,3616377,POINT (6.50692 43.1582),True
66016,3.763471,44.157484,2017,0.0,-inf,MEDITERRANEAN,France,10600.0,3616666,POINT (3.763471 44.157484),True
66035,3.768445,43.664371,2021,5.0,200.0,MEDITERRANEAN,France,2643.0,3617593,POINT (3.768445 43.664371),True
66082,3.035044,42.650977,2020,10.0,50.0,MEDITERRANEAN,France,2926.0,3619629,POINT (3.035044 42.650977),True
66085,5.41886,43.82025,2017,1.0,,MEDITERRANEAN,France,5412.0,3620166,POINT (5.41886 43.82025),True
66099,6.54789,43.1883,2020,10.0,-inf,MEDITERRANEAN,France,3845.0,3621283,POINT (6.54789 43.1883),True
66110,5.236523,43.623676,2021,5.0,-inf,MEDITERRANEAN,France,4719.0,3621575,POINT (5.236523 43.623676),True
66119,3.18232,43.75282,2019,1.0,,MEDITERRANEAN,France,6226.0,3623054,POINT (3.18232 43.75282),True
66139,6.596233,43.197726,2019,10.0,50.0,MEDITERRANEAN,France,9600.0,3624032,POINT (6.596233 43.197726),True
66162,2.931364,43.048874,2021,5.0,50.0,MEDITERRANEAN,France,7713.0,3625007,POINT (2.931364 43.048874),True
66181,3.012419,42.803026,2018,0.0,16.0,MEDITERRANEAN,France,1195.0,3626407,POINT (3.012419 42.803026),True
66192,6.671076,43.313837,2018,0.0,40.0,MEDITERRANEAN,France,10073.0,3626652,POINT (6.671076 43.313837),True
66196,3.037381,42.754643,2020,10.0,50.0,MEDITERRANEAN,France,5799.0,3627467,POINT (3.037381 42.754643),True
66208,3.038294,42.773162,2020,10.0,40.0,MEDITERRANEAN,France,5799.0,3627822,POINT (3.038294 42.773162),True
66224,3.833451,43.824158,2021,5.0,250.0,MEDITERRANEAN,France,6909.0,3628651,POINT (3.833451 43.824158),True
66240,4.334673,43.458014,2017,0.0,-inf,MEDITERRANEAN,France,1712.0,3628669,POINT (4.334673 43.458014),True
66254,7.08605,44.0084,2019,10.0,-inf,MEDITERRANEAN,France,4495.0,3630252,POINT (7.08605 44.0084),True
66273,5.659347,43.543496,2017,0.0,100.0,MEDITERRANEAN,France,11013.0,3630771,POINT (5.659347 43.543496),True
66281,1.964757,42.742666,2017,10.0,-inf,ALPINE,France,2638.0,3630799,POINT (1.964757 42.742666),True
66307,3.745452,44.225018,2017,0.0,-inf,MEDITERRANEAN,France,5071.0,3632072,POINT (3.745452 44.225018),True
66320,5.252606,43.543961,2017,0.0,100.0,MEDITERRANEAN,France,2474.0,3632642,POINT (5.252606 43.543961),True
66348,5.784261,43.733667,2017,10.0,100.0,MEDITERRANEAN,France,9541.0,3632916,POINT (5.784261 43.733667),True
66380,4.450344,43.506146,2018,0.0,-inf,MEDITERRANEAN,France,10961.0,3633973,POINT (4.450344 43.506146),True
66382,3.1712,44.68808,2019,1.0,,CONTINENTAL,France,2025.0,3634960,POINT (3.1712 44.68808),True
66395,3.036847,42.755731,2020,10.0,40.0,MEDITERRANEAN,France,3466.0,3635164,POINT (3.036847 42.755731),True
66409,5.46441,43.9116,2020,10.0,40.0,MEDITERRANEAN,France,9813.0,3635386,POINT (5.46441 43.9116),True
66416,5.666932,43.220646,2021,10.0,200.0,MEDITERRANEAN,France,10520.0,3635736,POINT (5.666932 43.220646),True
66428,3.506935,43.624454,2017,0.0,30.0,MEDITERRANEAN,France,3958.0,3636411,POINT (3.506935 43.624454),True
66444,5.669642,43.320424,2017,0.0,100.0,MEDITERRANEAN,France,392.0,3637397,POINT (5.669642 43.320424),True
66452,5.447741,43.392216,2018,0.0,4.0,MEDITERRANEAN,France,7812.0,3638109,POINT (5.447741 43.392216),True
66466,3.350726,43.273306,2017,10.0,16.0,MEDITERRANEAN,France,2926.0,3638525,POINT (3.350726 43.273306),True
66470,3.85044,44.62688,2017,1.0,,CONTINENTAL,France,963.0,3638849,POINT (3.85044 44.62688),True
66472,3.230204,43.208299,2019,10.0,-inf,MEDITERRANEAN,France,9877.0,3639844,POINT (3.230204 43.208299),True
66475,6.016542,43.119781,2018,0.0,40.0,MEDITERRANEAN,France,10666.0,3639921,POINT (6.016542 43.119781),True
66486,5.669341,43.210099,2021,10.0,200.0,MEDITERRANEAN,France,5474.0,3641335,POINT (5.669341 43.210099),True
66503,5.70938,43.46734,2021,10.0,3.0,MEDITERRANEAN,France,10950.0,3641859,POINT (5.70938 43.46734),True
66513,3.54977,44.70256,2017,1.0,,CONTINENTAL,France,843.0,3643288,POINT (3.54977 44.70256),True
66533,6.51185,43.1958,2020,10.0,3.0,MEDITERRANEAN,France,4078.0,3643666,POINT (6.51185 43.1958),True
66543,3.348134,43.272226,2017,0.0,16.0,MEDITERRANEAN,France,3476.0,3644311,POINT (3.348134 43.272226),True
66558,5.945801,43.265393,2020,4.0,200.0,MEDITERRANEAN,France,6110.0,3645360,POINT (5.945801 43.265393),True
66600,6.171984,43.032721,2017,0.0,40.0,MEDITERRANEAN,France,2771.0,3645916,POINT (6.171984 43.032721),True
66611,3.448596,43.793998,2019,0.0,50.0,MEDITERRANEAN,France,2643.0,3646131,POINT (3.448596 43.793998),True
66634,3.030137,42.758077,2020,4.0,25.0,MEDITERRANEAN,France,4541.0,3646333,POINT (3.030137 42.758077),True
66645,6.50205,43.1608,2020,10.0,30.0,MEDITERRANEAN,France,2765.0,3647688,POINT (6.50205 43.1608),True
66665,2.68153,43.412636,2021,6.0,250.0,MEDITERRANEAN,France,6395.0,3648700,POINT (2.68153 43.412636),True
66695,3.037306,42.729528,2019,10.0,40.0,MEDITERRANEAN,France,669.0,3650039,POINT (3.037306 42.729528),True
66707,3.163512,43.254718,2019,10.0,-inf,MEDITERRANEAN,France,5829.0,3650121,POINT (3.163512 43.254718),True
66727,6.48365,43.165,2020,10.0,60.0,MEDITERRANEAN,France,10914.0,3650406,POINT (6.48365 43.165),True
66756,5.651334,43.246701,2018,0.0,100.0,MEDITERRANEAN,France,8784.0,3650669,POINT (5.651334 43.246701),True
66767,7.065042,43.780992,2021,6.0,-inf,MEDITERRANEAN,France,3125.0,3650767,POINT (7.065042 43.780992),True
66792,5.15438,44.1689,2020,10.0,40.0,MEDITERRANEAN,France,2643.0,3651020,POINT (5.15438 44.1689),True
66818,3.5738,44.64832,2019,1.0,,CONTINENTAL,France,5189.0,3651626,POINT (3.5738 44.64832),True
66822,3.435508,44.090637,2021,6.0,250.0,MEDITERRANEAN,France,10600.0,3651781,POINT (3.435508 44.090637),True
66826,4.95328,44.0567,2020,10.0,15.0,MEDITERRANEAN,France,4349.0,3651947,POINT (4.95328 44.0567),True
66839,5.97672,43.60501,2017,1.0,,MEDITERRANEAN,France,8784.0,3652064,POINT (5.97672 43.60501),True
66858,3.11318,43.174595,2021,5.0,100.0,MEDITERRANEAN,France,9458.0,3654019,POINT (3.11318 43.174595),True
66880,6.96695,43.9061,2019,10.0,300.0,MEDITERRANEAN,France,8573.0,3655430,POINT (6.96695 43.9061),True
66920,3.003734,43.595951,2020,6.0,200.0,MEDITERRANEAN,France,963.0,3655490,POINT (3.003734 43.595951),True
66930,4.441504,43.455444,2020,10.0,40.0,MEDITERRANEAN,France,4659.0,3655843,POINT (4.441504 43.455444),True
66938,2.953721,43.51081,2021,5.0,100.0,MEDITERRANEAN,France,11120.0,3655938,POINT (2.953721 43.51081),True
66947,2.181667,42.745583,2018,10.0,80.0,MEDITERRANEAN,France,9245.0,3657789,POINT (2.181667 42.745583),True
66969,4.33875,43.456444,2017,10.0,-inf,MEDITERRANEAN,France,2243.0,3657791,POINT (4.33875 43.456444),True
66974,3.662568,44.151731,2017,0.0,-inf,MEDITERRANEAN,France,10460.0,3657919,POINT (3.662568 44.151731),True
66989,6.106284,43.030705,2017,0.0,50.0,MEDITERRANEAN,France,3642.0,3658316,POINT (6.106284 43.030705),True
66994,7.222949,43.790721,2020,5.0,200.0,MEDITERRANEAN,France,449.0,3659134,POINT (7.222949 43.790721),True
67032,2.85184,43.546398,2021,5.0,250.0,MEDITERRANEAN,France,2474.0,3659682,POINT (2.85184 43.546398),True
67050,6.32306,43.1997,2021,10.0,4.0,MEDITERRANEAN,France,7889.0,3659972,POINT (6.32306 43.1997),True
67070,7.45986,44.0115,2019,10.0,20.0,ALPINE,France,6685.0,3661013,POINT (7.45986 44.0115),True
67101,5.6112,43.6616,2019,10.0,50.0,MEDITERRANEAN,France,10305.0,3661167,POINT (5.6112 43.6616),True
67119,3.077869,43.17517,2021,5.0,100.0,MEDITERRANEAN,France,11193.0,3661231,POINT (3.077869 43.17517),True
67134,6.34259,43.2201,2021,10.0,4.0,MEDITERRANEAN,France,3195.0,3661271,POINT (6.34259 43.2201),True
67168,5.93053,43.26471,2019,1.0,,MEDITERRANEAN,France,3251.0,3661308,POINT (5.93053 43.26471),True
67180,6.084886,43.143816,2021,4.0,16.0,MEDITERRANEAN,France,1195.0,3662432,POINT (6.084886 43.143816),True
67190,3.259137,43.476387,2021,4.0,250.0,MEDITERRANEAN,France,5249.0,3662795,POINT (3.259137 43.476387),True
67207,5.023902,43.339127,2017,0.0,25.0,MEDITERRANEAN,France,7790.0,3663290,POINT (5.023902 43.339127),True
67211,4.854356,43.66434,2018,0.0,-inf,MEDITERRANEAN,France,5774.0,3663922,POINT (4.854356 43.66434),True
67237,2.82829,42.96421,2018,1.0,,MEDITERRANEAN,France,2932.0,3664647,POINT (2.82829 42.96421),True
67263,6.929874,43.475289,2018,0.0,60.0,MEDITERRANEAN,France,9458.0,3664892,POINT (6.929874 43.475289),True
67273,3.081409,43.1763,2021,4.0,100.0,MEDITERRANEAN,France,2932.0,3665748,POINT (3.081409 43.1763),True
67290,3.29115,44.32736,2019,1.0,,CONTINENTAL,France,5557.0,3669822,POINT (3.29115 44.32736),True
67310,5.116345,44.135601,2021,5.0,50.0,MEDITERRANEAN,France,2634.0,3671018,POINT (5.116345 44.135601),True
67334,6.45734,43.1662,2020,10.0,10.0,MEDITERRANEAN,France,9714.0,3671989,POINT (6.45734 43.1662),True
67342,5.35471,43.230574,2017,0.0,25.0,MEDITERRANEAN,France,5889.0,3673267,POINT (5.35471 43.230574),True
67368,5.33096,44.03863,2019,1.0,,MEDITERRANEAN,France,8818.0,3673717,POINT (5.33096 44.03863),True
67412,6.143884,43.02928,2018,0.0,30.0,MEDITERRANEAN,France,3642.0,3674589,POINT (6.143884 43.02928),True
67425,2.769617,42.979555,2021,5.0,16.0,MEDITERRANEAN,France,5829.0,3674617,POINT (2.769617 42.979555),True
67447,5.16195,43.6929,2021,10.0,1.0,MEDITERRANEAN,France,4048.0,3676711,POINT (5.16195 43.6929),True
67468,5.87909,43.29148,2020,10.0,4.0,MEDITERRANEAN,France,559.0,3677600,POINT (5.87909 43.29148),True
67481,1.997105,42.52632,2018,0.0,36.0,ALPINE,France,7817.0,3678176,POINT (1.997105 42.52632),True
67490,3.66903,44.41335,2019,1.0,,CONTINENTAL,France,8428.0,3678937,POINT (3.66903 44.41335),True
67494,2.67876,42.49779,2019,1.0,,MEDITERRANEAN,France,11157.0,3679496,POINT (2.67876 42.49779),True
67514,2.985848,43.629532,2020,4.0,400.0,CONTINENTAL,France,963.0,3681855,POINT (2.985848 43.629532),True
67522,4.9512,44.0559,2020,10.0,100.0,MEDITERRANEAN,France,9714.0,3681995,POINT (4.9512 44.0559),True
67555,2.018778,42.819667,2018,10.0,60.0,MEDITERRANEAN,France,8811.0,3682043,POINT (2.018778 42.819667),True
67577,6.11336,43.09496,2019,10.0,20.0,MEDITERRANEAN,France,5982.0,3682437,POINT (6.11336 43.09496),True
67592,2.70314,42.51566,2018,1.0,,MEDITERRANEAN,France,661.0,3682602,POINT (2.70314 42.51566),True
67610,1.729652,42.521974,2021,5.0,5.0,ALPINE,Andorra,4551.0,3682644,POINT (1.729652 42.521974),True
67627,3.603244,43.74257,2018,0.0,20.0,MEDITERRANEAN,France,9243.0,3682901,POINT (3.603244 43.74257),True
67628,3.176425,43.234806,2021,5.0,100.0,MEDITERRANEAN,France,2634.0,3684064,POINT (3.176425 43.234806),True
67642,2.09576,42.64173,2019,1.0,,ALPINE,France,1705.0,3685276,POINT (2.09576 42.64173),True
67700,6.49458,43.1747,2020,10.0,45.0,MEDITERRANEAN,France,5483.0,3686641,POINT (6.49458 43.1747),True
67719,3.84536,44.173896,2017,0.0,-inf,MEDITERRANEAN,France,4498.0,3687180,POINT (3.84536 44.173896),True
67740,2.4124,42.94734,2018,1.0,,MEDITERRANEAN,France,6684.0,3687316,POINT (2.4124 42.94734),True
67766,4.452271,44.226942,2021,4.0,250.0,MEDITERRANEAN,France,6925.0,3687507,POINT (4.452271 44.226942),True
67782,7.030347,43.668857,2021,4.0,-inf,MEDITERRANEAN,France,9572.0,3688091,POINT (7.030347 43.668857),True
67796,5.336846,43.214629,2018,10.0,16.0,MEDITERRANEAN,France,8332.0,3688450,POINT (5.336846 43.214629),True
67806,7.086641,43.78063,2020,4.0,50.0,MEDITERRANEAN,France,3433.0,3690466,POINT (7.086641 43.78063),True
67846,3.02958,43.43033,2018,1.0,,MEDITERRANEAN,France,1304.0,3690520,POINT (3.02958 43.43033),True
67871,3.349009,43.272359,2017,10.0,16.0,MEDITERRANEAN,France,7968.0,3690709,POINT (3.349009 43.272359),True
67884,2.920151,43.052143,2021,4.0,-inf,MEDITERRANEAN,France,10305.0,3691714,POINT (2.920151 43.052143),True
67915,5.400065,43.291609,2017,0.0,3.0,MEDITERRANEAN,France,7644.0,3692472,POINT (5.400065 43.291609),True
67922,1.921417,42.833361,2018,10.0,-inf,MEDITERRANEAN,France,6689.0,3693137,POINT (1.921417 42.833361),True
67935,7.084535,43.609951,2018,10.0,100.0,MEDITERRANEAN,France,4326.0,3693904,POINT (7.084535 43.609951),True
68015,6.11833,43.0996,2019,10.0,60.0,MEDITERRANEAN,France,812.0,3694059,POINT (6.11833 43.0996),True
68036,4.418892,43.514624,2018,0.0,25.0,MEDITERRANEAN,France,6355.0,3695738,POINT (4.418892 43.514624),True
68042,2.821497,42.999747,2021,4.0,16.0,MEDITERRANEAN,France,9565.0,3697130,POINT (2.821497 42.999747),True
68074,5.10303,44.1875,2021,10.0,60.0,MEDITERRANEAN,France,8784.0,3697192,POINT (5.10303 44.1875),True
68111,3.143891,43.21343,2021,5.0,100.0,MEDITERRANEAN,France,10520.0,3698283,POINT (3.143891 43.21343),True
68127,4.44058,44.23935,2018,1.0,,MEDITERRANEAN,France,2474.0,3699973,POINT (4.44058 44.23935),True
68138,6.395794,43.266644,2021,6.0,50.0,MEDITERRANEAN,France,5766.0,3700242,POINT (6.395794 43.266644),True
68152,6.043126,43.085577,2019,10.0,40.0,MEDITERRANEAN,France,5016.0,3700924,POINT (6.043126 43.085577),True
68181,6.23708,43.342,2020,10.0,50.0,MEDITERRANEAN,France,11187.0,3702925,POINT (6.23708 43.342),True
68201,6.136872,43.032562,2018,0.0,100.0,MEDITERRANEAN,France,2634.0,3703547,POINT (6.136872 43.032562),True
68215,3.62104,43.554651,2018,10.0,25.0,MEDITERRANEAN,France,9243.0,3704437,POINT (3.62104 43.554651),True
68220,3.762618,44.082692,2017,0.0,-inf,MEDITERRANEAN,France,10600.0,3705726,POINT (3.762618 44.082692),True
68229,4.84058,43.6503,2021,10.0,200.0,MEDITERRANEAN,France,10281.0,3705838,POINT (4.84058 43.6503),True
68241,6.93009,43.4756,2021,10.0,40.0,MEDITERRANEAN,France,9513.0,3705893,POINT (6.93009 43.4756),True
68248,3.96799,44.33736,2019,1.0,,MEDITERRANEAN,France,10600.0,3705983,POINT (3.96799 44.33736),True
68265,1.99655,42.96479,2019,1.0,,MEDITERRANEAN,France,5412.0,3706333,POINT (1.99655 42.96479),True
68288,5.12481,43.4897,2021,10.0,100.0,MEDITERRANEAN,France,10305.0,3707737,POINT (5.12481 43.4897),True
68294,6.69351,43.7635,2019,10.0,-inf,MEDITERRANEAN,France,10427.0,3708163,POINT (6.69351 43.7635),True
68325,4.75263,43.5971,2021,10.0,300.0,MEDITERRANEAN,France,5451.0,3708507,POINT (4.75263 43.5971),True
68352,2.985267,43.59457,2020,4.0,400.0,MEDITERRANEAN,France,963.0,3711168,POINT (2.985267 43.59457),True
68366,2.970908,43.477939,2021,5.0,100.0,MEDITERRANEAN,France,1736.0,3711693,POINT (2.970908 43.477939),True
68376,3.87316,44.53661,2018,1.0,,CONTINENTAL,France,4871.0,3712229,POINT (3.87316 44.53661),True
68397,3.31376,43.25621,2020,10.0,40.0,MEDITERRANEAN,France,2173.0,3712836,POINT (3.31376 43.25621),True
68405,3.03851,42.777546,2018,10.0,16.0,MEDITERRANEAN,France,2173.0,3713134,POINT (3.03851 42.777546),True
68406,3.48425,43.96582,2017,1.0,,MEDITERRANEAN,France,9714.0,3713971,POINT (3.48425 43.96582),True
68432,3.879364,44.186708,2017,0.0,-inf,MEDITERRANEAN,France,981.0,3714092,POINT (3.879364 44.186708),True
68445,3.67743,43.71187,2018,1.0,,MEDITERRANEAN,France,1736.0,3714459,POINT (3.67743 43.71187),True
68465,6.49943,43.1642,2020,10.0,100.0,MEDITERRANEAN,France,9304.0,3714692,POINT (6.49943 43.1642),True
68484,2.998138,43.608182,2020,4.0,400.0,MEDITERRANEAN,France,7755.0,3717265,POINT (2.998138 43.608182),True
68491,5.64888,43.245276,2018,10.0,100.0,MEDITERRANEAN,France,6874.0,3717531,POINT (5.64888 43.245276),True
68506,6.396001,43.659528,2018,10.0,2.0,MEDITERRANEAN,France,11140.0,3718281,POINT (6.396001 43.659528),True
68516,5.485025,43.510838,2017,0.0,100.0,MEDITERRANEAN,France,180.0,3718404,POINT (5.485025 43.510838),True
68533,2.50884,42.48024,2019,1.0,,ALPINE,France,7746.0,3719767,POINT (2.50884 42.48024),True
68549,5.54745,43.4567,2017,1.0,,MEDITERRANEAN,France,6039.0,3720232,POINT (5.54745 43.4567),True
68573,3.776261,44.222447,2017,0.0,-inf,MEDITERRANEAN,France,2783.0,3720679,POINT (3.776261 44.222447),True
68587,6.093771,43.03832,2017,0.0,5.0,MEDITERRANEAN,France,3464.0,3722062,POINT (6.093771 43.03832),True
68594,6.107259,43.031514,2017,0.0,30.0,MEDITERRANEAN,France,2539.0,3722310,POINT (6.107259 43.031514),True
68605,3.202805,43.484639,2020,4.0,200.0,MEDITERRANEAN,France,5882.0,3722479,POINT (3.202805 43.484639),True
68642,6.50363,43.1835,2020,10.0,4.0,MEDITERRANEAN,France,6840.0,3726431,POINT (6.50363 43.1835),True
68673,4.801812,43.954024,2021,10.0,5.0,MEDITERRANEAN,France,8959.0,3727042,POINT (4.801812 43.954024),True
68677,6.580872,43.214561,2019,10.0,-inf,MEDITERRANEAN,France,6851.0,3728109,POINT (6.580872 43.214561),True
68708,4.919673,43.432348,2017,0.0,50.0,MEDITERRANEAN,France,7315.0,3730401,POINT (4.919673 43.432348),True
68722,3.349695,43.275874,2017,0.0,16.0,MEDITERRANEAN,France,9513.0,3730644,POINT (3.349695 43.275874),True
68744,2.559,42.91121,2018,1.0,,MEDITERRANEAN,France,1276.0,3732358,POINT (2.559 42.91121),True
68754,3.330916,43.553073,2021,5.0,250.0,MEDITERRANEAN,France,6039.0,3733545,POINT (3.330916 43.553073),True
68776,6.41882,43.55322,2019,1.0,,MEDITERRANEAN,France,2474.0,3734997,POINT (6.41882 43.55322),True
68786,6.53299,43.42285,2018,1.0,,MEDITERRANEAN,France,6235.0,3736547,POINT (6.53299 43.42285),True
68799,6.48249,43.1656,2020,10.0,3.0,MEDITERRANEAN,France,82.0,3736631,POINT (6.48249 43.1656),True
68806,2.63131,42.71344,2018,1.0,,MEDITERRANEAN,France,8784.0,3737281,POINT (2.63131 42.71344),True
68837,5.05195,43.3314,2021,10.0,1.0,MEDITERRANEAN,France,1176.0,3737558,POINT (5.05195 43.3314),True
68849,7.097733,43.851189,2021,8.0,-inf,MEDITERRANEAN,France,2528.0,3738048,POINT (7.097733 43.851189),True
68872,7.49026,43.90372,2017,1.0,,MEDITERRANEAN,France,7536.0,3738067,POINT (7.49026 43.90372),True
68898,4.020223,43.55487,2020,10.0,50.0,MEDITERRANEAN,France,982.0,3741956,POINT (4.020223 43.55487),True
68904,6.096113,43.134654,2018,10.0,20.0,MEDITERRANEAN,France,7118.0,3744535,POINT (6.096113 43.134654),True
68936,2.78019,43.07222,2019,1.0,,MEDITERRANEAN,France,4029.0,3745969,POINT (2.78019 43.07222),True
68963,1.939194,42.830583,2018,10.0,-inf,MEDITERRANEAN,France,1276.0,3746329,POINT (1.939194 42.830583),True
68973,4.80531,43.9553,2021,10.0,10.0,MEDITERRANEAN,France,6491.0,3746708,POINT (4.80531 43.9553),True
68976,4.77879,43.6663,2021,10.0,200.0,MEDITERRANEAN,France,9458.0,3747012,POINT (4.77879 43.6663),True
68997,2.960077,42.810609,2020,4.0,25.0,MEDITERRANEAN,France,4977.0,3747777,POINT (2.960077 42.810609),True
69025,3.88479,44.068398,2017,0.0,-inf,MEDITERRANEAN,France,10460.0,3748142,POINT (3.88479 44.068398),True
69047,7.115847,43.832023,2020,4.0,9.0,MEDITERRANEAN,France,4530.0,3748473,POINT (7.115847 43.832023),True
69063,6.10857,43.72647,2018,1.0,,MEDITERRANEAN,France,10953.0,3752362,POINT (6.10857 43.72647),True
69071,2.739629,43.440807,2021,5.0,250.0,CONTINENTAL,France,4871.0,3752795,POINT (2.739629 43.440807),True
69091,5.516038,43.532159,2017,0.0,5.0,MEDITERRANEAN,France,2665.0,3753501,POINT (5.516038 43.532159),True
69107,5.510155,43.405215,2017,0.0,100.0,MEDITERRANEAN,France,9030.0,3753692,POINT (5.510155 43.405215),True
69111,2.61008,43.37828,2018,1.0,,MEDITERRANEAN,France,2932.0,3755783,POINT (2.61008 43.37828),True
69149,2.747484,43.448899,2021,5.0,250.0,CONTINENTAL,France,11013.0,3756001,POINT (2.747484 43.448899),True
69173,5.595672,43.166802,2017,0.0,30.0,MEDITERRANEAN,France,6874.0,3756163,POINT (5.595672 43.166802),True
69186,3.099531,43.157506,2021,5.0,100.0,MEDITERRANEAN,France,9030.0,3756527,POINT (3.099531 43.157506),True
69203,5.64104,43.58799,2021,10.0,200.0,MEDITERRANEAN,France,476.0,3757782,POINT (5.64104 43.58799),True
69218,4.95175,44.056,2020,10.0,60.0,MEDITERRANEAN,France,8208.0,3760631,POINT (4.95175 44.056),True
69230,4.449561,43.459409,2018,0.0,100.0,MEDITERRANEAN,France,2075.0,3761112,POINT (4.449561 43.459409),True
69234,5.024147,43.34436,2017,0.0,10.0,MEDITERRANEAN,France,8958.0,3762563,POINT (5.024147 43.34436),True
69264,3.034139,42.659306,2019,10.0,25.0,MEDITERRANEAN,France,669.0,3762816,POINT (3.034139 42.659306),True
69298,6.11244,43.10054,2019,10.0,60.0,MEDITERRANEAN,France,6836.0,3763390,POINT (6.11244 43.10054),True
69322,6.019348,43.1154,2018,0.0,30.0,MEDITERRANEAN,France,2356.0,3766833,POINT (6.019348 43.1154),True
69331,6.415067,43.596248,2018,10.0,10.0,MEDITERRANEAN,France,10632.0,3767313,POINT (6.415067 43.596248),True
69337,5.78313,43.26953,2017,1.0,,MEDITERRANEAN,France,4122.0,3767418,POINT (5.78313 43.26953),True
69363,2.88128,43.39523,2017,1.0,,MEDITERRANEAN,France,11193.0,3768190,POINT (2.88128 43.39523),True
69385,6.54966,43.18868,2020,10.0,100.0,MEDITERRANEAN,France,9581.0,3769416,POINT (6.54966 43.18868),True
69423,3.51701,43.318563,2017,10.0,-inf,MEDITERRANEAN,France,6279.0,3770771,POINT (3.51701 43.318563),True
69424,3.145569,43.26874,2019,10.0,-inf,MEDITERRANEAN,France,8208.0,3771050,POINT (3.145569 43.26874),True
69429,6.10342,43.029689,2017,0.0,10.0,MEDITERRANEAN,France,1519.0,3771873,POINT (6.10342 43.029689),True
69443,4.87677,43.463765,2021,5.0,-inf,MEDITERRANEAN,France,2420.0,3774039,POINT (4.87677 43.463765),True
69451,6.093879,43.03919,2017,0.0,3.0,MEDITERRANEAN,France,8332.0,3775641,POINT (6.093879 43.03919),True
69460,5.66861,43.41705,2017,1.0,,MEDITERRANEAN,France,9458.0,3775741,POINT (5.66861 43.41705),True
69484,3.050386,42.890501,2018,10.0,16.0,MEDITERRANEAN,France,10590.0,3776593,POINT (3.050386 42.890501),True
69494,6.48432,43.1534,2020,10.0,4.0,MEDITERRANEAN,France,3501.0,3777491,POINT (6.48432 43.1534),True
69513,3.349185,43.272952,2017,0.0,16.0,MEDITERRANEAN,France,6855.0,3777646,POINT (3.349185 43.272952),True
69531,4.74436,44.2041,2020,10.0,-inf,MEDITERRANEAN,France,1736.0,3778263,POINT (4.74436 44.2041),True
69547,3.043214,42.839605,2020,10.0,40.0,MEDITERRANEAN,France,5203.0,3778639,POINT (3.043214 42.839605),True
69554,6.23822,43.3493,2020,10.0,200.0,MEDITERRANEAN,France,11207.0,3778891,POINT (6.23822 43.3493),True
69575,6.937662,43.524309,2020,4.0,-inf,MEDITERRANEAN,France,10947.0,3779165,POINT (6.937662 43.524309),True
69593,3.78835,43.655731,2020,2.0,16.0,MEDITERRANEAN,France,5116.0,3779833,POINT (3.78835 43.655731),True
69627,1.950628,42.516703,2018,0.0,18.0,ALPINE,France,924.0,3780994,POINT (1.950628 42.516703),True
69640,3.037778,42.766361,2017,10.0,500.0,MEDITERRANEAN,France,11140.0,3781792,POINT (3.037778 42.766361),True
69691,4.619089,43.708948,2018,0.0,-inf,MEDITERRANEAN,France,473.0,3782457,POINT (4.619089 43.708948),True
69706,4.95656,44.0577,2020,10.0,20.0,MEDITERRANEAN,France,5994.0,3782841,POINT (4.95656 44.0577),True
69714,5.104568,44.12814,2021,5.0,-inf,MEDITERRANEAN,France,6141.0,3783574,POINT (5.104568 44.12814),True
69731,3.248785,43.562209,2021,5.0,250.0,MEDITERRANEAN,France,5474.0,3784461,POINT (3.248785 43.562209),True
69745,6.576148,43.194558,2019,10.0,50.0,MEDITERRANEAN,France,2753.0,3784829,POINT (6.576148 43.194558),True
69766,6.346015,43.15591,2018,0.0,-inf,MEDITERRANEAN,France,7286.0,3784935,POINT (6.346015 43.15591),True
69791,3.408233,43.968216,2021,5.0,250.0,MEDITERRANEAN,France,544.0,3785219,POINT (3.408233 43.968216),True
69815,7.366069,43.915856,2021,5.0,-inf,MEDITERRANEAN,France,1655.0,3786086,POINT (7.366069 43.915856),True
69846,2.72777,42.56945,2018,1.0,,MEDITERRANEAN,France,4498.0,3787142,POINT (2.72777 42.56945),True
69866,6.50047,43.1688,2020,10.0,2.0,MEDITERRANEAN,France,4617.0,3788122,POINT (6.50047 43.1688),True
69870,2.855093,43.545196,2021,5.0,250.0,MEDITERRANEAN,France,1831.0,3788271,POINT (2.855093 43.545196),True
69894,6.92677,43.515418,2020,12.0,15.0,MEDITERRANEAN,France,3433.0,3788606,POINT (6.92677 43.515418),True
69925,3.037078,42.771469,2018,10.0,16.0,MEDITERRANEAN,France,10893.0,3789928,POINT (3.037078 42.771469),True
69941,2.978049,43.592801,2020,8.0,400.0,MEDITERRANEAN,France,5412.0,3790470,POINT (2.978049 43.592801),True
69955,7.11775,43.820983,2020,4.0,-inf,MEDITERRANEAN,France,4628.0,3791195,POINT (7.11775 43.820983),True
69982,6.5108,43.1952,2020,10.0,-inf,MEDITERRANEAN,France,5618.0,3791622,POINT (6.5108 43.1952),True
69997,6.08494,43.36739,2017,1.0,,MEDITERRANEAN,France,1254.0,3792359,POINT (6.08494 43.36739),True
70020,7.12376,43.8258,2020,10.0,-inf,MEDITERRANEAN,France,7963.0,3792489,POINT (7.12376 43.8258),True
70038,2.270972,43.165222,2020,10.0,30.0,MEDITERRANEAN,France,4349.0,3793760,POINT (2.270972 43.165222),True
70043,5.65021,43.52555,2019,1.0,,MEDITERRANEAN,France,6925.0,3793842,POINT (5.65021 43.52555),True
70067,3.01703,42.829156,2018,10.0,16.0,MEDITERRANEAN,France,9053.0,3794145,POINT (3.01703 42.829156),True
70081,5.45595,43.212038,2018,0.0,100.0,MEDITERRANEAN,France,7770.0,3794874,POINT (5.45595 43.212038),True
70099,3.93597,44.356234,2021,6.0,25.0,MEDITERRANEAN,France,3597.0,3795184,POINT (3.93597 44.356234),True
70137,3.116304,43.148041,2021,5.0,100.0,MEDITERRANEAN,France,1396.0,3795910,POINT (3.116304 43.148041),True
70154,5.642113,43.578837,2019,10.0,10.0,MEDITERRANEAN,France,6039.0,3796707,POINT (5.642113 43.578837),True
70166,5.919,43.27452,2020,4.0,200.0,MEDITERRANEAN,France,9388.0,3798404,POINT (5.919 43.27452),True
70195,3.348369,43.272424,2017,10.0,16.0,MEDITERRANEAN,France,6410.0,3799457,POINT (3.348369 43.272424),True
70210,6.608304,43.172867,2019,10.0,20.0,MEDITERRANEAN,France,5016.0,3800267,POINT (6.608304 43.172867),True
70220,3.024298,42.856491,2018,10.0,16.0,MEDITERRANEAN,France,7968.0,3800441,POINT (3.024298 42.856491),True
70226,4.75234,43.6704,2021,10.0,100.0,MEDITERRANEAN,France,3747.0,3800489,POINT (4.75234 43.6704),True
70250,5.362139,43.208517,2019,10.0,100.0,MEDITERRANEAN,France,9572.0,3801315,POINT (5.362139 43.208517),True
70267,2.229444,43.198917,2021,10.0,30.0,MEDITERRANEAN,France,3958.0,3801401,POINT (2.229444 43.198917),True
70274,3.696237,44.399993,2018,0.0,25.0,CONTINENTAL,France,433.0,3801757,POINT (3.696237 44.399993),True
70299,3.726993,44.192089,2017,0.0,-inf,MEDITERRANEAN,France,10255.0,3802515,POINT (3.726993 44.192089),True
70308,3.63277,43.92819,2017,1.0,,MEDITERRANEAN,France,2474.0,3804376,POINT (3.63277 43.92819),True
70332,3.517405,43.321367,2017,10.0,-inf,MEDITERRANEAN,France,7955.0,3804561,POINT (3.517405 43.321367),True
70333,3.788498,43.664392,2021,5.0,50.0,MEDITERRANEAN,France,146.0,3805203,POINT (3.788498 43.664392),True
70356,3.881429,43.970294,2021,4.0,250.0,MEDITERRANEAN,France,146.0,3805851,POINT (3.881429 43.970294),True
70371,3.037528,42.745139,2019,10.0,-inf,MEDITERRANEAN,France,8482.0,3806545,POINT (3.037528 42.745139),True
70383,5.573476,43.17555,2021,10.0,80.0,MEDITERRANEAN,France,7118.0,3807136,POINT (5.573476 43.17555),True
70401,6.09671,43.54692,2018,1.0,,MEDITERRANEAN,France,5721.0,3809879,POINT (6.09671 43.54692),True
70423,6.033461,43.081602,2019,10.0,25.0,MEDITERRANEAN,France,6560.0,3810688,POINT (6.033461 43.081602),True
70433,5.67688,43.22665,2021,10.0,200.0,MEDITERRANEAN,France,4003.0,3810743,POINT (5.67688 43.22665),True
70460,6.11621,43.12771,2021,10.0,20.0,MEDITERRANEAN,France,11159.0,3810931,POINT (6.11621 43.12771),True
70477,5.71548,43.53904,2021,10.0,200.0,MEDITERRANEAN,France,3723.0,3813646,POINT (5.71548 43.53904),True
70498,3.519878,43.322255,2017,10.0,-inf,MEDITERRANEAN,France,7955.0,3813910,POINT (3.519878 43.322255),True
70499,1.997917,42.862139,2018,10.0,200.0,ALPINE,France,9707.0,3814005,POINT (1.997917 42.862139),True
70545,5.12461,43.49,2019,10.0,10.0,MEDITERRANEAN,France,5219.0,3816518,POINT (5.12461 43.49),True
70560,2.85452,43.16173,2017,1.0,,MEDITERRANEAN,France,11157.0,3817976,POINT (2.85452 43.16173),True
70577,3.642164,44.167109,2017,0.0,-inf,MEDITERRANEAN,France,3067.0,3818553,POINT (3.642164 44.167109),True
70602,6.972923,43.649864,2021,5.0,-inf,MEDITERRANEAN,France,7054.0,3821372,POINT (6.972923 43.649864),True
70633,5.549003,43.530571,2017,0.0,4.0,MEDITERRANEAN,France,5483.0,3824497,POINT (5.549003 43.530571),True
70644,5.84763,43.51932,2017,1.0,,MEDITERRANEAN,France,3251.0,3824799,POINT (5.84763 43.51932),True
70660,7.19857,43.98923,2017,1.0,,MEDITERRANEAN,France,4171.0,3826009,POINT (7.19857 43.98923),True
70670,5.352122,43.231719,2017,0.0,100.0,MEDITERRANEAN,France,4029.0,3826028,POINT (5.352122 43.231719),True
70679,5.02108,43.4002,2021,10.0,50.0,MEDITERRANEAN,France,857.0,3827189,POINT (5.02108 43.4002),True
70685,5.489581,43.278352,2018,10.0,100.0,MEDITERRANEAN,France,9385.0,3827222,POINT (5.489581 43.278352),True
70709,3.521605,43.317128,2017,10.0,-inf,MEDITERRANEAN,France,6279.0,3828757,POINT (3.521605 43.317128),True
70710,6.51181,43.1858,2020,10.0,20.0,MEDITERRANEAN,France,154.0,3830346,POINT (6.51181 43.1858),True
70726,7.130088,43.749324,2020,4.0,200.0,MEDITERRANEAN,France,6689.0,3830643,POINT (7.130088 43.749324),True
70746,6.0227,43.1205,2020,10.0,200.0,MEDITERRANEAN,France,5882.0,3831317,POINT (6.0227 43.1205),True
70762,4.045601,43.560269,2021,4.0,100.0,MEDITERRANEAN,France,6039.0,3832660,POINT (4.045601 43.560269),True
70769,6.04789,43.087432,2019,10.0,150.0,MEDITERRANEAN,France,3935.0,3832756,POINT (6.04789 43.087432),True
70797,5.59498,43.166999,2017,0.0,-inf,MEDITERRANEAN,France,9348.0,3833473,POINT (5.59498 43.166999),True
70811,5.67427,43.319725,2017,10.0,16.0,MEDITERRANEAN,France,2643.0,3833579,POINT (5.67427 43.319725),True
70831,6.906718,43.447975,2020,10.0,200.0,MEDITERRANEAN,France,1903.0,3834014,POINT (6.906718 43.447975),True
70849,5.549387,43.53031,2017,0.0,2.0,MEDITERRANEAN,France,10289.0,3835001,POINT (5.549387 43.53031),True
70860,3.57222,44.57638,2017,1.0,,CONTINENTAL,France,5189.0,3835564,POINT (3.57222 44.57638),True
70877,6.32897,43.1967,2021,10.0,3.0,MEDITERRANEAN,France,3140.0,3836371,POINT (6.32897 43.1967),True
70891,5.353965,43.20991,2018,0.0,50.0,MEDITERRANEAN,France,7195.0,3836586,POINT (5.353965 43.20991),True
70898,5.09914,44.1882,2021,10.0,50.0,MEDITERRANEAN,France,1162.0,3839038,POINT (5.09914 44.1882),True
70924,7.50988,44.11902,2018,1.0,,ALPINE,France,6171.0,3839301,POINT (7.50988 44.11902),True
70937,5.54921,43.530782,2017,0.0,100.0,MEDITERRANEAN,France,9412.0,3840194,POINT (5.54921 43.530782),True
70945,6.789015,43.700324,2021,6.0,2.0,MEDITERRANEAN,France,7571.0,3842084,POINT (6.789015 43.700324),True
70962,6.034536,43.083822,2019,0.0,20.0,MEDITERRANEAN,France,3723.0,3842162,POINT (6.034536 43.083822),True
70975,3.836443,44.158599,2017,0.0,-inf,MEDITERRANEAN,France,2474.0,3842749,POINT (3.836443 44.158599),True
70983,3.813171,44.218678,2017,0.0,-inf,MEDITERRANEAN,France,981.0,3842778,POINT (3.813171 44.218678),True
71006,6.15568,43.68883,2019,1.0,,MEDITERRANEAN,France,10909.0,3846553,POINT (6.15568 43.68883),True
71024,3.660797,44.151013,2017,0.0,-inf,MEDITERRANEAN,France,661.0,3847696,POINT (3.660797 44.151013),True
71037,4.840261,43.482202,2021,5.0,20.0,MEDITERRANEAN,France,1173.0,3847917,POINT (4.840261 43.482202),True
71039,4.9951,43.391,2021,10.0,100.0,MEDITERRANEAN,France,262.0,3848047,POINT (4.9951 43.391),True
71061,5.595381,43.16689,2017,0.0,20.0,MEDITERRANEAN,France,6652.0,3849125,POINT (5.595381 43.16689),True
71070,2.38787,42.85753,2017,1.0,,MEDITERRANEAN,France,10247.0,3849438,POINT (2.38787 42.85753),True
71090,4.779534,43.350577,2017,0.0,4.0,MEDITERRANEAN,France,9820.0,3850169,POINT (4.779534 43.350577),True
71093,6.50476,43.1819,2020,10.0,-inf,MEDITERRANEAN,France,3251.0,3851419,POINT (6.50476 43.1819),True
71112,3.352947,43.757257,2019,0.0,50.0,MEDITERRANEAN,France,2386.0,3852353,POINT (3.352947 43.757257),True
71126,5.10462,44.187,2021,10.0,50.0,MEDITERRANEAN,France,4530.0,3852427,POINT (5.10462 44.187),True
71155,7.045582,43.788001,2020,5.0,16.0,MEDITERRANEAN,France,8983.0,3853499,POINT (7.045582 43.788001),True
71186,4.5149,44.2199,2018,1.0,,MEDITERRANEAN,France,515.0,3854201,POINT (4.5149 44.2199),True
71206,3.816334,43.602715,2020,9.0,50.0,MEDITERRANEAN,France,6837.0,3854783,POINT (3.816334 43.602715),True
71230,6.911531,43.524158,2020,4.0,-inf,MEDITERRANEAN,France,1842.0,3855420,POINT (6.911531 43.524158),True
71254,3.518702,43.328558,2017,10.0,-inf,MEDITERRANEAN,France,6279.0,3855463,POINT (3.518702 43.328558),True
71256,4.089556,43.911693,2021,5.0,250.0,MEDITERRANEAN,France,1392.0,3855800,POINT (4.089556 43.911693),True
71278,5.00244,43.4176,2017,1.0,,MEDITERRANEAN,France,51.0,3855965,POINT (5.00244 43.4176),True
71293,6.941807,43.494015,2020,10.0,400.0,MEDITERRANEAN,France,10909.0,3856266,POINT (6.941807 43.494015),True
71316,4.025701,43.557916,2021,5.0,5.0,MEDITERRANEAN,France,9642.0,3857506,POINT (4.025701 43.557916),True
71318,6.39599,43.659556,2018,10.0,5.0,MEDITERRANEAN,France,6643.0,3857929,POINT (6.39599 43.659556),True
71329,6.70536,43.74005,2018,1.0,,MEDITERRANEAN,France,5969.0,3858306,POINT (6.70536 43.74005),True
71358,3.93428,44.03208,2017,1.0,,MEDITERRANEAN,France,7706.0,3859040,POINT (3.93428 44.03208),True
71385,3.521304,43.316509,2017,10.0,-inf,MEDITERRANEAN,France,6279.0,3859626,POINT (3.521304 43.316509),True
71386,4.544057,44.222593,2021,5.0,250.0,MEDITERRANEAN,France,11157.0,3860106,POINT (4.544057 44.222593),True
71405,4.3342,44.06146,2019,1.0,,MEDITERRANEAN,France,10946.0,3860587,POINT (4.3342 44.06146),True
71431,7.27783,44.03971,2019,1.0,,MEDITERRANEAN,France,5412.0,3862139,POINT (7.27783 44.03971),True
71452,6.77842,43.4571,2020,10.0,200.0,MEDITERRANEAN,France,7326.0,3862509,POINT (6.77842 43.4571),True
71489,6.129314,43.150029,2021,5.0,200.0,MEDITERRANEAN,France,4341.0,3863181,POINT (6.129314 43.150029),True
71503,3.70195,44.73676,2019,1.0,,CONTINENTAL,France,581.0,3865014,POINT (3.70195 44.73676),True
71510,6.047195,43.089396,2019,10.0,-inf,MEDITERRANEAN,France,4985.0,3865199,POINT (6.047195 43.089396),True
71515,6.53011,43.2022,2020,10.0,-inf,MEDITERRANEAN,France,4194.0,3865432,POINT (6.53011 43.2022),True
71528,3.194845,43.490646,2021,4.0,50.0,MEDITERRANEAN,France,146.0,3866187,POINT (3.194845 43.490646),True
71559,4.990136,43.435252,2018,0.0,50.0,MEDITERRANEAN,France,5474.0,3866456,POINT (4.990136 43.435252),True
71571,2.977308,43.648488,2020,6.0,400.0,CONTINENTAL,France,10600.0,3866975,POINT (2.977308 43.648488),True
71576,5.209366,44.053643,2017,10.0,200.0,MEDITERRANEAN,France,5412.0,3868085,POINT (5.209366 44.053643),True
71588,6.54162,43.1964,2020,10.0,100.0,MEDITERRANEAN,France,4477.0,3868199,POINT (6.54162 43.1964),True
71608,7.3715,43.7358,2019,10.0,25.0,MEDITERRANEAN,France,4147.0,3868473,POINT (7.3715 43.7358),True
71628,7.108646,43.781673,2021,6.0,20.0,MEDITERRANEAN,France,8549.0,3868578,POINT (7.108646 43.781673),True
71654,6.50624,43.1598,2020,10.0,30.0,MEDITERRANEAN,France,3722.0,3869350,POINT (6.50624 43.1598),True
71676,5.6869,43.694337,2018,10.0,16.0,MEDITERRANEAN,France,1312.0,3869354,POINT (5.6869 43.694337),True
71686,3.509288,44.583088,2017,0.0,-inf,CONTINENTAL,France,3913.0,3870344,POINT (3.509288 44.583088),True
71714,6.452574,43.270502,2021,5.0,16.0,MEDITERRANEAN,France,10895.0,3870497,POINT (6.452574 43.270502),True
71740,5.348423,43.212776,2018,0.0,100.0,MEDITERRANEAN,France,6652.0,3872096,POINT (5.348423 43.212776),True
71768,3.03189,42.746816,2018,10.0,16.0,MEDITERRANEAN,France,10289.0,3872609,POINT (3.03189 42.746816),True
71777,3.815496,43.585113,2020,5.0,16.0,MEDITERRANEAN,France,5398.0,3872651,POINT (3.815496 43.585113),True
71784,3.83246,43.7938,2021,10.0,4.0,MEDITERRANEAN,France,2539.0,3873849,POINT (3.83246 43.7938),True
71793,6.291121,43.545355,2021,4.0,-inf,MEDITERRANEAN,France,5721.0,3873877,POINT (6.291121 43.545355),True
71803,3.872139,43.542785,2020,3.0,16.0,MEDITERRANEAN,France,6491.0,3874738,POINT (3.872139 43.542785),True
71814,6.25839,43.3792,2018,1.0,,MEDITERRANEAN,France,6925.0,3874783,POINT (6.25839 43.3792),True
71826,2.999061,43.519821,2021,5.0,250.0,MEDITERRANEAN,France,11013.0,3875888,POINT (2.999061 43.519821),True
71839,3.038722,42.788111,2017,10.0,-inf,MEDITERRANEAN,France,2926.0,3876448,POINT (3.038722 42.788111),True
71848,4.84034,43.6497,2021,10.0,100.0,MEDITERRANEAN,France,6548.0,3876692,POINT (4.84034 43.6497),True
71861,4.96582,44.2593,2020,10.0,80.0,MEDITERRANEAN,France,1304.0,3877360,POINT (4.96582 44.2593),True
71875,3.839027,44.196421,2017,0.0,-inf,MEDITERRANEAN,France,4871.0,3877459,POINT (3.839027 44.196421),True
71892,5.21671,43.75385,2017,1.0,,MEDITERRANEAN,France,2146.0,3878861,POINT (5.21671 43.75385),True
71908,4.424782,43.584603,2017,10.0,-inf,MEDITERRANEAN,France,9595.0,3880159,POINT (4.424782 43.584603),True
71917,3.788219,43.472042,2020,3.0,25.0,MEDITERRANEAN,France,8323.0,3882322,POINT (3.788219 43.472042),True
71924,6.426826,43.231692,2018,10.0,30.0,MEDITERRANEAN,France,10408.0,3883525,POINT (6.426826 43.231692),True
71932,3.777043,43.659482,2019,0.0,50.0,MEDITERRANEAN,France,7536.0,3883977,POINT (3.777043 43.659482),True
71943,3.018816,42.797972,2018,10.0,16.0,MEDITERRANEAN,France,10893.0,3884263,POINT (3.018816 42.797972),True
71951,3.051842,42.890923,2018,10.0,16.0,MEDITERRANEAN,France,5605.0,3885680,POINT (3.051842 42.890923),True
71966,6.593918,43.19177,2019,10.0,-inf,MEDITERRANEAN,France,9565.0,3888712,POINT (6.593918 43.19177),True
71991,3.144531,43.194955,2021,5.0,100.0,MEDITERRANEAN,France,2634.0,3888731,POINT (3.144531 43.194955),True
72004,4.803,43.9547,2021,10.0,5.0,MEDITERRANEAN,France,1910.0,3888933,POINT (4.803 43.9547),True
72008,6.76325,43.84574,2017,1.0,,MEDITERRANEAN,France,3043.0,3890187,POINT (6.76325 43.84574),True
72019,4.795701,43.516119,2021,5.0,-inf,MEDITERRANEAN,France,4325.0,3890448,POINT (4.795701 43.516119),True
72024,3.872667,44.204296,2017,0.0,-inf,MEDITERRANEAN,France,4871.0,3890467,POINT (3.872667 44.204296),True
72045,2.001611,42.828222,2017,10.0,50.0,MEDITERRANEAN,France,4671.0,3890809,POINT (2.001611 42.828222),True
72069,2.215389,43.309583,2021,10.0,10.0,MEDITERRANEAN,France,5116.0,3892435,POINT (2.215389 43.309583),True
72076,6.724158,43.479522,2021,5.0,2.0,MEDITERRANEAN,France,4719.0,3892986,POINT (6.724158 43.479522),True
72091,3.58618,44.0726,2019,1.0,,MEDITERRANEAN,France,2386.0,3893435,POINT (3.58618 44.0726),True
72097,6.129118,43.149618,2021,5.0,16.0,MEDITERRANEAN,France,8737.0,3893610,POINT (6.129118 43.149618),True
72118,3.28152,43.752,2018,1.0,,MEDITERRANEAN,France,5412.0,3893637,POINT (3.28152 43.752),True
72153,3.030833,42.864639,2017,10.0,-inf,MEDITERRANEAN,France,245.0,3894394,POINT (3.030833 42.864639),True
72157,3.944301,44.359411,2021,6.0,25.0,MEDITERRANEAN,France,9341.0,3894867,POINT (3.944301 44.359411),True
72183,2.70033,43.555488,2021,5.0,250.0,CONTINENTAL,France,5542.0,3895951,POINT (2.70033 43.555488),True
72196,6.09355,43.0384,2021,10.0,30.0,MEDITERRANEAN,France,3642.0,3896053,POINT (6.09355 43.0384),True
72201,3.76391,44.19631,2017,1.0,,MEDITERRANEAN,France,960.0,3896102,POINT (3.76391 44.19631),True
72221,6.96749,43.90926,2017,1.0,,MEDITERRANEAN,France,5557.0,3897810,POINT (6.96749 43.90926),True
72242,5.483987,43.510853,2017,0.0,80.0,MEDITERRANEAN,France,2386.0,3898605,POINT (5.483987 43.510853),True
72278,2.085269,42.614081,2018,10.0,50.0,ALPINE,France,7095.0,3898858,POINT (2.085269 42.614081),True
72304,6.96404,43.8981,2019,10.0,-inf,MEDITERRANEAN,France,6962.0,3899631,POINT (6.96404 43.8981),True
72339,1.966667,42.75,2018,10.0,60.0,ALPINE,France,6277.0,3900193,POINT (1.966667 42.75),True
72375,3.136736,43.129195,2020,10.0,50.0,MEDITERRANEAN,France,4306.0,3901493,POINT (3.136736 43.129195),True
72386,5.672178,43.214294,2021,10.0,200.0,MEDITERRANEAN,France,9572.0,3902672,POINT (5.672178 43.214294),True
72403,5.724881,43.70317,2018,10.0,50.0,MEDITERRANEAN,France,4977.0,3903329,POINT (5.724881 43.70317),True
72413,6.922164,43.460192,2018,0.0,60.0,MEDITERRANEAN,France,6246.0,3903730,POINT (6.922164 43.460192),True
72426,6.015742,43.120218,2018,10.0,15.0,MEDITERRANEAN,France,3278.0,3904730,POINT (6.015742 43.120218),True
72444,6.585471,43.445436,2021,5.0,-inf,MEDITERRANEAN,France,7244.0,3904963,POINT (6.585471 43.445436),True
72454,3.348332,43.27658,2017,0.0,16.0,MEDITERRANEAN,France,906.0,3906915,POINT (3.348332 43.27658),True
72474,3.038659,42.787716,2020,10.0,40.0,MEDITERRANEAN,France,1300.0,3907145,POINT (3.038659 42.787716),True
72485,2.878387,43.047919,2021,5.0,50.0,MEDITERRANEAN,France,9458.0,3907609,POINT (2.878387 43.047919),True
72518,6.015955,43.12077,2018,0.0,40.0,MEDITERRANEAN,France,2311.0,3909136,POINT (6.015955 43.12077),True
72532,2.1188,42.98308,2017,1.0,,MEDITERRANEAN,France,9636.0,3909385,POINT (2.1188 42.98308),True
72565,3.042722,42.598917,2019,10.0,-inf,MEDITERRANEAN,France,11125.0,3909623,POINT (3.042722 42.598917),True
72574,5.15404,43.4564,2021,10.0,1.0,MEDITERRANEAN,France,6569.0,3910418,POINT (5.15404 43.4564),True
72579,3.825541,44.116467,2017,0.0,-inf,MEDITERRANEAN,France,661.0,3911150,POINT (3.825541 44.116467),True
72599,4.322313,43.458733,2017,0.0,4.0,MEDITERRANEAN,France,4892.0,3911263,POINT (4.322313 43.458733),True
72610,6.416537,43.270251,2021,5.0,50.0,MEDITERRANEAN,France,340.0,3911315,POINT (6.416537 43.270251),True
72632,3.823822,44.243659,2017,0.0,-inf,MEDITERRANEAN,France,10255.0,3913218,POINT (3.823822 44.243659),True
72653,6.103185,43.0402,2017,0.0,80.0,MEDITERRANEAN,France,11159.0,3913691,POINT (6.103185 43.0402),True
72672,3.175085,43.198377,2021,6.0,100.0,MEDITERRANEAN,France,2643.0,3914273,POINT (3.175085 43.198377),True
72685,7.482008,43.853073,2018,0.0,-inf,MEDITERRANEAN,France,2474.0,3915692,POINT (7.482008 43.853073),True
72718,2.92322,42.67631,2019,1.0,,MEDITERRANEAN,France,6658.0,3915721,POINT (2.92322 42.67631),True
72721,3.018767,42.798467,2018,10.0,16.0,MEDITERRANEAN,France,9107.0,3917646,POINT (3.018767 42.798467),True
72729,6.102406,43.137164,2018,10.0,100.0,MEDITERRANEAN,France,10143.0,3918259,POINT (6.102406 43.137164),True
