Unnamed: 0,year,geoUncertaintyInM,areaInM2,region,country,speciesId,surveyId,geometry,in_polygon,lon,lat,subset,id
0,2021,5.0,100.0,MEDITERRANEAN,France,6874.0,212,POINT (3.099038 43.134956),True,3.099038,43.134956,train,212
16,2021,10.0,200.0,MEDITERRANEAN,France,6039.0,878,POINT (5.71258 43.542),True,5.71258,43.542,train,878
38,2018,10.0,16.0,MEDITERRANEAN,France,1587.0,1650,POINT (3.0315 42.749162),True,3.0315,42.749162,train,1650
46,2018,0.0,1.0,MEDITERRANEAN,France,7244.0,1741,POINT (4.991745 43.433207),True,4.991745,43.433207,train,1741
56,2020,3.0,25.0,MEDITERRANEAN,France,7871.0,1972,POINT (3.958843 43.567651),True,3.958843,43.567651,train,1972
65,2019,10.0,-inf,MEDITERRANEAN,France,822.0,2472,POINT (3.141879 43.259381),True,3.141879,43.259381,train,2472
98,2020,10.0,30.0,MEDITERRANEAN,France,7714.0,4544,POINT (5.38642 44.0729),True,5.38642,44.0729,train,4544
121,2020,10.0,50.0,MEDITERRANEAN,France,5876.0,5316,POINT (3.038266 42.70752),True,3.038266,42.70752,train,5316
134,2019,10.0,-inf,MEDITERRANEAN,France,3775.0,7917,POINT (7.47635 43.9648),True,7.47635,43.9648,train,7917
193,2017,1.0,,MEDITERRANEAN,France,11193.0,7950,POINT (4.17761 43.84839),True,4.17761,43.84839,train,7950
216,2021,3.0,20.0,MEDITERRANEAN,France,5980.0,9112,POINT (4.984343 43.464208),True,4.984343,43.464208,train,9112
224,2018,1.0,,MEDITERRANEAN,France,876.0,9576,POINT (2.33904 43.14501),True,2.33904,43.14501,train,9576
246,2020,9.0,16.0,MEDITERRANEAN,France,7529.0,9805,POINT (7.036106 43.791196),True,7.036106,43.791196,train,9805
270,2019,10.0,40.0,MEDITERRANEAN,France,4431.0,11039,POINT (5.486416 43.204942),True,5.486416,43.204942,train,11039
284,2021,4.0,200.0,MEDITERRANEAN,France,9581.0,11406,POINT (3.401909 43.33027),True,3.401909,43.33027,train,11406
306,2017,10.0,-inf,MEDITERRANEAN,France,6279.0,14316,POINT (3.513773 43.328582),True,3.513773,43.328582,train,14316
312,2021,6.0,100.0,MEDITERRANEAN,France,476.0,14583,POINT (3.074258 43.172863),True,3.074258,43.172863,train,14583
336,2019,1.0,,MEDITERRANEAN,France,2539.0,15409,POINT (6.54883 43.63823),True,6.54883,43.63823,train,15409
351,2017,0.0,10.0,MEDITERRANEAN,France,3642.0,15789,POINT (5.132455 43.397616),True,5.132455,43.397616,train,15789
375,2018,10.0,16.0,MEDITERRANEAN,France,1381.0,16241,POINT (3.037705 42.76022),True,3.037705,42.76022,train,16241
401,2018,0.0,50.0,MEDITERRANEAN,France,7212.0,17269,POINT (6.92167 43.459111),True,6.92167,43.459111,train,17269
415,2020,3.0,3.0,MEDITERRANEAN,France,4916.0,18287,POINT (6.935912 43.525279),True,6.935912,43.525279,train,18287
424,2018,10.0,70.0,MEDITERRANEAN,France,476.0,18667,POINT (6.13731 43.031578),True,6.13731,43.031578,train,18667
434,2017,10.0,-inf,MEDITERRANEAN,France,6279.0,22036,POINT (3.519491 43.317678),True,3.519491,43.317678,train,22036
435,2017,10.0,-inf,MEDITERRANEAN,France,7955.0,22152,POINT (3.521183 43.330345),True,3.521183,43.330345,train,22152
436,2021,10.0,100.0,MEDITERRANEAN,France,476.0,22239,POINT (5.576563 43.175508),True,5.576563,43.175508,train,22239
452,2019,0.0,50.0,MEDITERRANEAN,France,8887.0,22881,POINT (3.784565 43.669353),True,3.784565,43.669353,train,22881
464,2017,1.0,,MEDITERRANEAN,France,4854.0,24481,POINT (5.60598 43.61686),True,5.60598,43.61686,train,24481
489,2020,9.0,25.0,MEDITERRANEAN,France,2075.0,27824,POINT (3.872788 43.526774),True,3.872788,43.526774,train,27824
492,2018,0.0,50.0,MEDITERRANEAN,France,6703.0,27836,POINT (3.731734 43.749216),True,3.731734,43.749216,train,27836
498,2017,0.0,30.0,MEDITERRANEAN,France,3642.0,28482,POINT (6.0976 43.031909),True,6.0976,43.031909,train,28482
504,2019,10.0,40.0,MEDITERRANEAN,France,6652.0,28680,POINT (5.99197 43.1039),True,5.99197,43.1039,train,28680
514,2020,4.0,200.0,MEDITERRANEAN,France,5093.0,28970,POINT (6.381322 43.274818),True,6.381322,43.274818,train,28970
539,2018,1.0,,MEDITERRANEAN,France,6874.0,29773,POINT (6.01457 43.42379),True,6.01457,43.42379,train,29773
558,2017,10.0,-inf,MEDITERRANEAN,France,7955.0,30699,POINT (3.513276 43.314271),True,3.513276,43.314271,train,30699
585,2017,0.0,-inf,MEDITERRANEAN,France,9892.0,31310,POINT (3.829973 44.236996),True,3.829973,44.236996,train,31310
598,2019,10.0,-inf,MEDITERRANEAN,France,6855.0,31908,POINT (3.256259 43.225739),True,3.256259,43.225739,train,31908
606,2021,5.0,250.0,MEDITERRANEAN,France,4498.0,32058,POINT (3.394578 44.060362),True,3.394578,44.060362,train,32058
625,2017,1.0,,ALPINE,France,5412.0,32559,POINT (6.87679 44.02115),True,6.87679,44.02115,train,32559
640,2017,0.0,-inf,MEDITERRANEAN,France,4498.0,34012,POINT (3.809804 44.197594),True,3.809804,44.197594,train,34012
653,2017,0.0,5.0,MEDITERRANEAN,France,9820.0,34346,POINT (4.334848 43.470862),True,4.334848,43.470862,train,34346
667,2018,1.0,,CONTINENTAL,France,1539.0,35107,POINT (3.94807 44.51755),True,3.94807,44.51755,train,35107
674,2020,5.0,2.0,MEDITERRANEAN,France,7295.0,35167,POINT (3.19082 43.512311),True,3.19082,43.512311,train,35167
685,2021,5.0,15.0,MEDITERRANEAN,France,5721.0,38418,POINT (6.2718 43.548058),True,6.2718,43.548058,train,38418
693,2020,10.0,10.0,MEDITERRANEAN,France,10073.0,38593,POINT (6.50836 43.1899),True,6.50836,43.1899,train,38593
712,2017,10.0,-inf,MEDITERRANEAN,France,7955.0,39591,POINT (3.521077 43.318651),True,3.521077,43.318651,train,39591
714,2020,3.0,25.0,MEDITERRANEAN,France,5980.0,39675,POINT (3.96986 43.56676),True,3.96986,43.56676,train,39675
743,2018,10.0,16.0,MEDITERRANEAN,France,10347.0,40543,POINT (3.0384 42.776854),True,3.0384,42.776854,train,40543
748,2021,5.0,250.0,MEDITERRANEAN,France,1276.0,40924,POINT (4.416274 44.158867),True,4.416274,44.158867,train,40924
757,2019,10.0,200.0,MEDITERRANEAN,France,6235.0,40942,POINT (6.575035 43.21136),True,6.575035,43.21136,train,40942
771,2018,10.0,20.0,ALPINE,France,2638.0,41522,POINT (1.993727 42.524095),True,1.993727,42.524095,train,41522
788,2018,1.0,,MEDITERRANEAN,France,6689.0,42598,POINT (5.47641 43.96256),True,5.47641,43.96256,train,42598
806,2019,10.0,10.0,MEDITERRANEAN,France,3330.0,42603,POINT (5.99203 43.1041),True,5.99203,43.1041,train,42603
822,2019,0.0,50.0,MEDITERRANEAN,France,960.0,43115,POINT (3.354053 43.733389),True,3.354053,43.733389,train,43115
840,2019,1.0,,MEDITERRANEAN,France,10762.0,43194,POINT (2.4849 42.60598),True,2.4849,42.60598,train,43194
869,2020,10.0,1.0,MEDITERRANEAN,France,32.0,43488,POINT (7.130669 43.814636),True,7.130669,43.814636,train,43488
880,2017,0.0,100.0,MEDITERRANEAN,France,4530.0,44089,POINT (5.58559 43.168997),True,5.58559,43.168997,train,44089
891,2019,10.0,-inf,ALPINE,France,96.0,47821,POINT (6.79841 44.2271),True,6.79841,44.2271,train,47821
899,2020,10.0,50.0,MEDITERRANEAN,France,1458.0,51007,POINT (6.55063 43.1874),True,6.55063,43.1874,train,51007
944,2020,10.0,-inf,MEDITERRANEAN,France,11193.0,53781,POINT (6.53478 43.2012),True,6.53478,43.2012,train,53781
955,2018,0.0,25.0,MEDITERRANEAN,France,9642.0,55464,POINT (3.594671 43.587541),True,3.594671,43.587541,train,55464
957,2017,0.0,250.0,MEDITERRANEAN,France,1539.0,55893,POINT (5.66691 43.317593),True,5.66691,43.317593,train,55893
961,2019,10.0,150.0,MEDITERRANEAN,France,6492.0,56890,POINT (6.11076 43.09938),True,6.11076,43.09938,train,56890
982,2019,10.0,200.0,MEDITERRANEAN,France,7305.0,57002,POINT (4.46339 43.6147),True,4.46339,43.6147,train,57002
989,2020,10.0,-inf,MEDITERRANEAN,France,51.0,57297,POINT (6.53615 43.2),True,6.53615,43.2,train,57297
997,2017,0.0,15.0,MEDITERRANEAN,France,11078.0,58013,POINT (5.172998 43.400221),True,5.172998,43.400221,train,58013
1001,2019,1.0,,MEDITERRANEAN,France,3935.0,58108,POINT (3.33049 43.7156),True,3.33049,43.7156,train,58108
1007,2020,9.0,10.0,MEDITERRANEAN,France,9922.0,58312,POINT (7.016647 43.859946),True,7.016647,43.859946,train,58312
1020,2021,5.0,16.0,MEDITERRANEAN,France,9581.0,60662,POINT (2.812483 42.994152),True,2.812483,42.994152,train,60662
1058,2021,5.0,-inf,MEDITERRANEAN,France,11193.0,60996,POINT (7.195884 43.746717),True,7.195884,43.746717,train,60996
1069,2021,0.0,3.0,ALPINE,France,4551.0,62976,POINT (7.473166 44.083829),True,7.473166,44.083829,train,62976
1081,2017,1.0,,MEDITERRANEAN,France,4498.0,64504,POINT (2.63022 42.49793),True,2.63022,42.49793,train,64504
1104,2018,0.0,16.0,ALPINE,France,3447.0,65270,POINT (1.951045 42.526651),True,1.951045,42.526651,train,65270
1130,2017,1.0,,CONTINENTAL,France,10600.0,65656,POINT (3.84802 44.53696),True,3.84802,44.53696,train,65656
1145,2020,10.0,-inf,MEDITERRANEAN,France,1160.0,65770,POINT (6.54499 43.1897),True,6.54499,43.1897,train,65770
1156,2018,10.0,100.0,MEDITERRANEAN,France,7192.0,66225,POINT (5.43772 43.39329),True,5.43772,43.39329,train,66225
1187,2020,4.0,270.0,MEDITERRANEAN,France,2643.0,66715,POINT (3.991115 43.805385),True,3.991115,43.805385,train,66715
1204,2021,10.0,5.0,MEDITERRANEAN,France,3623.0,67171,POINT (4.80283 43.9546),True,4.80283,43.9546,train,67171
1209,2018,0.0,30.0,ALPINE,France,10399.0,67210,POINT (7.333826 44.130631),True,7.333826,44.130631,train,67210
1223,2020,10.0,40.0,MEDITERRANEAN,France,9877.0,67617,POINT (3.895614 43.512004),True,3.895614,43.512004,train,67617
1233,2021,10.0,200.0,MEDITERRANEAN,France,10305.0,67890,POINT (5.12492 43.5059),True,5.12492,43.5059,train,67890
1242,2020,5.0,50.0,MEDITERRANEAN,France,9547.0,72298,POINT (4.112119 43.615126),True,4.112119,43.615126,train,72298
1251,2019,0.0,100.0,MEDITERRANEAN,France,2719.0,72880,POINT (5.374974 43.210098),True,5.374974,43.210098,train,72880
1267,2017,0.0,-inf,MEDITERRANEAN,France,8138.0,74632,POINT (3.867004 44.194853),True,3.867004,44.194853,train,74632
1283,2017,0.0,100.0,MEDITERRANEAN,France,3837.0,75812,POINT (4.552476 43.453593),True,4.552476,43.453593,train,75812
1290,2020,10.0,60.0,MEDITERRANEAN,France,7868.0,75924,POINT (6.50454 43.1821),True,6.50454,43.1821,train,75924
1309,2020,3.0,16.0,MEDITERRANEAN,France,9994.0,76017,POINT (3.780013 43.46212),True,3.780013,43.46212,train,76017
1331,2021,5.0,100.0,MEDITERRANEAN,France,5721.0,76985,POINT (2.97246 43.45868),True,2.97246,43.45868,train,76985
1345,2019,10.0,30.0,MEDITERRANEAN,France,10619.0,77481,POINT (6.604804 43.18125),True,6.604804,43.18125,train,77481
1359,2017,0.0,100.0,MEDITERRANEAN,France,9513.0,78357,POINT (5.600903 43.236857),True,5.600903,43.236857,train,78357
1369,2018,10.0,-inf,ALPINE,France,10591.0,79548,POINT (1.958611 42.742667),True,1.958611,42.742667,train,79548
1377,2020,10.0,50.0,MEDITERRANEAN,France,9977.0,81555,POINT (4.95377 44.0552),True,4.95377,44.0552,train,81555
1423,2020,4.0,200.0,MEDITERRANEAN,France,11193.0,82200,POINT (6.107941 43.148145),True,6.107941,43.148145,train,82200
1454,2021,5.0,100.0,MEDITERRANEAN,France,5817.0,82405,POINT (3.08818 43.152772),True,3.08818,43.152772,train,82405
1474,2020,3.0,200.0,MEDITERRANEAN,France,2474.0,82873,POINT (3.757449 43.663624),True,3.757449,43.663624,train,82873
1508,2018,10.0,16.0,MEDITERRANEAN,France,7315.0,83405,POINT (3.050512 42.894565),True,3.050512,42.894565,train,83405
1522,2017,0.0,-inf,MEDITERRANEAN,France,7755.0,85546,POINT (3.858355 44.173057),True,3.858355,44.173057,train,85546
1539,2018,1.0,,MEDITERRANEAN,France,6874.0,87627,POINT (6.37199 43.59098),True,6.37199,43.59098,train,87627
1600,2018,0.0,200.0,MEDITERRANEAN,France,11140.0,88389,POINT (6.026188 43.115802),True,6.026188,43.115802,train,88389
1641,2021,4.0,50.0,MEDITERRANEAN,France,2373.0,89168,POINT (4.998267 44.224124),True,4.998267,44.224124,train,89168
1669,2018,0.0,15.0,MEDITERRANEAN,France,3251.0,89922,POINT (6.903554 43.513912),True,6.903554,43.513912,train,89922
1684,2021,5.0,-inf,MEDITERRANEAN,France,4719.0,90210,POINT (7.148467 43.722869),True,7.148467,43.722869,train,90210
1698,2020,10.0,40.0,MEDITERRANEAN,France,2926.0,90389,POINT (3.881654 43.50468),True,3.881654,43.50468,train,90389
1708,2017,10.0,-inf,MEDITERRANEAN,France,4059.0,94126,POINT (3.045694 42.884111),True,3.045694,42.884111,train,94126
1720,2018,10.0,16.0,MEDITERRANEAN,France,10082.0,97883,POINT (3.036703 42.75737),True,3.036703,42.75737,train,97883
1731,2019,1.0,,CONTINENTAL,France,53.0,98380,POINT (3.77259 44.53797),True,3.77259,44.53797,train,98380
1750,2021,5.0,200.0,MEDITERRANEAN,France,5412.0,100081,POINT (3.792378 43.647386),True,3.792378,43.647386,train,100081
1785,2017,0.0,16.0,MEDITERRANEAN,France,4130.0,100162,POINT (3.349223 43.273185),True,3.349223,43.273185,train,100162
1803,2018,0.0,100.0,MEDITERRANEAN,France,7315.0,101264,POINT (4.458102 43.522482),True,4.458102,43.522482,train,101264
1816,2020,10.0,-inf,MEDITERRANEAN,France,7318.0,102940,POINT (6.933717 43.493311),True,6.933717,43.493311,train,102940
1842,2020,9.0,50.0,MEDITERRANEAN,France,1195.0,102946,POINT (4.044261 43.559898),True,4.044261,43.559898,train,102946
1853,2021,5.0,16.0,MEDITERRANEAN,France,1531.0,102976,POINT (4.023429 43.555153),True,4.023429,43.555153,train,102976
1859,2020,10.0,-inf,MEDITERRANEAN,France,51.0,103737,POINT (6.45809 43.172),True,6.45809,43.172,train,103737
1871,2021,10.0,-inf,MEDITERRANEAN,France,2957.0,105736,POINT (5.09386 44.1856),True,5.09386,44.1856,train,105736
1893,2021,10.0,100.0,MEDITERRANEAN,France,6039.0,105833,POINT (5.74805 43.70716),True,5.74805,43.70716,train,105833
1921,2017,10.0,1.0,MEDITERRANEAN,France,4985.0,109724,POINT (7.30387 43.714417),True,7.30387,43.714417,train,109724
1928,2017,0.0,4.0,MEDITERRANEAN,France,11125.0,110229,POINT (4.328764 43.45779),True,4.328764,43.45779,train,110229
1938,2018,0.0,-inf,MEDITERRANEAN,France,5116.0,110285,POINT (5.381253 43.23675),True,5.381253,43.23675,train,110285
1974,2020,2.0,200.0,MEDITERRANEAN,France,8424.0,112317,POINT (5.930338 43.275345),True,5.930338,43.275345,train,112317
2001,2017,1.0,,MEDITERRANEAN,France,9458.0,112770,POINT (3.87664 43.74519),True,3.87664,43.74519,train,112770
2017,2019,1.0,,MEDITERRANEAN,France,7837.0,112869,POINT (6.85389 43.73396),True,6.85389,43.73396,train,112869
2044,2021,5.0,250.0,MEDITERRANEAN,France,9458.0,114429,POINT (3.673639 43.65069),True,3.673639,43.65069,train,114429
2058,2020,10.0,50.0,MEDITERRANEAN,France,1531.0,115619,POINT (3.30575 43.25213),True,3.30575,43.25213,train,115619
2065,2017,0.0,9.0,MEDITERRANEAN,France,10051.0,116766,POINT (4.838646 43.37294),True,4.838646,43.37294,train,116766
2076,2019,1.0,,MEDITERRANEAN,France,3451.0,116851,POINT (6.78103 43.75498),True,6.78103,43.75498,train,116851
2099,2021,8.0,4.0,ALPINE,Spain,790.0,121083,POINT (2.147024 42.44538),True,2.147024,42.44538,train,121083
2116,2017,10.0,-inf,MEDITERRANEAN,France,7955.0,122084,POINT (3.517462 43.327664),True,3.517462,43.327664,train,122084
2117,2021,4.0,25.0,MEDITERRANEAN,France,11157.0,122228,POINT (4.211714 43.582824),True,4.211714,43.582824,train,122228
2137,2020,4.0,16.0,MEDITERRANEAN,France,5212.0,125141,POINT (5.946019 43.265662),True,5.946019,43.265662,train,125141
2147,2020,5.0,16.0,MEDITERRANEAN,France,5749.0,125395,POINT (3.734986 43.666896),True,3.734986,43.666896,train,125395
2167,2019,10.0,-inf,MEDITERRANEAN,France,265.0,125419,POINT (7.10847 43.73528),True,7.10847,43.73528,train,125419
2205,2017,10.0,-inf,MEDITERRANEAN,France,6279.0,126782,POINT (3.512509 43.324989),True,3.512509,43.324989,train,126782
2207,2019,10.0,16.0,MEDITERRANEAN,France,7315.0,128045,POINT (3.681813 43.393408),True,3.681813,43.393408,train,128045
2216,2021,10.0,30.0,MEDITERRANEAN,France,3958.0,128168,POINT (2.266228 43.187136),True,2.266228,43.187136,train,128168
2220,2017,10.0,500.0,MEDITERRANEAN,France,5018.0,128741,POINT (3.039056 42.812278),True,3.039056,42.812278,train,128741
2239,2017,0.0,100.0,MEDITERRANEAN,France,2010.0,129285,POINT (5.651342 43.632251),True,5.651342,43.632251,train,129285
2263,2021,5.0,100.0,MEDITERRANEAN,France,6205.0,129505,POINT (6.772295 43.823368),True,6.772295,43.823368,train,129505
2312,2019,1.0,,MEDITERRANEAN,France,5817.0,131138,POINT (3.67406 43.56808),True,3.67406,43.56808,train,131138
2331,2021,4.0,2.0,MEDITERRANEAN,France,351.0,131914,POINT (5.113644 44.133052),True,5.113644,44.133052,train,131914
2349,2017,1.0,,MEDITERRANEAN,France,3345.0,132019,POINT (7.51999 43.95636),True,7.51999,43.95636,train,132019
2373,2021,5.0,3.0,MEDITERRANEAN,France,9126.0,132200,POINT (6.866302 43.582673),True,6.866302,43.582673,train,132200
2392,2019,0.0,1000.0,MEDITERRANEAN,France,7749.0,133164,POINT (6.601929 43.182498),True,6.601929,43.182498,train,133164
2401,2017,10.0,100.0,MEDITERRANEAN,France,7090.0,135169,POINT (3.037667 42.812278),True,3.037667,42.812278,train,135169
2439,2021,5.0,-inf,MEDITERRANEAN,France,6685.0,136114,POINT (7.065517 43.843122),True,7.065517,43.843122,train,136114
2491,2018,1.0,,MEDITERRANEAN,France,3043.0,136183,POINT (5.06558 44.22553),True,5.06558,44.22553,train,136183
2528,2021,10.0,200.0,MEDITERRANEAN,France,9890.0,137049,POINT (4.48925 43.6383),True,4.48925,43.6383,train,137049
2535,2019,10.0,3.0,MEDITERRANEAN,France,8801.0,137790,POINT (6.38726 43.23525),True,6.38726,43.23525,train,137790
2540,2020,4.0,200.0,MEDITERRANEAN,France,6183.0,139939,POINT (3.799693 43.640571),True,3.799693,43.640571,train,139939
2586,2017,0.0,-inf,MEDITERRANEAN,France,10255.0,140170,POINT (3.691355 44.133894),True,3.691355,44.133894,train,140170
2595,2017,0.0,-inf,MEDITERRANEAN,France,5412.0,141423,POINT (3.87164 44.086848),True,3.87164,44.086848,train,141423
2613,2018,10.0,300.0,ALPINE,France,976.0,141480,POINT (1.965359 42.522781),True,1.965359,42.522781,train,141480
2637,2020,3.0,4.0,MEDITERRANEAN,France,7295.0,143151,POINT (3.778477 43.665287),True,3.778477,43.665287,train,143151
2639,2017,0.0,9.0,ALPINE,France,4842.0,143529,POINT (2.012209 42.618507),True,2.012209,42.618507,train,143529
2653,2021,5.0,50.0,MEDITERRANEAN,France,982.0,144245,POINT (3.217108 43.462851),True,3.217108,43.462851,train,144245
2674,2018,10.0,16.0,MEDITERRANEAN,France,5907.0,145163,POINT (3.016237 42.83064),True,3.016237,42.83064,train,145163
2685,2017,10.0,-inf,MEDITERRANEAN,France,7955.0,145963,POINT (3.514941 43.321379),True,3.514941,43.321379,train,145963
2711,2019,0.0,-inf,MEDITERRANEAN,France,1912.0,146073,POINT (6.035032 43.08018),True,6.035032,43.08018,train,146073
2740,2018,0.0,100.0,MEDITERRANEAN,France,9513.0,146432,POINT (5.62014 43.405444),True,5.62014,43.405444,train,146432
2754,2017,1.0,,CONTINENTAL,France,6989.0,147022,POINT (3.72009 44.4487),True,3.72009,44.4487,train,147022
2768,2017,10.0,-inf,MEDITERRANEAN,France,6279.0,147049,POINT (3.511221 43.318698),True,3.511221,43.318698,train,147049
2770,2018,0.0,-inf,MEDITERRANEAN,France,3347.0,147258,POINT (6.017738 43.118443),True,6.017738,43.118443,train,147258
2775,2020,3.0,16.0,MEDITERRANEAN,France,982.0,147654,POINT (4.040674 43.557183),True,4.040674,43.557183,train,147654
2782,2018,10.0,16.0,MEDITERRANEAN,France,1531.0,150025,POINT (3.037773 42.770605),True,3.037773,42.770605,train,150025
2792,2017,10.0,-inf,MEDITERRANEAN,France,7955.0,153397,POINT (3.519845 43.318657),True,3.519845,43.318657,train,153397
2794,2018,0.0,16.0,ALPINE,France,96.0,153400,POINT (6.836574 44.306508),True,6.836574,44.306508,train,153400
2823,2021,0.0,8.0,ALPINE,France,2184.0,154518,POINT (7.474419 44.082489),True,7.474419,44.082489,train,154518
2830,2017,0.0,250.0,MEDITERRANEAN,France,9572.0,154902,POINT (5.498877 43.227081),True,5.498877,43.227081,train,154902
2837,2019,0.0,50.0,MEDITERRANEAN,France,1986.0,155109,POINT (3.277655 43.835171),True,3.277655,43.835171,train,155109
2850,2018,10.0,-inf,ALPINE,France,4638.0,155637,POINT (1.957972 42.743639),True,1.957972,42.743639,train,155637
2932,2021,5.0,100.0,MEDITERRANEAN,France,9458.0,159175,POINT (3.10722 43.14834),True,3.10722,43.14834,train,159175
2951,2018,10.0,-inf,MEDITERRANEAN,France,3738.0,160720,POINT (7.089966 43.610477),True,7.089966,43.610477,train,160720
2994,2017,0.0,4.0,MEDITERRANEAN,France,6048.0,161458,POINT (5.645082 43.540901),True,5.645082,43.540901,train,161458
3013,2020,10.0,100.0,MEDITERRANEAN,France,5665.0,161720,POINT (4.95533 44.0551),True,4.95533,44.0551,train,161720
3035,2021,6.0,25.0,MEDITERRANEAN,France,600.0,162843,POINT (3.781245 43.465838),True,3.781245,43.465838,train,162843
3044,2021,5.0,-inf,MEDITERRANEAN,France,9261.0,167065,POINT (7.213439 43.81203),True,7.213439,43.81203,train,167065
3065,2021,4.0,50.0,MEDITERRANEAN,France,4003.0,167253,POINT (5.11592 44.134311),True,5.11592,44.134311,train,167253
3089,2019,1.0,,MEDITERRANEAN,France,8542.0,170239,POINT (2.38817 43.1989),True,2.38817,43.1989,train,170239
3104,2019,1.0,,CONTINENTAL,France,8055.0,171223,POINT (3.50045 44.75706),True,3.50045,44.75706,train,171223
3128,2019,10.0,-inf,ALPINE,France,3479.0,171527,POINT (7.37407 43.9745),True,7.37407,43.9745,train,171527
3174,2020,3.0,16.0,MEDITERRANEAN,France,982.0,174090,POINT (4.027906 43.557821),True,4.027906,43.557821,train,174090
3183,2021,10.0,200.0,MEDITERRANEAN,France,2753.0,174117,POINT (4.78159 43.6543),True,4.78159,43.6543,train,174117
3211,2020,3.0,4.0,MEDITERRANEAN,France,11078.0,174363,POINT (3.873591 43.545822),True,3.873591,43.545822,train,174363
3212,2019,10.0,100.0,MEDITERRANEAN,France,6039.0,175385,POINT (5.369457 43.208176),True,5.369457,43.208176,train,175385
3227,2017,0.0,-inf,MEDITERRANEAN,France,6205.0,175962,POINT (3.711102 44.221871),True,3.711102,44.221871,train,175962
3247,2017,1.0,,MEDITERRANEAN,France,51.0,177046,POINT (3.98725 44.13921),True,3.98725,44.13921,train,177046
3284,2018,1.0,,CONTINENTAL,France,661.0,178711,POINT (3.34899 44.75855),True,3.34899,44.75855,train,178711
3300,2021,5.0,200.0,MEDITERRANEAN,France,180.0,179153,POINT (3.817879 43.593862),True,3.817879,43.593862,train,179153
3341,2018,1.0,,MEDITERRANEAN,France,476.0,179801,POINT (5.68119 43.63255),True,5.68119,43.63255,train,179801
3361,2017,0.0,40.0,MEDITERRANEAN,France,1304.0,180122,POINT (5.335572 43.370798),True,5.335572,43.370798,train,180122
3384,2017,10.0,100.0,MEDITERRANEAN,France,2211.0,180288,POINT (1.995278 42.841917),True,1.995278,42.841917,train,180288
3416,2019,0.0,50.0,MEDITERRANEAN,France,10305.0,180304,POINT (3.798708 43.793822),True,3.798708,43.793822,train,180304
3426,2017,0.0,-inf,MEDITERRANEAN,France,5071.0,184068,POINT (3.822054 44.147519),True,3.822054,44.147519,train,184068
3435,2021,5.0,100.0,MEDITERRANEAN,France,4029.0,184441,POINT (3.070178 43.13099),True,3.070178,43.13099,train,184441
3449,2019,10.0,-inf,MEDITERRANEAN,France,1531.0,184776,POINT (3.244209 43.216781),True,3.244209,43.216781,train,184776
3457,2021,10.0,200.0,MEDITERRANEAN,France,4326.0,185246,POINT (4.98129 43.4805),True,4.98129,43.4805,train,185246
3485,2020,4.0,400.0,MEDITERRANEAN,France,981.0,185866,POINT (2.775296 43.53831),True,2.775296,43.53831,train,185866
3491,2019,1.0,,MEDITERRANEAN,France,7706.0,186334,POINT (5.37692 43.96538),True,5.37692,43.96538,train,186334
3516,2017,1.0,,MEDITERRANEAN,France,6945.0,186953,POINT (6.04968 43.58454),True,6.04968,43.58454,train,186953
3532,2021,5.0,1.0,MEDITERRANEAN,France,10910.0,187105,POINT (4.797061 44.206054),True,4.797061,44.206054,train,187105
3537,2020,10.0,40.0,MEDITERRANEAN,France,4719.0,187322,POINT (5.15352 44.1683),True,5.15352,44.1683,train,187322
3545,2017,0.0,-inf,MEDITERRANEAN,France,10896.0,187491,POINT (3.779655 44.231649),True,3.779655,44.231649,train,187491
3555,2021,5.0,16.0,MEDITERRANEAN,France,8959.0,189445,POINT (6.48424 43.272725),True,6.48424,43.272725,train,189445
3573,2017,0.0,-inf,MEDITERRANEAN,France,10255.0,190262,POINT (3.667701 44.205554),True,3.667701,44.205554,train,190262
3583,2018,10.0,16.0,MEDITERRANEAN,France,3466.0,191441,POINT (3.051268 42.89122),True,3.051268,42.89122,train,191441
3602,2017,0.0,-inf,MEDITERRANEAN,France,6711.0,192823,POINT (3.741025 44.207073),True,3.741025,44.207073,train,192823
3623,2017,1.0,,CONTINENTAL,France,8512.0,192968,POINT (2.66078 43.62979),True,2.66078,43.62979,train,192968
3634,2021,5.0,4.0,MEDITERRANEAN,France,5754.0,194829,POINT (3.811427 43.626003),True,3.811427,43.626003,train,194829
3651,2021,6.0,250.0,MEDITERRANEAN,France,3935.0,195742,POINT (2.930362 43.466767),True,2.930362,43.466767,train,195742
3663,2017,0.0,16.0,MEDITERRANEAN,France,1176.0,197574,POINT (3.348627 43.272369),True,3.348627,43.272369,train,197574
3680,2020,10.0,20.0,MEDITERRANEAN,France,544.0,198419,POINT (5.3517 43.9967),True,5.3517,43.9967,train,198419
3705,2020,10.0,40.0,MEDITERRANEAN,France,5876.0,198580,POINT (3.038264 42.769881),True,3.038264,42.769881,train,198580
3710,2021,0.0,50.0,MEDITERRANEAN,France,8542.0,199939,POINT (7.006793 43.869172),True,7.006793,43.869172,train,199939
3739,2017,10.0,16.0,MEDITERRANEAN,France,6410.0,200232,POINT (3.349625 43.272509),True,3.349625,43.272509,train,200232
3756,2019,10.0,-inf,MEDITERRANEAN,France,7848.0,201007,POINT (7.07009 43.7589),True,7.07009,43.7589,train,201007
3791,2021,6.0,100.0,MEDITERRANEAN,France,2756.0,201492,POINT (2.970333 43.478855),True,2.970333,43.478855,train,201492
3804,2020,5.0,25.0,MEDITERRANEAN,France,857.0,202925,POINT (3.8727 43.525571),True,3.8727,43.525571,train,202925
3811,2019,10.0,-inf,MEDITERRANEAN,France,6491.0,204819,POINT (3.15949 43.246358),True,3.15949,43.246358,train,204819
3816,2018,1.0,,MEDITERRANEAN,France,10909.0,205501,POINT (7.36141 43.85571),True,7.36141,43.85571,train,205501
3843,2018,1.0,,MEDITERRANEAN,France,476.0,205557,POINT (5.10014 43.39715),True,5.10014,43.39715,train,205557
3860,2018,0.0,30.0,MEDITERRANEAN,France,4748.0,206390,POINT (6.027474 43.115478),True,6.027474,43.115478,train,206390
3872,2021,5.0,250.0,MEDITERRANEAN,France,5474.0,206532,POINT (4.051606 43.91051),True,4.051606,43.91051,train,206532
3891,2017,1.0,,MEDITERRANEAN,France,7322.0,208023,POINT (5.82572 43.16023),True,5.82572,43.16023,train,208023
3904,2018,0.0,-inf,MEDITERRANEAN,France,1069.0,209881,POINT (4.853425 43.666228),True,4.853425,43.666228,train,209881
3917,2021,4.0,4.0,MEDITERRANEAN,France,5528.0,210853,POINT (2.800612 42.993388),True,2.800612,42.993388,train,210853
3934,2018,1.0,,CONTINENTAL,France,6788.0,211601,POINT (3.34575 44.57869),True,3.34575,44.57869,train,211601
3964,2019,10.0,-inf,MEDITERRANEAN,France,1300.0,211654,POINT (3.230413 43.20849),True,3.230413,43.20849,train,211654
3968,2019,10.0,100.0,ALPINE,France,3256.0,212056,POINT (6.96904 44.1814),True,6.96904,44.1814,train,212056
3978,2017,1.0,,MEDITERRANEAN,France,1276.0,212288,POINT (7.04047 43.88811),True,7.04047,43.88811,train,212288
4001,2017,0.0,100.0,MEDITERRANEAN,France,10746.0,212977,POINT (5.762274 43.709061),True,5.762274,43.709061,train,212977
4041,2017,0.0,100.0,MEDITERRANEAN,France,11157.0,213196,POINT (4.842152 43.49335),True,4.842152,43.49335,train,213196
4061,2018,1.0,,CONTINENTAL,France,1539.0,213436,POINT (2.75924 43.55754),True,2.75924,43.55754,train,213436
4066,2021,8.0,3.0,ALPINE,Spain,1678.0,214551,POINT (2.146881 42.445405),True,2.146881,42.445405,train,214551
4084,2018,1.0,,MEDITERRANEAN,France,2634.0,215741,POINT (5.08882 44.18896),True,5.08882,44.18896,train,215741
4112,2019,1.0,,MEDITERRANEAN,France,1539.0,218783,POINT (2.09425 43.00099),True,2.09425,43.00099,train,218783
4143,2021,5.0,250.0,MEDITERRANEAN,France,2474.0,219486,POINT (3.663083 43.681985),True,3.663083,43.681985,train,219486
4179,2020,10.0,10.0,MEDITERRANEAN,France,1712.0,221878,POINT (5.14838 44.1709),True,5.14838,44.1709,train,221878
4211,2017,0.0,16.0,MEDITERRANEAN,France,7863.0,224032,POINT (4.842069 43.493846),True,4.842069,43.493846,train,224032
4224,2017,0.0,-inf,MEDITERRANEAN,France,10711.0,225470,POINT (3.782698 44.239891),True,3.782698,44.239891,train,225470
4236,2021,5.0,16.0,MEDITERRANEAN,France,1300.0,228731,POINT (4.042073 43.55718),True,4.042073,43.55718,train,228731
4241,2017,1.0,,MEDITERRANEAN,France,2783.0,230245,POINT (6.96456 43.87336),True,6.96456,43.87336,train,230245
4258,2020,3.0,25.0,MEDITERRANEAN,France,8027.0,231249,POINT (3.780539 43.462245),True,3.780539,43.462245,train,231249
4301,2017,0.0,4.0,MEDITERRANEAN,France,167.0,232104,POINT (4.843038 43.493605),True,4.843038,43.493605,train,232104
4312,2018,10.0,-inf,MEDITERRANEAN,France,1458.0,232396,POINT (6.137423 43.031628),True,6.137423,43.031628,train,232396
4319,2017,10.0,-inf,MEDITERRANEAN,France,6279.0,234118,POINT (3.522697 43.319264),True,3.522697,43.319264,train,234118
4320,2021,4.0,25.0,ALPINE,Andorra,6805.0,235270,POINT (1.729624 42.521767),True,1.729624,42.521767,train,235270
4334,2021,5.0,-inf,MEDITERRANEAN,France,6067.0,235852,POINT (7.073484 43.840935),True,7.073484,43.840935,train,235852
4371,2017,0.0,50.0,MEDITERRANEAN,France,5557.0,238514,POINT (4.801216 43.591324),True,4.801216,43.591324,train,238514
4398,2018,0.0,40.0,MEDITERRANEAN,France,2421.0,239512,POINT (6.09618 43.134751),True,6.09618,43.134751,train,239512
4414,2017,1.0,,MEDITERRANEAN,France,3089.0,242168,POINT (5.8587 43.69889),True,5.8587,43.69889,train,242168
4431,2019,1.0,,MEDITERRANEAN,France,4003.0,242898,POINT (5.08184 44.04519),True,5.08184,44.04519,train,242898
4451,2018,1.0,,MEDITERRANEAN,France,5474.0,243614,POINT (6.41913 43.21127),True,6.41913,43.21127,train,243614
4454,2019,1.0,,ALPINE,France,1850.0,249956,POINT (2.24178 42.60604),True,2.24178,42.60604,train,249956
4510,2017,1.0,,MEDITERRANEAN,France,9572.0,250842,POINT (6.15516 43.31094),True,6.15516,43.31094,train,250842
4529,2017,10.0,16.0,MEDITERRANEAN,France,5203.0,251023,POINT (3.3507 43.273217),True,3.3507,43.273217,train,251023
4536,2020,10.0,40.0,MEDITERRANEAN,France,2243.0,254091,POINT (4.032492 43.556308),True,4.032492,43.556308,train,254091
4540,2018,0.0,50.0,MEDITERRANEAN,France,8542.0,254171,POINT (5.459304 43.377751),True,5.459304,43.377751,train,254171
4567,2021,4.0,25.0,MEDITERRANEAN,France,2634.0,254274,POINT (3.07457 43.481175),True,3.07457,43.481175,train,254274
4589,2021,10.0,-inf,MEDITERRANEAN,France,838.0,254597,POINT (5.09456 44.1867),True,5.09456,44.1867,train,254597
4592,2017,1.0,,CONTINENTAL,France,10247.0,255328,POINT (2.80896 43.59329),True,2.80896,43.59329,train,255328
4603,2020,4.0,200.0,MEDITERRANEAN,France,8424.0,257231,POINT (5.987313 43.254999),True,5.987313,43.254999,train,257231
4639,2018,1.0,,MEDITERRANEAN,France,2120.0,259931,POINT (5.7038 43.59586),True,5.7038,43.59586,train,259931
4659,2021,5.0,250.0,CONTINENTAL,France,3177.0,260104,POINT (2.715159 43.443754),True,2.715159,43.443754,train,260104
4674,2019,10.0,-inf,MEDITERRANEAN,France,3166.0,260148,POINT (6.01434 43.09983),True,6.01434,43.09983,train,260148
4677,2017,0.0,100.0,MEDITERRANEAN,France,11013.0,261126,POINT (5.645144 43.541169),True,5.645144,43.541169,train,261126
4682,2017,1.0,,MEDITERRANEAN,France,5335.0,261258,POINT (4.62027 43.73208),True,4.62027,43.73208,train,261258
4694,2019,1.0,,MEDITERRANEAN,France,11157.0,261722,POINT (2.38809 43.10906),True,2.38809,43.10906,train,261722
4721,2021,10.0,200.0,MEDITERRANEAN,France,8926.0,262374,POINT (4.74284 43.6353),True,4.74284,43.6353,train,262374
4732,2017,0.0,16.0,MEDITERRANEAN,France,7863.0,262403,POINT (4.548495 43.455269),True,4.548495,43.455269,train,262403
4752,2021,6.0,-inf,MEDITERRANEAN,France,5969.0,265114,POINT (6.696984 43.660528),True,6.696984,43.660528,train,265114
4768,2021,10.0,300.0,MEDITERRANEAN,France,4814.0,265729,POINT (5.73352 43.71038),True,5.73352,43.71038,train,265729
4788,2018,1.0,,MEDITERRANEAN,France,1208.0,266915,POINT (4.42398 43.78999),True,4.42398,43.78999,train,266915
4799,2019,1.0,,MEDITERRANEAN,Spain,3581.0,267825,POINT (2.58154 42.46214),True,2.58154,42.46214,train,267825
4830,2020,10.0,300.0,MEDITERRANEAN,France,8328.0,267859,POINT (6.4539 43.1705),True,6.4539,43.1705,train,267859
4845,2017,10.0,-inf,MEDITERRANEAN,France,7955.0,272074,POINT (3.511261 43.323196),True,3.511261,43.323196,train,272074
4847,2020,4.0,16.0,MEDITERRANEAN,France,2101.0,272887,POINT (2.971003 43.043138),True,2.971003,43.043138,train,272887
4860,2021,5.0,250.0,MEDITERRANEAN,France,5335.0,276071,POINT (3.414807 43.950937),True,3.414807,43.950937,train,276071
4877,2021,5.0,30.0,MEDITERRANEAN,France,3723.0,276582,POINT (5.118346 44.137707),True,5.118346,44.137707,train,276582
4887,2017,1.0,,MEDITERRANEAN,France,1736.0,277149,POINT (6.18336 43.36392),True,6.18336,43.36392,train,277149
4908,2020,4.0,16.0,MEDITERRANEAN,France,3893.0,277636,POINT (2.731324 42.982716),True,2.731324,42.982716,train,277636
4931,2021,4.0,4.0,MEDITERRANEAN,France,154.0,279888,POINT (6.448219 43.270829),True,6.448219,43.270829,train,279888
4953,2021,4.0,250.0,MEDITERRANEAN,France,6235.0,280384,POINT (3.635308 43.929247),True,3.635308,43.929247,train,280384
4972,2021,10.0,50.0,MEDITERRANEAN,France,51.0,280731,POINT (6.92913 43.47499),True,6.92913,43.47499,train,280731
4986,2020,10.0,80.0,MEDITERRANEAN,France,8328.0,281649,POINT (5.4204 43.68857),True,5.4204,43.68857,train,281649
5003,2017,1.0,,MEDITERRANEAN,France,4238.0,282913,POINT (6.48382 43.76676),True,6.48382,43.76676,train,282913
5019,2017,10.0,-inf,MEDITERRANEAN,France,6279.0,284269,POINT (3.512453 43.318692),True,3.512453,43.318692,train,284269
5021,2017,0.0,4.0,MEDITERRANEAN,France,701.0,284436,POINT (5.029832 43.337018),True,5.029832,43.337018,train,284436
5056,2020,13.0,200.0,MEDITERRANEAN,France,6909.0,287494,POINT (6.404176 43.265097),True,6.404176,43.265097,train,287494
5071,2018,10.0,-inf,MEDITERRANEAN,France,7955.0,288149,POINT (2.974478 42.804148),True,2.974478,42.804148,train,288149
5072,2018,1.0,,MEDITERRANEAN,France,10946.0,288161,POINT (6.90916 43.80367),True,6.90916,43.80367,train,288161
5079,2017,0.0,3.0,MEDITERRANEAN,France,6141.0,288315,POINT (5.578698 43.242961),True,5.578698,43.242961,train,288315
5090,2021,4.0,250.0,MEDITERRANEAN,France,9458.0,288996,POINT (3.89073 43.977619),True,3.89073,43.977619,train,288996
5105,2018,0.0,3.0,MEDITERRANEAN,France,9194.0,289201,POINT (6.137245 43.032192),True,6.137245,43.032192,train,289201
5108,2019,10.0,50.0,MEDITERRANEAN,France,265.0,291674,POINT (7.38088 43.7438),True,7.38088,43.7438,train,291674
5145,2021,4.0,16.0,MEDITERRANEAN,France,1842.0,293463,POINT (6.556187 43.254866),True,6.556187,43.254866,train,293463
5176,2020,10.0,-inf,MEDITERRANEAN,France,11159.0,294514,POINT (6.48523 43.1667),True,6.48523,43.1667,train,294514
5186,2017,0.0,30.0,MEDITERRANEAN,France,8549.0,295222,POINT (5.644932 43.54113),True,5.644932,43.54113,train,295222
5198,2017,1.0,,MEDITERRANEAN,France,11157.0,296963,POINT (5.89252 43.44588),True,5.89252,43.44588,train,296963
5221,2021,10.0,10.0,ALPINE,France,2621.0,298081,POINT (2.124917 42.61675),True,2.124917,42.61675,train,298081
5224,2017,1.0,,MEDITERRANEAN,France,5412.0,298821,POINT (5.35491 44.01998),True,5.35491,44.01998,train,298821
5236,2020,10.0,50.0,MEDITERRANEAN,France,6108.0,299805,POINT (5.25882 44.1777),True,5.25882,44.1777,train,299805
5252,2018,10.0,200.0,MEDITERRANEAN,France,9766.0,300306,POINT (7.138359 43.723787),True,7.138359,43.723787,train,300306
5302,2017,0.0,-inf,ALPINE,France,4842.0,302950,POINT (2.458474 42.505313),True,2.458474,42.505313,train,302950
5303,2021,5.0,250.0,MEDITERRANEAN,France,11157.0,303035,POINT (3.639159 43.708525),True,3.639159,43.708525,train,303035
5318,2017,0.0,4.0,MEDITERRANEAN,France,9696.0,303251,POINT (4.55204 43.453896),True,4.55204,43.453896,train,303251
5339,2020,10.0,40.0,MEDITERRANEAN,France,2485.0,304350,POINT (6.77923 43.4582),True,6.77923,43.4582,train,304350
5364,2019,10.0,-inf,MEDITERRANEAN,France,1497.0,305031,POINT (7.36256 43.74),True,7.36256,43.74,train,305031
5394,2021,4.0,9.0,MEDITERRANEAN,France,9555.0,307760,POINT (7.118056 43.657675),True,7.118056,43.657675,train,307760
5413,2017,0.0,-inf,MEDITERRANEAN,France,7817.0,308806,POINT (3.800781 44.120233),True,3.800781,44.120233,train,308806
5429,2018,1.0,,MEDITERRANEAN,France,6039.0,309203,POINT (3.37809 43.60729),True,3.37809,43.60729,train,309203
5435,2020,3.0,25.0,MEDITERRANEAN,France,8027.0,309779,POINT (3.873274 43.523337),True,3.873274,43.523337,train,309779
5438,2017,0.0,-inf,MEDITERRANEAN,France,981.0,309814,POINT (3.714254 44.109283),True,3.714254,44.109283,train,309814
5447,2021,10.0,15.0,MEDITERRANEAN,France,3464.0,312428,POINT (6.9242 43.46358),True,6.9242,43.46358,train,312428
5459,2020,10.0,-inf,MEDITERRANEAN,France,4725.0,312762,POINT (5.24522 44.17282),True,5.24522,44.17282,train,312762
5465,2018,0.0,16.0,ALPINE,France,7817.0,313100,POINT (7.341512 44.114921),True,7.341512,44.114921,train,313100
5476,2019,10.0,-inf,MEDITERRANEAN,France,11176.0,313823,POINT (7.08654 44.0081),True,7.08654,44.0081,train,313823
5507,2019,1.0,,MEDITERRANEAN,France,9415.0,314652,POINT (6.36502 43.14134),True,6.36502,43.14134,train,314652
5528,2018,0.0,-inf,MEDITERRANEAN,France,6703.0,314709,POINT (4.407774 43.533216),True,4.407774,43.533216,train,314709
5531,2017,0.0,-inf,MEDITERRANEAN,France,6788.0,314837,POINT (3.829365 44.150777),True,3.829365,44.150777,train,314837
5546,2020,10.0,40.0,MEDITERRANEAN,France,4477.0,315101,POINT (6.50416 43.1578),True,6.50416,43.1578,train,315101
5569,2021,5.0,10.0,MEDITERRANEAN,France,7955.0,316708,POINT (4.837204 43.480366),True,4.837204,43.480366,train,316708
5572,2018,10.0,25.0,MEDITERRANEAN,France,5483.0,318599,POINT (5.653972 43.248112),True,5.653972,43.248112,train,318599
5603,2017,1.0,,CONTINENTAL,France,4499.0,319091,POINT (3.24684 44.68748),True,3.24684,44.68748,train,319091
5616,2019,0.0,-inf,MEDITERRANEAN,France,1458.0,319822,POINT (6.025211 43.079044),True,6.025211,43.079044,train,319822
5621,2019,10.0,20.0,MEDITERRANEAN,Monaco,5721.0,320284,POINT (7.40001 43.7499),True,7.40001,43.7499,train,320284
5647,2017,0.0,200.0,MEDITERRANEAN,France,5907.0,321123,POINT (6.097477 43.02915),True,6.097477,43.02915,train,321123
5662,2017,0.0,100.0,MEDITERRANEAN,France,10520.0,321406,POINT (4.322339 43.458778),True,4.322339,43.458778,train,321406
5670,2017,0.0,5.0,MEDITERRANEAN,France,4184.0,321454,POINT (5.601029 43.237466),True,5.601029,43.237466,train,321454
5683,2017,0.0,-inf,MEDITERRANEAN,France,9669.0,322529,POINT (3.648687 44.1678),True,3.648687,44.1678,train,322529
5699,2020,10.0,10.0,MEDITERRANEAN,France,5018.0,322775,POINT (5.46568 43.9118),True,5.46568,43.9118,train,322775
5731,2018,10.0,16.0,MEDITERRANEAN,France,1912.0,323916,POINT (3.023063 42.853839),True,3.023063,42.853839,train,323916
5736,2019,1.0,,MEDITERRANEAN,France,5474.0,325562,POINT (4.03718 44.13844),True,4.03718,44.13844,train,325562
5753,2019,0.0,30.0,MEDITERRANEAN,France,10695.0,326700,POINT (6.581187 43.187097),True,6.581187,43.187097,train,326700
5761,2017,0.0,25.0,MEDITERRANEAN,France,10346.0,327518,POINT (5.668211 43.318272),True,5.668211,43.318272,train,327518
5799,2020,10.0,-inf,MEDITERRANEAN,France,10909.0,328265,POINT (6.48975 43.1678),True,6.48975,43.1678,train,328265
5803,2019,10.0,150.0,MEDITERRANEAN,France,9862.0,329048,POINT (6.59585 43.2161),True,6.59585,43.2161,train,329048
5833,2021,10.0,200.0,MEDITERRANEAN,France,10520.0,329514,POINT (5.04475 43.459),True,5.04475,43.459,train,329514
5848,2017,10.0,100.0,MEDITERRANEAN,France,4481.0,330178,POINT (6.871354 43.454166),True,6.871354,43.454166,train,330178
5853,2019,1.0,,MEDITERRANEAN,France,2756.0,330302,POINT (6.50465 43.71195),True,6.50465,43.71195,train,330302
5871,2021,4.0,400.0,MEDITERRANEAN,France,8860.0,330396,POINT (7.12521 43.82172),True,7.12521,43.82172,train,330396
5910,2017,10.0,4.0,MEDITERRANEAN,France,1069.0,331022,POINT (5.120211 43.507503),True,5.120211,43.507503,train,331022
5915,2018,10.0,-inf,MEDITERRANEAN,France,1303.0,331054,POINT (5.68054 43.301334),True,5.68054,43.301334,train,331054
5925,2017,10.0,-inf,MEDITERRANEAN,France,7955.0,331861,POINT (3.522358 43.324042),True,3.522358,43.324042,train,331861
5926,2017,0.0,100.0,MEDITERRANEAN,France,5466.0,333050,POINT (4.677046 43.495084),True,4.677046,43.495084,train,333050
5935,2020,10.0,5.0,MEDITERRANEAN,France,6141.0,333305,POINT (4.96777 44.2596),True,4.96777,44.2596,train,333305
5947,2020,10.0,4.0,MEDITERRANEAN,France,9816.0,334567,POINT (7.036036 43.791257),True,7.036036,43.791257,train,334567
5950,2018,10.0,16.0,MEDITERRANEAN,France,1531.0,334691,POINT (3.05237 42.892775),True,3.05237,42.892775,train,334691
5960,2021,5.0,10.0,MEDITERRANEAN,France,9341.0,334845,POINT (4.597579 43.406756),True,4.597579,43.406756,train,334845
5968,2020,9.0,50.0,MEDITERRANEAN,France,9572.0,334994,POINT (4.042026 43.560467),True,4.042026,43.560467,train,334994
5986,2017,1.0,,MEDITERRANEAN,France,1092.0,336097,POINT (2.41224 42.82159),True,2.41224,42.82159,train,336097
6004,2021,4.0,-inf,MEDITERRANEAN,France,10522.0,340471,POINT (6.693366 43.66256),True,6.693366,43.66256,train,340471
6037,2020,10.0,60.0,MEDITERRANEAN,France,6235.0,342998,POINT (2.322528 43.333722),True,2.322528,43.333722,train,342998
6047,2017,0.0,6.0,MEDITERRANEAN,France,10514.0,343369,POINT (5.389725 43.274586),True,5.389725,43.274586,train,343369
6107,2018,0.0,25.0,MEDITERRANEAN,France,8908.0,345281,POINT (3.689522 43.791013),True,3.689522,43.791013,train,345281
6112,2017,0.0,100.0,MEDITERRANEAN,France,9513.0,345597,POINT (4.335257 43.47038),True,4.335257,43.47038,train,345597
6120,2017,10.0,16.0,MEDITERRANEAN,France,1625.0,345757,POINT (5.585725 43.169552),True,5.585725,43.169552,train,345757
6142,2019,1.0,,MEDITERRANEAN,France,4169.0,345900,POINT (4.86 44.10453),True,4.86,44.10453,train,345900
6155,2017,0.0,16.0,MEDITERRANEAN,France,8482.0,347534,POINT (3.349752 43.27313),True,3.349752,43.27313,train,347534
6171,2017,0.0,300.0,MEDITERRANEAN,France,5704.0,347582,POINT (5.123612 43.508868),True,5.123612,43.508868,train,347582
6191,2018,0.0,70.0,MEDITERRANEAN,France,1318.0,348927,POINT (6.919534 43.449019),True,6.919534,43.449019,train,348927
6205,2021,5.0,250.0,MEDITERRANEAN,France,6226.0,350783,POINT (2.837286 43.528236),True,2.837286,43.528236,train,350783
6226,2017,0.0,30.0,MEDITERRANEAN,France,11240.0,352047,POINT (4.778805 43.350112),True,4.778805,43.350112,train,352047
6234,2017,0.0,-inf,MEDITERRANEAN,France,10255.0,353186,POINT (3.778916 44.158672),True,3.778916,44.158672,train,353186
6247,2021,5.0,250.0,CONTINENTAL,France,1888.0,354918,POINT (2.731548 43.557217),True,2.731548,43.557217,train,354918
6260,2021,10.0,5.0,ALPINE,France,8818.0,358595,POINT (2.089639 42.608194),True,2.089639,42.608194,train,358595
6270,2021,10.0,4.0,MEDITERRANEAN,France,3222.0,359264,POINT (3.833137 43.79374),True,3.833137,43.79374,train,359264
6283,2019,10.0,-inf,MEDITERRANEAN,France,7322.0,360573,POINT (7.15598 44.0274),True,7.15598,44.0274,train,360573
6317,2020,3.0,100.0,MEDITERRANEAN,France,2683.0,361442,POINT (4.016048 43.555686),True,4.016048,43.555686,train,361442
6324,2020,4.0,16.0,MEDITERRANEAN,France,10281.0,362582,POINT (2.824809 43.006533),True,2.824809,43.006533,train,362582
6364,2017,10.0,-inf,MEDITERRANEAN,France,3581.0,363756,POINT (3.751313 44.100322),True,3.751313,44.100322,train,363756
6374,2018,10.0,-inf,MEDITERRANEAN,France,5219.0,365252,POINT (7.014472 43.631637),True,7.014472,43.631637,train,365252
6414,2020,10.0,20.0,MEDITERRANEAN,France,6235.0,365655,POINT (6.4982 43.16278),True,6.4982,43.16278,train,365655
6424,2019,10.0,8.0,MEDITERRANEAN,France,9024.0,367099,POINT (3.501244 44.034842),True,3.501244,44.034842,train,367099
6434,2018,10.0,16.0,MEDITERRANEAN,France,1312.0,367361,POINT (5.685169 43.695532),True,5.685169,43.695532,train,367361
6439,2017,0.0,10.0,MEDITERRANEAN,France,6560.0,368159,POINT (5.030167 43.337777),True,5.030167,43.337777,train,368159
6455,2018,10.0,18.0,MEDITERRANEAN,France,8904.0,376334,POINT (3.674458 43.798774),True,3.674458,43.798774,train,376334
6468,2018,10.0,16.0,MEDITERRANEAN,France,5876.0,376445,POINT (3.051399 42.887551),True,3.051399,42.887551,train,376445
6473,2019,1.0,,MEDITERRANEAN,France,10909.0,377144,POINT (2.73044 42.96461),True,2.73044,42.96461,train,377144
6482,2017,0.0,-inf,MEDITERRANEAN,France,1062.0,378779,POINT (4.333947 43.458131),True,4.333947,43.458131,train,378779
6496,2021,5.0,250.0,MEDITERRANEAN,France,5412.0,379232,POINT (3.923665 43.972812),True,3.923665,43.972812,train,379232
6515,2017,10.0,-inf,MEDITERRANEAN,France,7955.0,379819,POINT (3.512469 43.320491),True,3.512469,43.320491,train,379819
6517,2021,10.0,3.0,MEDITERRANEAN,France,5901.0,381873,POINT (5.09462 44.1868),True,5.09462,44.1868,train,381873
6539,2018,0.0,25.0,CONTINENTAL,France,8224.0,383504,POINT (3.103298 44.599797),True,3.103298,44.599797,train,383504
6572,2020,5.0,-inf,MEDITERRANEAN,France,10822.0,384121,POINT (7.118866 43.822553),True,7.118866,43.822553,train,384121
6596,2019,1.0,,CONTINENTAL,France,7817.0,384564,POINT (3.70415 44.82669),True,3.70415,44.82669,train,384564
6609,2021,5.0,-inf,MEDITERRANEAN,France,2474.0,384628,POINT (7.218271 43.818254),True,7.218271,43.818254,train,384628
6626,2017,0.0,40.0,MEDITERRANEAN,France,6874.0,385908,POINT (6.107004 43.030405),True,6.107004,43.030405,train,385908
6636,2020,10.0,30.0,MEDITERRANEAN,France,7576.0,387960,POINT (2.219 43.18825),True,2.219,43.18825,train,387960
6643,2018,10.0,16.0,MEDITERRANEAN,France,10537.0,391357,POINT (3.023322 42.858937),True,3.023322,42.858937,train,391357
6654,2021,10.0,6.0,ALPINE,Spain,2078.0,391805,POINT (2.147556 42.478861),True,2.147556,42.478861,train,391805
6666,2018,10.0,100.0,MEDITERRANEAN,France,3327.0,393036,POINT (3.707985 43.745107),True,3.707985,43.745107,train,393036
6672,2021,10.0,200.0,MEDITERRANEAN,France,9030.0,393538,POINT (4.7046 43.773),True,4.7046,43.773,train,393538
6701,2021,10.0,30.0,MEDITERRANEAN,France,6355.0,394209,POINT (4.39119 43.464),True,4.39119,43.464,train,394209
6707,2020,10.0,50.0,MEDITERRANEAN,France,4349.0,395659,POINT (3.232724 43.209527),True,3.232724,43.209527,train,395659
6720,2019,10.0,-inf,MEDITERRANEAN,France,2643.0,398261,POINT (6.564752 43.194557),True,6.564752,43.194557,train,398261
6743,2021,5.0,5.0,MEDITERRANEAN,France,10947.0,398789,POINT (7.118154 43.657826),True,7.118154,43.657826,train,398789
6777,2020,10.0,25.0,MEDITERRANEAN,France,1698.0,399010,POINT (6.50298 43.1865),True,6.50298,43.1865,train,399010
6799,2019,10.0,4.0,MEDITERRANEAN,France,3707.0,400451,POINT (7.11225 43.7355),True,7.11225,43.7355,train,400451
6823,2017,0.0,-inf,MEDITERRANEAN,France,10600.0,400658,POINT (3.696621 44.138316),True,3.696621,44.138316,train,400658
6832,2018,10.0,200.0,ALPINE,France,7739.0,400877,POINT (1.983806 42.861667),True,1.983806,42.861667,train,400877
6877,2018,1.0,,MEDITERRANEAN,France,8208.0,401832,POINT (5.34728 43.87624),True,5.34728,43.87624,train,401832
6899,2017,0.0,60.0,MEDITERRANEAN,France,2120.0,407038,POINT (5.579521 43.211801),True,5.579521,43.211801,train,407038
6917,2018,0.0,-inf,ALPINE,France,6708.0,407698,POINT (7.417005 43.945987),True,7.417005,43.945987,train,407698
6978,2018,1.0,,MEDITERRANEAN,France,2932.0,409221,POINT (3.70783 43.94525),True,3.70783,43.94525,train,409221
7020,2019,1.0,,MEDITERRANEAN,France,4258.0,414744,POINT (6.98496 43.81846),True,6.98496,43.81846,train,414744
7031,2019,10.0,100.0,MEDITERRANEAN,France,4628.0,414915,POINT (6.01665 43.1166),True,6.01665,43.1166,train,414915
7049,2020,10.0,-inf,MEDITERRANEAN,France,5483.0,415723,POINT (6.47923 43.1705),True,6.47923,43.1705,train,415723
7073,2020,10.0,50.0,MEDITERRANEAN,France,9877.0,415783,POINT (3.336018 43.265978),True,3.336018,43.265978,train,415783
7088,2018,0.0,25.0,CONTINENTAL,France,540.0,415866,POINT (3.696469 44.400469),True,3.696469,44.400469,train,415866
7120,2021,5.0,-inf,MEDITERRANEAN,France,6175.0,416072,POINT (6.862262 43.584984),True,6.862262,43.584984,train,416072
7136,2017,0.0,-inf,MEDITERRANEAN,France,981.0,417544,POINT (3.763266 44.157999),True,3.763266,44.157999,train,417544
7144,2020,4.0,3.0,MEDITERRANEAN,France,8340.0,417597,POINT (7.115122 43.833088),True,7.115122,43.833088,train,417597
7158,2020,10.0,30.0,MEDITERRANEAN,France,8921.0,417883,POINT (2.276528 43.163917),True,2.276528,43.163917,train,417883
7166,2020,12.0,16.0,MEDITERRANEAN,France,8542.0,420452,POINT (5.9088 43.27694),True,5.9088,43.27694,train,420452
7186,2020,10.0,50.0,MEDITERRANEAN,France,3324.0,423395,POINT (6.49897 43.1843),True,6.49897,43.1843,train,423395
7207,2017,0.0,16.0,MEDITERRANEAN,France,2940.0,423642,POINT (3.349247 43.273131),True,3.349247,43.273131,train,423642
7229,2021,5.0,16.0,MEDITERRANEAN,France,4659.0,423699,POINT (4.054543 43.558055),True,4.054543,43.558055,train,423699
7245,2017,0.0,100.0,MEDITERRANEAN,France,11157.0,424034,POINT (5.666954 43.318276),True,5.666954,43.318276,train,424034
7251,2020,4.0,400.0,CONTINENTAL,France,3958.0,424670,POINT (2.840617 43.594761),True,2.840617,43.594761,train,424670
7259,2020,3.0,25.0,MEDITERRANEAN,France,8323.0,425294,POINT (4.026906 43.557152),True,4.026906,43.557152,train,425294
7267,2017,1.0,,MEDITERRANEAN,France,4622.0,425636,POINT (3.22967 43.60861),True,3.22967,43.60861,train,425636
7304,2017,0.0,5.0,MEDITERRANEAN,France,2325.0,425901,POINT (4.335108 43.470354),True,4.335108,43.470354,train,425901
7323,2019,1.0,,ALPINE,France,9636.0,426190,POINT (7.52655 44.02813),True,7.52655,44.02813,train,426190
7344,2018,0.0,15.0,MEDITERRANEAN,France,9468.0,428801,POINT (3.714611 43.886119),True,3.714611,43.886119,train,428801
7410,2017,0.0,20.0,MEDITERRANEAN,France,4171.0,433550,POINT (7.123553 43.975208),True,7.123553,43.975208,train,433550
7444,2018,10.0,50.0,MEDITERRANEAN,France,4977.0,436086,POINT (5.724182 43.703602),True,5.724182,43.703602,train,436086
7454,2017,10.0,16.0,MEDITERRANEAN,France,10073.0,437182,POINT (5.551538 43.195286),True,5.551538,43.195286,train,437182
7461,2017,0.0,50.0,MEDITERRANEAN,France,1254.0,437349,POINT (5.639432 43.674549),True,5.639432,43.674549,train,437349
7493,2017,10.0,-inf,MEDITERRANEAN,France,7955.0,437521,POINT (3.517413 43.322267),True,3.517413,43.322267,train,437521
7495,2020,4.0,200.0,MEDITERRANEAN,France,5412.0,437930,POINT (5.955549 43.265285),True,5.955549,43.265285,train,437930
7526,2020,10.0,-inf,MEDITERRANEAN,France,6143.0,439008,POINT (6.918528 43.513829),True,6.918528,43.513829,train,439008
7542,2020,10.0,20.0,MEDITERRANEAN,France,9714.0,441096,POINT (6.51737 43.1645),True,6.51737,43.1645,train,441096
7564,2021,10.0,200.0,MEDITERRANEAN,France,2809.0,441147,POINT (4.42581 43.5077),True,4.42581,43.5077,train,441147
7566,2017,0.0,100.0,MEDITERRANEAN,France,8027.0,441542,POINT (4.853059 43.368114),True,4.853059,43.368114,train,441542
7579,2021,10.0,200.0,MEDITERRANEAN,France,3466.0,442066,POINT (5.13665 43.5066),True,5.13665,43.5066,train,442066
7603,2017,0.0,5.0,MEDITERRANEAN,France,1121.0,442783,POINT (4.853359 43.484385),True,4.853359,43.484385,train,442783
7618,2018,10.0,90.0,ALPINE,Spain,2569.0,445490,POINT (2.075583 42.471694),True,2.075583,42.471694,train,445490
7642,2017,0.0,50.0,MEDITERRANEAN,France,3465.0,445730,POINT (4.340406 43.467077),True,4.340406,43.467077,train,445730
7646,2020,10.0,40.0,MEDITERRANEAN,France,2243.0,445851,POINT (3.31167 43.25481),True,3.31167,43.25481,train,445851
7656,2018,10.0,-inf,MEDITERRANEAN,France,9595.0,446072,POINT (4.619074 43.709713),True,4.619074,43.709713,train,446072
7666,2018,0.0,50.0,MEDITERRANEAN,France,8525.0,447553,POINT (4.6779 43.493838),True,4.6779,43.493838,train,447553
7673,2018,0.0,40.0,MEDITERRANEAN,France,540.0,447981,POINT (5.593906 43.476134),True,5.593906,43.476134,train,447981
7683,2017,0.0,-inf,MEDITERRANEAN,France,10255.0,449151,POINT (3.657676 44.206479),True,3.657676,44.206479,train,449151
7698,2017,10.0,-inf,MEDITERRANEAN,France,9974.0,449222,POINT (3.050778 42.892944),True,3.050778,42.892944,train,449222
7708,2018,10.0,16.0,MEDITERRANEAN,France,3125.0,449711,POINT (3.050567 42.886994),True,3.050567,42.886994,train,449711
7714,2018,10.0,30.0,MEDITERRANEAN,France,8482.0,450326,POINT (6.096476 43.134778),True,6.096476,43.134778,train,450326
7734,2018,10.0,-inf,MEDITERRANEAN,France,10909.0,450628,POINT (7.138804 43.723743),True,7.138804,43.723743,train,450628
7791,2021,10.0,60.0,MEDITERRANEAN,France,9513.0,451025,POINT (5.575087 43.179462),True,5.575087,43.179462,train,451025
7818,2018,1.0,,MEDITERRANEAN,France,464.0,451870,POINT (5.1815 44.04264),True,5.1815,44.04264,train,451870
7844,2020,10.0,100.0,MEDITERRANEAN,France,1176.0,452745,POINT (6.47887 43.1702),True,6.47887,43.1702,train,452745
7863,2018,10.0,50.0,MEDITERRANEAN,France,5016.0,453056,POINT (5.348706 43.226691),True,5.348706,43.226691,train,453056
7888,2018,0.0,30.0,ALPINE,France,843.0,453110,POINT (1.976023 42.53217),True,1.976023,42.53217,train,453110
7905,2021,10.0,25.0,ALPINE,France,4492.0,454270,POINT (2.0261 42.5696),True,2.0261,42.5696,train,454270
7906,2018,10.0,30.0,MEDITERRANEAN,France,8924.0,455690,POINT (6.017456 43.115156),True,6.017456,43.115156,train,455690
7925,2017,0.0,-inf,MEDITERRANEAN,France,11157.0,455957,POINT (3.879502 44.12611),True,3.879502,44.12611,train,455957
7955,2020,10.0,100.0,MEDITERRANEAN,France,146.0,456630,POINT (4.96624 44.2599),True,4.96624,44.2599,train,456630
7978,2017,1.0,,MEDITERRANEAN,France,3865.0,457776,POINT (2.72753 42.53353),True,2.72753,42.53353,train,457776
8016,2017,1.0,,CONTINENTAL,France,4775.0,458715,POINT (3.79726 44.51965),True,3.79726,44.51965,train,458715
8028,2018,1.0,,CONTINENTAL,France,6574.0,459405,POINT (3.14859 44.86814),True,3.14859,44.86814,train,459405
8050,2018,10.0,16.0,MEDITERRANEAN,France,6152.0,459978,POINT (3.031012 42.749019),True,3.031012,42.749019,train,459978
8079,2018,10.0,200.0,MEDITERRANEAN,France,8424.0,462879,POINT (7.140396 43.722223),True,7.140396,43.722223,train,462879
8123,2021,10.0,-inf,ALPINE,France,9826.0,463427,POINT (2.01196 42.545),True,2.01196,42.545,train,463427
8126,2017,1.0,,MEDITERRANEAN,France,2474.0,465140,POINT (4.35848 44.04302),True,4.35848,44.04302,train,465140
8146,2019,1.0,,MEDITERRANEAN,France,9458.0,465572,POINT (3.77383 43.60276),True,3.77383,43.60276,train,465572
8171,2017,10.0,-inf,MEDITERRANEAN,France,7955.0,466321,POINT (3.519861 43.320456),True,3.519861,43.320456,train,466321
8227,2019,10.0,-inf,MEDITERRANEAN,France,6208.0,468670,POINT (7.48818 44.0003),True,7.48818,44.0003,train,468670
8261,2018,10.0,16.0,MEDITERRANEAN,France,1959.0,468989,POINT (3.01552 42.799276),True,3.01552,42.799276,train,468989
8267,2020,10.0,200.0,MEDITERRANEAN,France,11195.0,469161,POINT (6.01982 43.122),True,6.01982,43.122,train,469161
8286,2017,0.0,4.0,MEDITERRANEAN,France,4530.0,469282,POINT (5.504692 43.406772),True,5.504692,43.406772,train,469282
8292,2017,0.0,-inf,MEDITERRANEAN,France,8151.0,469634,POINT (3.928053 44.131642),True,3.928053,44.131642,train,469634
8321,2017,10.0,-inf,MEDITERRANEAN,France,6685.0,470070,POINT (2.559611 43.378833),True,2.559611,43.378833,train,470070
8336,2018,0.0,-inf,MEDITERRANEAN,France,8542.0,471612,POINT (6.012961 43.117316),True,6.012961,43.117316,train,471612
8368,2021,5.0,100.0,MEDITERRANEAN,France,4530.0,473277,POINT (3.062519 43.139902),True,3.062519,43.139902,train,473277
8386,2017,1.0,,MEDITERRANEAN,Monaco,6689.0,473294,POINT (7.4014 43.74576),True,7.4014,43.74576,train,473294
8396,2020,10.0,150.0,MEDITERRANEAN,France,3993.0,473748,POINT (5.62139 43.8075),True,5.62139,43.8075,train,473748
8410,2019,10.0,100.0,MEDITERRANEAN,France,6669.0,479987,POINT (6.557368 43.208928),True,6.557368,43.208928,train,479987
8432,2018,0.0,50.0,MEDITERRANEAN,France,1236.0,480668,POINT (5.454568 43.37982),True,5.454568,43.37982,train,480668
8450,2017,0.0,10.0,MEDITERRANEAN,France,3011.0,483650,POINT (5.028495 43.339311),True,5.028495,43.339311,train,483650
8481,2018,0.0,-inf,ALPINE,France,6708.0,483899,POINT (7.411065 43.948057),True,7.411065,43.948057,train,483899
8535,2021,5.0,-inf,MEDITERRANEAN,France,9388.0,487537,POINT (7.005582 43.868356),True,7.005582,43.868356,train,487537
8554,2020,10.0,50.0,MEDITERRANEAN,France,5876.0,487593,POINT (3.040421 42.820429),True,3.040421,42.820429,train,487593
8565,2020,10.0,20.0,MEDITERRANEAN,France,1894.0,488821,POINT (4.98136 44.0789),True,4.98136,44.0789,train,488821
8579,2020,10.0,-inf,MEDITERRANEAN,France,5474.0,488919,POINT (6.54158 43.1964),True,6.54158,43.1964,train,488919
8585,2021,10.0,-inf,MEDITERRANEAN,France,10073.0,489212,POINT (5.644707 43.503432),True,5.644707,43.503432,train,489212
8599,2021,5.0,250.0,MEDITERRANEAN,France,5474.0,489778,POINT (3.662827 43.658765),True,3.662827,43.658765,train,489778
8653,2020,10.0,200.0,MEDITERRANEAN,France,7748.0,490926,POINT (6.31973 43.3413),True,6.31973,43.3413,train,490926
8681,2017,10.0,-inf,MEDITERRANEAN,France,7955.0,491126,POINT (3.521101 43.32135),True,3.521101,43.32135,train,491126
8683,2017,0.0,-inf,MEDITERRANEAN,France,9935.0,495916,POINT (4.336162 43.457744),True,4.336162,43.457744,train,495916
8706,2021,10.0,10.0,MEDITERRANEAN,France,8633.0,496929,POINT (4.80321 43.9548),True,4.80321,43.9548,train,496929
8729,2020,10.0,40.0,MEDITERRANEAN,France,2243.0,497948,POINT (3.298953 43.249175),True,3.298953,43.249175,train,497948
8740,2021,4.0,100.0,MEDITERRANEAN,France,9458.0,497949,POINT (3.097343 43.209119),True,3.097343,43.209119,train,497949
8756,2021,5.0,100.0,MEDITERRANEAN,France,11193.0,502854,POINT (3.175323 43.172528),True,3.175323,43.172528,train,502854
8776,2021,10.0,100.0,MEDITERRANEAN,France,6039.0,503266,POINT (4.41538 43.5169),True,4.41538,43.5169,train,503266
8788,2021,5.0,250.0,MEDITERRANEAN,France,982.0,504358,POINT (4.494432 44.224357),True,4.494432,44.224357,train,504358
8806,2019,1.0,,MEDITERRANEAN,France,6039.0,507081,POINT (4.07937 43.88598),True,4.07937,43.88598,train,507081
8829,2018,1.0,,MEDITERRANEAN,France,3669.0,508447,POINT (3.9883 44.17517),True,3.9883,44.17517,train,508447
8842,2017,0.0,4.0,MEDITERRANEAN,France,11125.0,509014,POINT (4.778423 43.350128),True,4.778423,43.350128,train,509014
8845,2017,10.0,16.0,MEDITERRANEAN,France,4130.0,509342,POINT (3.35027 43.273263),True,3.35027,43.273263,train,509342
8863,2020,10.0,50.0,MEDITERRANEAN,France,6067.0,509510,POINT (6.49741 43.158),True,6.49741,43.158,train,509510
8871,2021,10.0,2.0,MEDITERRANEAN,France,9555.0,511060,POINT (6.32197 43.1954),True,6.32197,43.1954,train,511060
8889,2018,10.0,16.0,MEDITERRANEAN,France,9877.0,513148,POINT (3.037472 42.758062),True,3.037472,42.758062,train,513148
8900,2020,10.0,6.0,MEDITERRANEAN,France,3983.0,514266,POINT (6.48047 43.167),True,6.48047,43.167,train,514266
8922,2021,4.0,4.0,MEDITERRANEAN,France,2761.0,517653,POINT (3.882007 43.55055),True,3.882007,43.55055,train,517653
8931,2021,13.0,-inf,MEDITERRANEAN,France,10991.0,519826,POINT (7.065955 43.780815),True,7.065955,43.780815,train,519826
8971,2021,5.0,25.0,MEDITERRANEAN,France,7330.0,520551,POINT (5.271755 44.174366),True,5.271755,44.174366,train,520551
8983,2021,10.0,30.0,MEDITERRANEAN,France,2973.0,520605,POINT (6.12463 43.1248),True,6.12463,43.1248,train,520605
8992,2018,0.0,40.0,MEDITERRANEAN,France,7212.0,522793,POINT (6.89936 43.441406),True,6.89936,43.441406,train,522793
9021,2020,4.0,400.0,MEDITERRANEAN,France,2488.0,523832,POINT (2.981001 43.594171),True,2.981001,43.594171,train,523832
9031,2017,1.0,,MEDITERRANEAN,France,10909.0,523923,POINT (5.80878 43.2867),True,5.80878,43.2867,train,523923
9047,2021,10.0,200.0,MEDITERRANEAN,France,180.0,524434,POINT (5.18117 43.5169),True,5.18117,43.5169,train,524434
9092,2017,0.0,-inf,MEDITERRANEAN,France,1818.0,526877,POINT (3.542706 44.157187),True,3.542706,44.157187,train,526877
9122,2017,10.0,100.0,MEDITERRANEAN,France,6911.0,528351,POINT (5.791034 43.733529),True,5.791034,43.733529,train,528351
9157,2020,0.0,-inf,MEDITERRANEAN,France,4477.0,528746,POINT (6.48745 43.16811),True,6.48745,43.16811,train,528746
9169,2020,3.0,25.0,MEDITERRANEAN,France,6491.0,529075,POINT (4.032631 43.557752),True,4.032631,43.557752,train,529075
9177,2018,10.0,30.0,MEDITERRANEAN,France,6915.0,529148,POINT (6.372813 43.146487),True,6.372813,43.146487,train,529148
9206,2017,0.0,-inf,MEDITERRANEAN,France,5411.0,531514,POINT (3.647662 44.222659),True,3.647662,44.222659,train,531514
9229,2021,4.0,250.0,CONTINENTAL,France,53.0,531561,POINT (2.752605 43.547667),True,2.752605,43.547667,train,531561
9240,2021,5.0,100.0,MEDITERRANEAN,France,11193.0,531814,POINT (3.142538 43.196691),True,3.142538,43.196691,train,531814
9251,2019,1.0,,CONTINENTAL,France,9636.0,534779,POINT (3.3954 44.54225),True,3.3954,44.54225,train,534779
9259,2018,0.0,100.0,MEDITERRANEAN,France,9555.0,535827,POINT (4.993257 43.431586),True,4.993257,43.431586,train,535827
9295,2021,10.0,100.0,MEDITERRANEAN,France,9458.0,537495,POINT (5.59226 43.1664),True,5.59226,43.1664,train,537495
9326,2021,4.0,1.0,MEDITERRANEAN,France,6264.0,539729,POINT (6.271699 43.547978),True,6.271699,43.547978,train,539729
9337,2017,0.0,16.0,MEDITERRANEAN,France,1176.0,540644,POINT (3.349799 43.274857),True,3.349799,43.274857,train,540644
9360,2018,10.0,50.0,MEDITERRANEAN,France,3736.0,542672,POINT (5.614556 43.407802),True,5.614556,43.407802,train,542672
9393,2017,0.0,40.0,MEDITERRANEAN,France,476.0,543343,POINT (5.604705 43.237899),True,5.604705,43.237899,train,543343
9402,2017,0.0,100.0,MEDITERRANEAN,France,3839.0,543554,POINT (5.418078 43.228453),True,5.418078,43.228453,train,543554
9411,2019,10.0,200.0,MEDITERRANEAN,France,7868.0,545632,POINT (6.036125 43.083219),True,6.036125,43.083219,train,545632
9425,2019,0.0,-inf,MEDITERRANEAN,France,9647.0,546428,POINT (7.233728 44.079519),True,7.233728,44.079519,train,546428
9449,2017,0.0,-inf,MEDITERRANEAN,France,11157.0,547776,POINT (3.809583 44.209343),True,3.809583,44.209343,train,547776
9469,2017,0.0,250.0,MEDITERRANEAN,France,3935.0,550808,POINT (5.692983 43.420229),True,5.692983,43.420229,train,550808
9499,2018,1.0,,MEDITERRANEAN,Spain,2386.0,550874,POINT (2.6295 42.35428),True,2.6295,42.35428,train,550874
9546,2018,0.0,4.0,MEDITERRANEAN,France,10632.0,550930,POINT (4.450522 43.459801),True,4.450522,43.459801,train,550930
9562,2021,6.0,250.0,CONTINENTAL,France,5071.0,551951,POINT (2.879748 43.579995),True,2.879748,43.579995,train,551951
9584,2018,1.0,,CONTINENTAL,France,4609.0,552227,POINT (2.71027 43.62963),True,2.71027,43.62963,train,552227
9600,2017,10.0,50.0,MEDITERRANEAN,France,7190.0,552671,POINT (5.205136 44.126542),True,5.205136,44.126542,train,552671
9615,2020,10.0,20.0,MEDITERRANEAN,France,7190.0,553725,POINT (5.466 43.9123),True,5.466,43.9123,train,553725
9631,2020,10.0,20.0,MEDITERRANEAN,France,2386.0,554701,POINT (6.49993 43.1651),True,6.49993,43.1651,train,554701
9643,2021,5.0,250.0,MEDITERRANEAN,France,2783.0,558798,POINT (3.810756 44.08556),True,3.810756,44.08556,train,558798
9661,2020,4.0,5.0,MEDITERRANEAN,France,3387.0,559055,POINT (7.12131 43.82274),True,7.12131,43.82274,train,559055
9683,2017,0.0,4.0,MEDITERRANEAN,France,9053.0,559433,POINT (5.549495 43.530784),True,5.549495,43.530784,train,559433
9698,2020,10.0,50.0,MEDITERRANEAN,France,9877.0,562869,POINT (3.039276 42.791058),True,3.039276,42.791058,train,562869
9705,2018,1.0,,MEDITERRANEAN,France,2783.0,563008,POINT (6.77823 43.71908),True,6.77823,43.71908,train,563008
9715,2018,10.0,100.0,MEDITERRANEAN,France,4530.0,563564,POINT (5.6495 43.245927),True,5.6495,43.245927,train,563564
9733,2020,3.0,25.0,MEDITERRANEAN,France,857.0,563583,POINT (3.780768 43.460674),True,3.780768,43.460674,train,563583
9735,2018,0.0,20.0,MEDITERRANEAN,France,10051.0,564108,POINT (6.026936 43.115997),True,6.026936,43.115997,train,564108
9753,2021,5.0,250.0,MEDITERRANEAN,France,3935.0,564282,POINT (2.996659 43.443718),True,2.996659,43.443718,train,564282
9786,2019,10.0,30.0,MEDITERRANEAN,France,1996.0,564320,POINT (6.125616 43.121551),True,6.125616,43.121551,train,564320
9805,2020,10.0,-inf,MEDITERRANEAN,France,4229.0,564924,POINT (6.5353 43.1949),True,6.5353,43.1949,train,564924
9826,2018,10.0,16.0,MEDITERRANEAN,France,11222.0,565418,POINT (3.03772 42.746022),True,3.03772,42.746022,train,565418
9837,2018,0.0,100.0,MEDITERRANEAN,France,5219.0,566624,POINT (5.607317 43.394628),True,5.607317,43.394628,train,566624
9862,2020,3.0,16.0,MEDITERRANEAN,France,6033.0,566720,POINT (3.880533 43.539665),True,3.880533,43.539665,train,566720
9865,2018,0.0,30.0,MEDITERRANEAN,France,8885.0,567110,POINT (6.022847 43.112989),True,6.022847,43.112989,train,567110
9882,2020,10.0,50.0,MEDITERRANEAN,France,3019.0,567691,POINT (6.49843 43.1548),True,6.49843,43.1548,train,567691
9895,2021,5.0,100.0,MEDITERRANEAN,France,6039.0,567730,POINT (3.09738 43.208993),True,3.09738,43.208993,train,567730
9914,2017,0.0,16.0,MEDITERRANEAN,France,8482.0,568374,POINT (3.348271 43.276652),True,3.348271,43.276652,train,568374
9932,2021,5.0,-inf,MEDITERRANEAN,France,4122.0,568397,POINT (7.138432 43.83334),True,7.138432,43.83334,train,568397
9963,2019,10.0,-inf,MEDITERRANEAN,France,476.0,568452,POINT (7.34754 43.7369),True,7.34754,43.7369,train,568452
10001,2020,4.0,300.0,CONTINENTAL,France,10317.0,568492,POINT (2.941228 43.658573),True,2.941228,43.658573,train,568492
10013,2019,1.0,,MEDITERRANEAN,France,10419.0,569144,POINT (5.38657 44.14506),True,5.38657,44.14506,train,569144
10032,2017,0.0,2.0,MEDITERRANEAN,France,4404.0,569966,POINT (5.512339 43.531894),True,5.512339,43.531894,train,569966
10043,2018,10.0,16.0,MEDITERRANEAN,France,7968.0,570532,POINT (3.022929 42.854864),True,3.022929,42.854864,train,570532
10052,2017,0.0,12.0,MEDITERRANEAN,France,1018.0,571410,POINT (5.710715 43.543125),True,5.710715,43.543125,train,571410
10073,2020,4.0,50.0,MEDITERRANEAN,France,4659.0,572808,POINT (3.828923 43.470036),True,3.828923,43.470036,train,572808
10100,2017,0.0,-inf,MEDITERRANEAN,France,8508.0,573586,POINT (3.792241 44.214906),True,3.792241,44.214906,train,573586
10110,2017,0.0,40.0,MEDITERRANEAN,France,10899.0,574216,POINT (6.101084 43.033951),True,6.101084,43.033951,train,574216
10137,2018,10.0,16.0,MEDITERRANEAN,France,7090.0,574990,POINT (3.023333 42.855682),True,3.023333,42.855682,train,574990
10144,2017,0.0,16.0,MEDITERRANEAN,France,10520.0,575969,POINT (5.585565 43.168719),True,5.585565,43.168719,train,575969
10152,2017,0.0,-inf,MEDITERRANEAN,France,3669.0,576576,POINT (3.753501 44.19011),True,3.753501,44.19011,train,576576
10174,2018,10.0,100.0,MEDITERRANEAN,France,2719.0,577159,POINT (5.348294 43.212328),True,5.348294,43.212328,train,577159
10186,2017,0.0,100.0,MEDITERRANEAN,France,5721.0,577699,POINT (7.32843 43.730142),True,7.32843,43.730142,train,577699
10229,2017,0.0,-inf,MEDITERRANEAN,France,7755.0,577840,POINT (3.667121 44.122082),True,3.667121,44.122082,train,577840
10241,2021,5.0,-inf,MEDITERRANEAN,France,5348.0,578253,POINT (4.799484 43.512005),True,4.799484,43.512005,train,578253
10255,2021,5.0,1.0,MEDITERRANEAN,France,628.0,579688,POINT (6.467615 43.269271),True,6.467615,43.269271,train,579688
10265,2017,10.0,16.0,MEDITERRANEAN,France,6410.0,579927,POINT (3.348059 43.27211),True,3.348059,43.27211,train,579927
10275,2019,10.0,100.0,MEDITERRANEAN,France,4003.0,580040,POINT (6.048487 43.089917),True,6.048487,43.089917,train,580040
10293,2021,8.0,250.0,MEDITERRANEAN,France,10800.0,580517,POINT (3.415445 44.076027),True,3.415445,44.076027,train,580517
10302,2021,5.0,16.0,MEDITERRANEAN,France,5219.0,582087,POINT (2.967996 43.055244),True,2.967996,43.055244,train,582087
10308,2021,5.0,250.0,MEDITERRANEAN,France,8208.0,583239,POINT (3.377694 43.887504),True,3.377694,43.887504,train,583239
10332,2020,10.0,100.0,MEDITERRANEAN,France,1998.0,583480,POINT (5.38627 44.0336),True,5.38627,44.0336,train,583480
10365,2018,10.0,16.0,MEDITERRANEAN,France,10558.0,583510,POINT (3.016969 42.827655),True,3.016969,42.827655,train,583510
10383,2020,10.0,200.0,MEDITERRANEAN,France,4341.0,585447,POINT (4.95933 44.0588),True,4.95933,44.0588,train,585447
10399,2018,0.0,16.0,MEDITERRANEAN,France,5829.0,586269,POINT (3.014041 42.793639),True,3.014041,42.793639,train,586269
10405,2018,1.0,,MEDITERRANEAN,France,6039.0,587337,POINT (6.18577 43.39982),True,6.18577,43.39982,train,587337
10420,2018,0.0,9.0,ALPINE,France,5206.0,587980,POINT (6.838416 44.31387),True,6.838416,44.31387,train,587980
10441,2020,10.0,50.0,MEDITERRANEAN,France,2243.0,588010,POINT (3.350471 43.273553),True,3.350471,43.273553,train,588010
10452,2021,10.0,50.0,MEDITERRANEAN,France,10239.0,588103,POINT (4.53636 43.6587),True,4.53636,43.6587,train,588103
10458,2021,10.0,100.0,MEDITERRANEAN,France,2683.0,588974,POINT (4.39096 43.4637),True,4.39096,43.4637,train,588974
10460,2017,0.0,-inf,MEDITERRANEAN,France,4498.0,588997,POINT (3.724287 44.116246),True,3.724287,44.116246,train,588997
10485,2017,0.0,1.0,MEDITERRANEAN,France,9877.0,594356,POINT (4.321213 43.457109),True,4.321213,43.457109,train,594356
10490,2021,5.0,4.0,MEDITERRANEAN,France,10289.0,594617,POINT (4.780595 43.629765),True,4.780595,43.629765,train,594617
10501,2017,0.0,16.0,MEDITERRANEAN,France,1176.0,595021,POINT (3.348762 43.272251),True,3.348762,43.272251,train,595021
10516,2017,0.0,-inf,MEDITERRANEAN,France,10268.0,595625,POINT (3.792718 44.127132),True,3.792718,44.127132,train,595625
10526,2018,1.0,,MEDITERRANEAN,France,10247.0,596440,POINT (6.04036 43.4409),True,6.04036,43.4409,train,596440
10537,2020,10.0,200.0,MEDITERRANEAN,France,1842.0,597321,POINT (6.51045 43.1652),True,6.51045,43.1652,train,597321
10559,2018,1.0,,MEDITERRANEAN,France,9458.0,598081,POINT (2.48618 43.10897),True,2.48618,43.10897,train,598081
10582,2017,0.0,-inf,MEDITERRANEAN,France,1539.0,598740,POINT (3.828262 44.238143),True,3.828262,44.238143,train,598740
10595,2019,10.0,90.0,MEDITERRANEAN,France,8208.0,598965,POINT (7.08308 43.7482),True,7.08308,43.7482,train,598965
10639,2018,10.0,16.0,MEDITERRANEAN,France,10523.0,600018,POINT (3.037729 42.759285),True,3.037729,42.759285,train,600018
10652,2018,1.0,,MEDITERRANEAN,France,5173.0,600904,POINT (6.8072 43.77191),True,6.8072,43.77191,train,600904
10659,2018,0.0,10.0,MEDITERRANEAN,France,9139.0,602214,POINT (6.096753 43.134887),True,6.096753,43.134887,train,602214
10695,2020,4.0,10.0,MEDITERRANEAN,France,3308.0,605152,POINT (6.910793 43.509073),True,6.910793,43.509073,train,605152
10717,2019,10.0,1.0,MEDITERRANEAN,France,4530.0,607548,POINT (7.076 43.7561),True,7.076,43.7561,train,607548
10737,2019,10.0,-inf,MEDITERRANEAN,France,5242.0,607889,POINT (3.19357 43.23109),True,3.19357,43.23109,train,607889
10742,2021,5.0,100.0,MEDITERRANEAN,France,2634.0,608080,POINT (3.145645 43.179245),True,3.145645,43.179245,train,608080
10762,2021,10.0,60.0,MEDITERRANEAN,France,6874.0,609968,POINT (5.10566 44.1874),True,5.10566,44.1874,train,609968
10785,2021,5.0,250.0,MEDITERRANEAN,France,8428.0,611919,POINT (3.426462 44.082663),True,3.426462,44.082663,train,611919
10794,2019,1.0,,MEDITERRANEAN,France,11193.0,614910,POINT (3.67828 43.74782),True,3.67828,43.74782,train,614910
10811,2021,6.0,-inf,MEDITERRANEAN,France,4326.0,615647,POINT (7.116634 43.817863),True,7.116634,43.817863,train,615647
10844,2021,5.0,-inf,MEDITERRANEAN,France,7576.0,616809,POINT (7.098437 43.673984),True,7.098437,43.673984,train,616809
10855,2017,10.0,20.0,MEDITERRANEAN,France,4902.0,617118,POINT (5.160576 44.127619),True,5.160576,44.127619,train,617118
10863,2021,1.0,-inf,MEDITERRANEAN,France,6909.0,617781,POINT (7.005822 43.86844),True,7.005822,43.86844,train,617781
10878,2020,10.0,5.0,MEDITERRANEAN,France,9957.0,618510,POINT (6.48432 43.1681),True,6.48432,43.1681,train,618510
10887,2020,10.0,15.0,MEDITERRANEAN,France,5507.0,620619,POINT (4.94979 44.0556),True,4.94979,44.0556,train,620619
10893,2017,0.0,-inf,MEDITERRANEAN,France,11120.0,620641,POINT (3.801295 44.232114),True,3.801295,44.232114,train,620641
10904,2017,0.0,16.0,MEDITERRANEAN,France,10073.0,621508,POINT (5.595569 43.166967),True,5.595569,43.166967,train,621508
10916,2017,0.0,-inf,MEDITERRANEAN,France,10268.0,621783,POINT (3.663104 44.106553),True,3.663104,44.106553,train,621783
10931,2021,10.0,100.0,MEDITERRANEAN,France,6226.0,622147,POINT (5.28574 43.4458),True,5.28574,43.4458,train,622147
10946,2018,1.0,,MEDITERRANEAN,France,6039.0,623420,POINT (4.8193 43.74569),True,4.8193,43.74569,train,623420
10972,2020,4.0,25.0,MEDITERRANEAN,France,857.0,623867,POINT (3.779375 43.462288),True,3.779375,43.462288,train,623867
10974,2018,10.0,16.0,MEDITERRANEAN,France,6823.0,624083,POINT (3.036664 42.772638),True,3.036664,42.772638,train,624083
10994,2017,1.0,,MEDITERRANEAN,France,5557.0,624103,POINT (3.90787 43.97851),True,3.90787,43.97851,train,624103
11036,2017,10.0,-inf,MEDITERRANEAN,France,7817.0,626747,POINT (3.037667 42.812722),True,3.037667,42.812722,train,626747
11053,2017,1.0,,MEDITERRANEAN,France,11193.0,628071,POINT (4.79062 44.23205),True,4.79062,44.23205,train,628071
11078,2020,3.0,-inf,MEDITERRANEAN,France,7118.0,628622,POINT (7.119038 43.648553),True,7.119038,43.648553,train,628622
11106,2019,10.0,5.0,MEDITERRANEAN,France,2953.0,629152,POINT (4.73734 43.5694),True,4.73734,43.5694,train,629152
11122,2019,10.0,200.0,MEDITERRANEAN,France,5400.0,629583,POINT (7.10103 43.7822),True,7.10103,43.7822,train,629583
11158,2018,0.0,16.0,MEDITERRANEAN,France,4114.0,631395,POINT (3.098876 42.523632),True,3.098876,42.523632,train,631395
11162,2020,10.0,50.0,MEDITERRANEAN,France,6911.0,633364,POINT (4.98141 44.0789),True,4.98141,44.0789,train,633364
11201,2017,10.0,-inf,MEDITERRANEAN,France,7955.0,633399,POINT (3.518589 43.315964),True,3.518589,43.315964,train,633399
11202,2020,9.0,50.0,MEDITERRANEAN,France,10239.0,633465,POINT (4.010991 43.554757),True,4.010991,43.554757,train,633465
11207,2021,0.0,5.0,ALPINE,France,6748.0,633775,POINT (7.473479 44.083197),True,7.473479,44.083197,train,633775
11218,2017,1.0,,MEDITERRANEAN,France,10909.0,634783,POINT (5.92604 43.1929),True,5.92604,43.1929,train,634783
11232,2021,5.0,16.0,MEDITERRANEAN,France,9877.0,634823,POINT (4.040858 43.557067),True,4.040858,43.557067,train,634823
11236,2017,0.0,18.0,MEDITERRANEAN,France,6874.0,635675,POINT (5.596033 43.16691),True,5.596033,43.16691,train,635675
11249,2019,1.0,,MEDITERRANEAN,France,5301.0,637249,POINT (6.57755 43.69112),True,6.57755,43.69112,train,637249
11261,2017,10.0,-inf,MEDITERRANEAN,France,6279.0,637437,POINT (3.513766 43.325073),True,3.513766,43.325073,train,637437
11263,2021,5.0,250.0,MEDITERRANEAN,France,3935.0,637914,POINT (4.413938 44.156035),True,4.413938,44.156035,train,637914
11271,2021,10.0,15.0,MEDITERRANEAN,France,5882.0,638284,POINT (2.296861 43.169667),True,2.296861,43.169667,train,638284
11280,2020,10.0,10.0,MEDITERRANEAN,France,1121.0,639553,POINT (6.51066 43.1891),True,6.51066,43.1891,train,639553
11291,2021,5.0,25.0,MEDITERRANEAN,France,1187.0,642284,POINT (5.184538 43.404558),True,5.184538,43.404558,train,642284
11295,2019,10.0,-inf,MEDITERRANEAN,France,5799.0,643231,POINT (3.235921 43.21139),True,3.235921,43.21139,train,643231
11306,2018,10.0,16.0,MEDITERRANEAN,France,5868.0,643827,POINT (3.051523 42.889763),True,3.051523,42.889763,train,643827
11330,2021,5.0,16.0,MEDITERRANEAN,France,262.0,645913,POINT (4.042664 43.557232),True,4.042664,43.557232,train,645913
11336,2021,5.0,100.0,MEDITERRANEAN,France,515.0,646506,POINT (3.172159 43.199281),True,3.172159,43.199281,train,646506
11353,2021,10.0,1.0,MEDITERRANEAN,France,4349.0,647440,POINT (5.16391 43.6922),True,5.16391,43.6922,train,647440
11381,2021,5.0,250.0,CONTINENTAL,France,661.0,648090,POINT (2.740299 43.442667),True,2.740299,43.442667,train,648090
11391,2017,1.0,,MEDITERRANEAN,France,6235.0,648221,POINT (7.0227 43.67276),True,7.0227,43.67276,train,648221
11409,2020,80.0,200.0,MEDITERRANEAN,France,9028.0,649606,POINT (7.142658 43.711647),True,7.142658,43.711647,train,649606
11456,2018,1.0,,MEDITERRANEAN,France,6684.0,649730,POINT (3.18179 43.71686),True,3.18179,43.71686,train,649730
11480,2018,0.0,-inf,MEDITERRANEAN,France,4325.0,650126,POINT (4.857214 43.661501),True,4.857214,43.661501,train,650126
11486,2017,1.0,,CONTINENTAL,France,3374.0,651270,POINT (3.7488 44.59225),True,3.7488,44.59225,train,651270
11498,2017,0.0,100.0,MEDITERRANEAN,France,51.0,652312,POINT (5.667074 43.318201),True,5.667074,43.318201,train,652312
11520,2017,10.0,35.0,MEDITERRANEAN,France,11222.0,652551,POINT (3.037944 42.766361),True,3.037944,42.766361,train,652551
11539,2021,3.0,2.0,MEDITERRANEAN,France,3758.0,653544,POINT (7.146 43.723449),True,7.146,43.723449,train,653544
11552,2020,13.0,200.0,MEDITERRANEAN,France,5474.0,653703,POINT (3.213661 43.55454),True,3.213661,43.55454,train,653703
11563,2020,4.0,400.0,CONTINENTAL,France,7755.0,655332,POINT (2.870596 43.600833),True,2.870596,43.600833,train,655332
11573,2018,10.0,16.0,MEDITERRANEAN,France,4114.0,656984,POINT (3.016106 42.799447),True,3.016106,42.799447,train,656984
11576,2021,6.0,200.0,MEDITERRANEAN,France,5422.0,657077,POINT (6.467033 43.269451),True,6.467033,43.269451,train,657077
11620,2018,10.0,-inf,MEDITERRANEAN,France,963.0,657386,POINT (2.333333 42.916667),True,2.333333,42.916667,train,657386
11643,2019,0.0,50.0,MEDITERRANEAN,France,982.0,658662,POINT (3.402871 43.741768),True,3.402871,43.741768,train,658662
11654,2017,0.0,25.0,CONTINENTAL,France,11195.0,658867,POINT (3.199395 44.629968),True,3.199395,44.629968,train,658867
11688,2019,10.0,-inf,MEDITERRANEAN,France,8027.0,660120,POINT (3.216228 43.200567),True,3.216228,43.200567,train,660120
11695,2021,6.0,250.0,MEDITERRANEAN,France,5412.0,662616,POINT (3.597727 43.921571),True,3.597727,43.921571,train,662616
11712,2021,5.0,16.0,MEDITERRANEAN,France,262.0,664767,POINT (4.034311 43.556592),True,4.034311,43.556592,train,664767
11719,2017,0.0,-inf,MEDITERRANEAN,France,8792.0,665712,POINT (3.764826 44.209826),True,3.764826,44.209826,train,665712
11760,2017,0.0,12.0,MEDITERRANEAN,France,9480.0,666035,POINT (5.503334 43.406759),True,5.503334,43.406759,train,666035
11769,2017,1.0,,MEDITERRANEAN,France,4003.0,667311,POINT (5.56804 43.38413),True,5.56804,43.38413,train,667311
11799,2018,10.0,90.0,ALPINE,France,8284.0,668769,POINT (2.119639 42.726528),True,2.119639,42.726528,train,668769
11820,2021,5.0,4.0,MEDITERRANEAN,France,11078.0,669048,POINT (3.276303 43.371598),True,3.276303,43.371598,train,669048
11821,2017,10.0,8.0,MEDITERRANEAN,France,9458.0,672516,POINT (6.098364 43.032193),True,6.098364,43.032193,train,672516
11831,2019,10.0,-inf,MEDITERRANEAN,France,2173.0,672723,POINT (3.203016 43.188494),True,3.203016,43.188494,train,672723
11837,2019,1.0,,MEDITERRANEAN,France,1475.0,673693,POINT (3.59016 44.2524),True,3.59016,44.2524,train,673693
11871,2019,10.0,-inf,MEDITERRANEAN,France,8339.0,674132,POINT (3.153348 43.265478),True,3.153348,43.265478,train,674132
11898,2017,0.0,-inf,MEDITERRANEAN,France,2488.0,677829,POINT (3.77436 44.090378),True,3.77436,44.090378,train,677829
11917,2017,0.0,16.0,MEDITERRANEAN,France,2940.0,683120,POINT (3.349531 43.273256),True,3.349531,43.273256,train,683120
11937,2019,1.0,,ALPINE,France,11195.0,683390,POINT (6.73587 44.13499),True,6.73587,44.13499,train,683390
11989,2021,4.0,16.0,MEDITERRANEAN,France,5882.0,685150,POINT (2.830289 43.019505),True,2.830289,43.019505,train,685150
12010,2021,4.0,50.0,MEDITERRANEAN,France,11193.0,685954,POINT (2.811535 42.995508),True,2.811535,42.995508,train,685954
12055,2021,5.0,16.0,MEDITERRANEAN,France,1497.0,688298,POINT (6.456804 43.270487),True,6.456804,43.270487,train,688298
12074,2017,0.0,400.0,MEDITERRANEAN,France,1539.0,691134,POINT (5.499251 43.40913),True,5.499251,43.40913,train,691134
12107,2019,1.0,,MEDITERRANEAN,France,476.0,691434,POINT (5.20187 43.95214),True,5.20187,43.95214,train,691434
12125,2021,5.0,250.0,MEDITERRANEAN,France,982.0,691503,POINT (3.744344 43.852408),True,3.744344,43.852408,train,691503
12135,2021,4.0,200.0,MEDITERRANEAN,France,10305.0,691996,POINT (6.140025 43.151442),True,6.140025,43.151442,train,691996
12163,2020,10.0,40.0,MEDITERRANEAN,France,9877.0,692307,POINT (3.07776 43.052632),True,3.07776,43.052632,train,692307
12173,2018,1.0,,ALPINE,Spain,2337.0,692373,POINT (1.99992 42.39006),True,1.99992,42.39006,train,692373
12198,2021,7.0,10.0,MEDITERRANEAN,France,4341.0,692555,POINT (5.313894 43.517111),True,5.313894,43.517111,train,692555
12209,2021,10.0,60.0,MEDITERRANEAN,France,4671.0,693774,POINT (5.09655 44.1883),True,5.09655,44.1883,train,693774
12269,2018,1.0,,MEDITERRANEAN,France,9458.0,696336,POINT (5.0083 43.54334),True,5.0083,43.54334,train,696336
12293,2020,10.0,5.0,MEDITERRANEAN,France,1121.0,696939,POINT (6.47858 43.1689),True,6.47858,43.1689,train,696939
12306,2017,0.0,100.0,MEDITERRANEAN,France,9877.0,697717,POINT (4.54705 43.455263),True,4.54705,43.455263,train,697717
12317,2021,10.0,200.0,MEDITERRANEAN,France,6652.0,698402,POINT (5.57636 43.2208),True,5.57636,43.2208,train,698402
12332,2019,1.0,,MEDITERRANEAN,France,9261.0,701441,POINT (3.10816 43.77135),True,3.10816,43.77135,train,701441
12343,2017,10.0,300.0,MEDITERRANEAN,France,10073.0,702071,POINT (5.786197 43.744629),True,5.786197,43.744629,train,702071
12374,2020,10.0,100.0,MEDITERRANEAN,France,5483.0,703228,POINT (6.48394 43.1739),True,6.48394,43.1739,train,703228
12414,2019,1.0,,MEDITERRANEAN,France,1201.0,703377,POINT (1.94835 42.85683),True,1.94835,42.85683,train,703377
12452,2021,5.0,250.0,CONTINENTAL,France,843.0,704239,POINT (2.844703 43.625258),True,2.844703,43.625258,train,704239
12474,2020,10.0,-inf,MEDITERRANEAN,France,5799.0,704755,POINT (3.132625 43.124929),True,3.132625,43.124929,train,704755
12490,2021,5.0,50.0,MEDITERRANEAN,France,10305.0,705505,POINT (2.82115 43.000026),True,2.82115,43.000026,train,705505
12521,2021,5.0,250.0,CONTINENTAL,France,9548.0,708316,POINT (3.172334 44.403529),True,3.172334,44.403529,train,708316
12545,2020,10.0,150.0,MEDITERRANEAN,France,1655.0,708801,POINT (5.05482 44.209),True,5.05482,44.209,train,708801
12575,2018,0.0,-inf,MEDITERRANEAN,France,6141.0,710096,POINT (5.544521 43.358229),True,5.544521,43.358229,train,710096
12580,2021,10.0,60.0,MEDITERRANEAN,France,2120.0,710169,POINT (3.94778 44.0859),True,3.94778,44.0859,train,710169
12591,2017,1.0,,MEDITERRANEAN,France,2474.0,710351,POINT (4.3049 43.93609),True,4.3049,43.93609,train,710351
12620,2017,0.0,-inf,MEDITERRANEAN,France,2764.0,710386,POINT (3.642505 44.172859),True,3.642505,44.172859,train,710386
12681,2020,9.0,25.0,MEDITERRANEAN,France,2075.0,712869,POINT (3.778825 43.436229),True,3.778825,43.436229,train,712869
12698,2019,0.0,50.0,MEDITERRANEAN,France,9261.0,713934,POINT (3.291825 43.837177),True,3.291825,43.837177,train,713934
12723,2018,10.0,50.0,MEDITERRANEAN,France,9458.0,714575,POINT (5.500209 43.206684),True,5.500209,43.206684,train,714575
12730,2017,10.0,-inf,ALPINE,France,6989.0,714599,POINT (1.975444 42.864528),True,1.975444,42.864528,train,714599
12739,2020,9.0,200.0,MEDITERRANEAN,France,3177.0,714613,POINT (3.789155 43.655759),True,3.789155,43.655759,train,714613
12765,2017,1.0,,MEDITERRANEAN,France,11157.0,715271,POINT (3.30357 43.59),True,3.30357,43.59,train,715271
12786,2017,1.0,,MEDITERRANEAN,France,1236.0,715443,POINT (5.73612 43.30701),True,5.73612,43.30701,train,715443
12812,2020,10.0,200.0,MEDITERRANEAN,France,4247.0,717525,POINT (5.28173 44.1656),True,5.28173,44.1656,train,717525
12823,2017,0.0,16.0,MEDITERRANEAN,France,7371.0,718546,POINT (3.349667 43.275298),True,3.349667,43.275298,train,718546
12857,2017,1.0,,CONTINENTAL,France,981.0,719794,POINT (2.19125 43.36056),True,2.19125,43.36056,train,719794
12875,2017,0.0,4.0,MEDITERRANEAN,France,10558.0,722751,POINT (5.595689 43.166919),True,5.595689,43.166919,train,722751
12891,2020,10.0,10.0,MEDITERRANEAN,France,10409.0,723238,POINT (6.45994 43.1608),True,6.45994,43.1608,train,723238
12896,2018,10.0,16.0,MEDITERRANEAN,France,1176.0,724498,POINT (3.024532 42.859144),True,3.024532,42.859144,train,724498
12902,2018,10.0,16.0,MEDITERRANEAN,France,1176.0,725288,POINT (3.024543 42.857418),True,3.024543,42.857418,train,725288
12908,2017,0.0,12.0,ALPINE,France,4842.0,725425,POINT (2.209284 42.6357),True,2.209284,42.6357,train,725425
12909,2017,1.0,,MEDITERRANEAN,France,2421.0,725757,POINT (2.88042 43.30537),True,2.88042,43.30537,train,725757
12931,2018,10.0,50.0,MEDITERRANEAN,France,9943.0,725921,POINT (5.72557 43.703828),True,5.72557,43.703828,train,725921
12941,2020,3.0,16.0,MEDITERRANEAN,France,4229.0,725942,POINT (3.808607 43.486694),True,3.808607,43.486694,train,725942
12948,2018,1.0,,MEDITERRANEAN,France,476.0,727530,POINT (2.68227 43.09055),True,2.68227,43.09055,train,727530
12989,2021,5.0,7.0,MEDITERRANEAN,France,5704.0,728008,POINT (6.859407 43.607971),True,6.859407,43.607971,train,728008
13007,2017,10.0,2.0,MEDITERRANEAN,France,8340.0,729992,POINT (5.669134 43.319834),True,5.669134,43.319834,train,729992
13027,2019,10.0,100.0,MEDITERRANEAN,France,6548.0,730885,POINT (4.81237 43.9159),True,4.81237,43.9159,train,730885
13041,2021,10.0,10.0,MEDITERRANEAN,France,4087.0,732363,POINT (6.50273 43.1604),True,6.50273,43.1604,train,732363
13059,2020,4.0,16.0,MEDITERRANEAN,France,10514.0,733111,POINT (2.960382 43.051066),True,2.960382,43.051066,train,733111
13086,2020,10.0,100.0,MEDITERRANEAN,France,10411.0,735271,POINT (6.49264 43.1666),True,6.49264,43.1666,train,735271
13092,2021,6.0,-inf,MEDITERRANEAN,France,9261.0,735372,POINT (7.202508 43.750496),True,7.202508,43.750496,train,735372
13103,2020,3.0,2.0,MEDITERRANEAN,France,5528.0,738367,POINT (6.436987 43.27151),True,6.436987,43.27151,train,738367
13113,2021,5.0,100.0,MEDITERRANEAN,France,476.0,739530,POINT (3.116386 43.147164),True,3.116386,43.147164,train,739530
13127,2020,7.0,400.0,MEDITERRANEAN,France,2474.0,740057,POINT (3.033988 42.558373),True,3.033988,42.558373,train,740057
13138,2019,0.0,60.0,MEDITERRANEAN,France,1086.0,741460,POINT (4.12874 44.312245),True,4.12874,44.312245,train,741460
13168,2019,0.0,50.0,MEDITERRANEAN,France,11140.0,741764,POINT (6.601319 43.183176),True,6.601319,43.183176,train,741764
13194,2017,1.0,,MEDITERRANEAN,France,476.0,741937,POINT (4.1482 43.70503),True,4.1482,43.70503,train,741937
13207,2019,0.0,25.0,MEDITERRANEAN,France,643.0,742636,POINT (4.12904 44.31217),True,4.12904,44.31217,train,742636
13236,2020,10.0,10.0,MEDITERRANEAN,France,4184.0,743678,POINT (4.785 44.2099),True,4.785,44.2099,train,743678
13246,2019,10.0,100.0,MEDITERRANEAN,France,3125.0,744055,POINT (6.580153 43.213892),True,6.580153,43.213892,train,744055
13279,2019,10.0,500.0,MEDITERRANEAN,France,4530.0,745331,POINT (7.33573 43.7294),True,7.33573,43.7294,train,745331
13302,2017,0.0,12.0,MEDITERRANEAN,France,6313.0,745492,POINT (5.119667 43.51052),True,5.119667,43.51052,train,745492
13320,2021,10.0,1.0,MEDITERRANEAN,France,1959.0,746423,POINT (4.39094 43.4638),True,4.39094,43.4638,train,746423
13321,2017,1.0,,MEDITERRANEAN,France,2386.0,746742,POINT (4.76716 44.26856),True,4.76716,44.26856,train,746742
13338,2018,1.0,,CONTINENTAL,France,1539.0,748469,POINT (3.42612 44.82978),True,3.42612,44.82978,train,748469
13348,2021,5.0,16.0,MEDITERRANEAN,France,8661.0,749281,POINT (4.033179 43.55642),True,4.033179,43.55642,train,749281
13352,2018,10.0,20.0,MEDITERRANEAN,France,9808.0,750063,POINT (5.675263 43.693318),True,5.675263,43.693318,train,750063
13362,2020,4.0,200.0,MEDITERRANEAN,France,7147.0,750151,POINT (6.747831 43.557096),True,6.747831,43.557096,train,750151
13402,2020,4.0,200.0,MEDITERRANEAN,France,10305.0,752723,POINT (2.969782 43.044059),True,2.969782,43.044059,train,752723
13433,2020,4.0,400.0,CONTINENTAL,France,963.0,753949,POINT (2.86865 43.641805),True,2.86865,43.641805,train,753949
13437,2017,10.0,-inf,MEDITERRANEAN,France,6279.0,755039,POINT (3.523696 43.320797),True,3.523696,43.320797,train,755039
13438,2020,10.0,40.0,MEDITERRANEAN,France,1300.0,755043,POINT (3.264431 43.230637),True,3.264431,43.230637,train,755043
13449,2018,0.0,100.0,MEDITERRANEAN,France,1160.0,755328,POINT (5.452099 43.376888),True,5.452099,43.376888,train,755328
13472,2020,4.0,-inf,MEDITERRANEAN,France,10255.0,755663,POINT (6.711811 43.557442),True,6.711811,43.557442,train,755663
13490,2017,10.0,400.0,MEDITERRANEAN,France,3251.0,756130,POINT (5.5007 43.406955),True,5.5007,43.406955,train,756130
13515,2017,1.0,,MEDITERRANEAN,France,1276.0,756384,POINT (6.38217 43.7346),True,6.38217,43.7346,train,756384
13527,2020,10.0,20.0,MEDITERRANEAN,France,2539.0,756730,POINT (6.55146 43.1875),True,6.55146,43.1875,train,756730
13538,2017,0.0,10.0,MEDITERRANEAN,France,10514.0,756897,POINT (5.387951 43.279062),True,5.387951,43.279062,train,756897
13551,2021,5.0,100.0,MEDITERRANEAN,France,9513.0,759277,POINT (4.608009 43.411161),True,4.608009,43.411161,train,759277
13566,2021,4.0,250.0,MEDITERRANEAN,France,1736.0,760948,POINT (4.613264 43.960779),True,4.613264,43.960779,train,760948
13581,2018,0.0,30.0,MEDITERRANEAN,France,9890.0,761720,POINT (6.015731 43.119768),True,6.015731,43.119768,train,761720
13594,2020,10.0,30.0,MEDITERRANEAN,France,4653.0,762409,POINT (2.272611 43.164111),True,2.272611,43.164111,train,762409
13601,2020,10.0,100.0,MEDITERRANEAN,France,6707.0,762448,POINT (6.55024 43.1888),True,6.55024,43.1888,train,762448
13614,2019,10.0,100.0,MEDITERRANEAN,France,8921.0,762799,POINT (6.01276 43.11838),True,6.01276,43.11838,train,762799
13637,2020,4.0,200.0,MEDITERRANEAN,France,2474.0,764964,POINT (6.38134 43.274801),True,6.38134,43.274801,train,764964
13664,2018,10.0,100.0,MEDITERRANEAN,France,2386.0,766566,POINT (7.2326 43.784521),True,7.2326,43.784521,train,766566
13708,2020,10.0,20.0,MEDITERRANEAN,France,8661.0,767778,POINT (4.143228 43.482209),True,4.143228,43.482209,train,767778
13712,2019,10.0,200.0,MEDITERRANEAN,France,4122.0,768936,POINT (7.08862 43.8575),True,7.08862,43.8575,train,768936
13756,2019,0.0,-inf,MEDITERRANEAN,France,4026.0,769355,POINT (7.160314 44.054449),True,7.160314,44.054449,train,769355
13784,2017,0.0,-inf,MEDITERRANEAN,France,6226.0,770194,POINT (5.645271 43.540977),True,5.645271,43.540977,train,770194
13791,2021,5.0,50.0,MEDITERRANEAN,France,2075.0,770564,POINT (2.976317 43.07178),True,2.976317,43.07178,train,770564
13836,2021,5.0,100.0,MEDITERRANEAN,France,9458.0,771165,POINT (3.145542 43.213359),True,3.145542,43.213359,train,771165
13852,2021,5.0,10.0,MEDITERRANEAN,France,494.0,771364,POINT (6.757964 43.50879),True,6.757964,43.50879,train,771364
13891,2018,1.0,,MEDITERRANEAN,France,11157.0,771653,POINT (4.59834 43.80448),True,4.59834,43.80448,train,771653
13913,2018,10.0,16.0,MEDITERRANEAN,France,7968.0,771846,POINT (3.01931 42.850144),True,3.01931,42.850144,train,771846
13915,2017,0.0,16.0,MEDITERRANEAN,France,10558.0,772947,POINT (5.585372 43.169623),True,5.585372,43.169623,train,772947
13927,2018,0.0,20.0,MEDITERRANEAN,France,9468.0,775396,POINT (3.68781 43.810849),True,3.68781,43.810849,train,775396
13930,2018,10.0,16.0,MEDITERRANEAN,France,6339.0,775579,POINT (3.050555 42.88774),True,3.050555,42.88774,train,775579
13939,2018,0.0,30.0,MEDITERRANEAN,France,4628.0,775586,POINT (3.666904 43.858522),True,3.666904,43.858522,train,775586
13946,2017,0.0,2.0,MEDITERRANEAN,France,2617.0,776179,POINT (5.022307 43.340417),True,5.022307,43.340417,train,776179
13948,2019,10.0,-inf,ALPINE,France,1498.0,776603,POINT (7.3605 43.9766),True,7.3605,43.9766,train,776603
13988,2017,0.0,100.0,MEDITERRANEAN,France,6039.0,776669,POINT (5.58545 43.168902),True,5.58545,43.168902,train,776669
13993,2021,10.0,200.0,MEDITERRANEAN,France,7565.0,778001,POINT (5.28717 43.4467),True,5.28717,43.4467,train,778001
14006,2018,0.0,150.0,MEDITERRANEAN,France,4977.0,779561,POINT (5.708336 43.690528),True,5.708336,43.690528,train,779561
14028,2017,0.0,15.0,MEDITERRANEAN,France,8782.0,780046,POINT (5.690641 43.354324),True,5.690641,43.354324,train,780046
14057,2017,10.0,20.0,MEDITERRANEAN,France,9595.0,780531,POINT (6.590637 43.491664),True,6.590637,43.491664,train,780531
14068,2017,0.0,-inf,MEDITERRANEAN,France,10255.0,782572,POINT (3.833175 44.195844),True,3.833175,44.195844,train,782572
14087,2018,10.0,5.0,MEDITERRANEAN,France,6141.0,783048,POINT (6.375056 43.146569),True,6.375056,43.146569,train,783048
14097,2018,10.0,16.0,MEDITERRANEAN,France,10082.0,784864,POINT (3.036088 42.768637),True,3.036088,42.768637,train,784864
14113,2021,10.0,200.0,MEDITERRANEAN,France,9647.0,785486,POINT (4.79029 43.6472),True,4.79029,43.6472,train,785486
14144,2021,5.0,25.0,MEDITERRANEAN,France,6491.0,785977,POINT (3.877703 43.503132),True,3.877703,43.503132,train,785977
14148,2021,6.0,250.0,MEDITERRANEAN,France,9261.0,786074,POINT (3.596554 43.919617),True,3.596554,43.919617,train,786074
14165,2019,1.0,,MEDITERRANEAN,France,9190.0,787114,POINT (5.28488 44.11186),True,5.28488,44.11186,train,787114
14184,2020,10.0,-inf,MEDITERRANEAN,France,5799.0,787531,POINT (3.222794 43.202624),True,3.222794,43.202624,train,787531
14194,2018,0.0,25.0,MEDITERRANEAN,France,10408.0,787987,POINT (3.674419 43.798639),True,3.674419,43.798639,train,787987
14197,2018,0.0,400.0,MEDITERRANEAN,France,4498.0,788336,POINT (3.515915 44.1808),True,3.515915,44.1808,train,788336
14205,2018,0.0,25.0,MEDITERRANEAN,France,9826.0,788560,POINT (3.644332 43.574148),True,3.644332,43.574148,train,788560
14239,2018,0.0,-inf,MEDITERRANEAN,France,4026.0,790058,POINT (7.454945 43.890777),True,7.454945,43.890777,train,790058
14290,2017,0.0,200.0,MEDITERRANEAN,France,1176.0,790881,POINT (5.373108 43.232349),True,5.373108,43.232349,train,790881
14303,2018,10.0,50.0,MEDITERRANEAN,France,74.0,792257,POINT (6.027295 43.115816),True,6.027295,43.115816,train,792257
14328,2019,1.0,,MEDITERRANEAN,France,3935.0,792847,POINT (5.60495 43.5989),True,5.60495,43.5989,train,792847
14344,2021,6.0,20.0,MEDITERRANEAN,France,2075.0,794022,POINT (3.805062 43.450301),True,3.805062,43.450301,train,794022
14346,2021,5.0,16.0,MEDITERRANEAN,France,7713.0,794147,POINT (2.920346 43.052536),True,2.920346,43.052536,train,794147
14368,2017,0.0,10.0,MEDITERRANEAN,France,3438.0,794734,POINT (5.186139 43.404673),True,5.186139,43.404673,train,794734
14383,2019,10.0,15.0,MEDITERRANEAN,France,5203.0,796187,POINT (5.69658 43.6937),True,5.69658,43.6937,train,796187
14411,2021,5.0,250.0,MEDITERRANEAN,France,3935.0,796931,POINT (3.313582 43.663729),True,3.313582,43.663729,train,796931
14434,2017,0.0,100.0,MEDITERRANEAN,France,3696.0,797577,POINT (5.575816 43.24293),True,5.575816,43.24293,train,797577
14447,2021,4.0,250.0,MEDITERRANEAN,France,3935.0,798101,POINT (4.330575 44.164353),True,4.330575,44.164353,train,798101
14460,2021,4.0,250.0,CONTINENTAL,France,10047.0,799578,POINT (2.718981 43.445566),True,2.718981,43.445566,train,799578
14471,2019,10.0,100.0,MEDITERRANEAN,France,3865.0,799636,POINT (6.031295 43.081024),True,6.031295,43.081024,train,799636
14485,2017,0.0,100.0,MEDITERRANEAN,France,9458.0,800516,POINT (5.585607 43.169105),True,5.585607,43.169105,train,800516
14509,2021,5.0,4.0,MEDITERRANEAN,France,2922.0,803275,POINT (3.788258 43.664283),True,3.788258,43.664283,train,803275
14513,2021,4.0,250.0,MEDITERRANEAN,France,3251.0,803308,POINT (3.883077 43.982569),True,3.883077,43.982569,train,803308
14526,2018,1.0,,MEDITERRANEAN,France,5969.0,803376,POINT (4.78439 44.08826),True,4.78439,44.08826,train,803376
14537,2020,10.0,100.0,MEDITERRANEAN,France,11157.0,804218,POINT (4.95933 44.2599),True,4.95933,44.2599,train,804218
14545,2021,4.0,-inf,MEDITERRANEAN,France,10917.0,806328,POINT (6.798925 43.563976),True,6.798925,43.563976,train,806328
14564,2017,0.0,10.0,MEDITERRANEAN,France,1564.0,806610,POINT (7.34678 43.71481),True,7.34678,43.71481,train,806610
14577,2019,10.0,80.0,MEDITERRANEAN,France,8076.0,809680,POINT (5.62172 43.6655),True,5.62172,43.6655,train,809680
14592,2017,10.0,-inf,MEDITERRANEAN,France,6279.0,809987,POINT (3.519221 43.317796),True,3.519221,43.317796,train,809987
14594,2021,5.0,16.0,MEDITERRANEAN,France,3125.0,810393,POINT (3.877171 43.539667),True,3.877171,43.539667,train,810393
14612,2017,1.0,,MEDITERRANEAN,France,249.0,810559,POINT (2.43658 42.78565),True,2.43658,42.78565,train,810559
14640,2018,1.0,,CONTINENTAL,France,10427.0,811684,POINT (3.29054 44.29139),True,3.29054,44.29139,train,811684
14664,2021,5.0,50.0,MEDITERRANEAN,France,9513.0,812675,POINT (4.049978 43.562233),True,4.049978,43.562233,train,812675
14674,2018,0.0,-inf,MEDITERRANEAN,France,4519.0,813795,POINT (6.096665 43.134854),True,6.096665,43.134854,train,813795
14703,2021,5.0,-inf,MEDITERRANEAN,France,6141.0,815938,POINT (5.11136 44.132624),True,5.11136,44.132624,train,815938
14718,2019,1.0,,MEDITERRANEAN,France,5721.0,815992,POINT (2.65518 42.62357),True,2.65518,42.62357,train,815992
14736,2021,10.0,200.0,MEDITERRANEAN,France,6874.0,817214,POINT (5.56575 43.2144),True,5.56575,43.2144,train,817214
14748,2018,1.0,,MEDITERRANEAN,France,11120.0,817578,POINT (2.60588 42.48004),True,2.60588,42.48004,train,817578
14779,2017,0.0,2.0,MEDITERRANEAN,France,4567.0,817823,POINT (6.120231 43.033172),True,6.120231,43.033172,train,817823
14792,2017,0.0,-inf,MEDITERRANEAN,France,5071.0,819327,POINT (3.753216 44.117627),True,3.753216,44.117627,train,819327
14843,2021,5.0,250.0,MEDITERRANEAN,France,1276.0,819925,POINT (3.627346 43.730592),True,3.627346,43.730592,train,819925
14858,2020,10.0,200.0,MEDITERRANEAN,France,2474.0,820025,POINT (3.814413 43.61895),True,3.814413,43.61895,train,820025
14893,2019,10.0,-inf,MEDITERRANEAN,France,1625.0,820042,POINT (3.032306 42.670694),True,3.032306,42.670694,train,820042
14908,2021,5.0,-inf,MEDITERRANEAN,France,6560.0,820054,POINT (5.66911 43.375212),True,5.66911,43.375212,train,820054
14926,2017,10.0,80.0,MEDITERRANEAN,France,11157.0,820998,POINT (5.172485 44.082697),True,5.172485,44.082697,train,820998
15088,2021,10.0,10.0,MEDITERRANEAN,France,7576.0,824545,POINT (6.502273 43.16015),True,6.502273,43.16015,train,824545
15102,2018,10.0,16.0,MEDITERRANEAN,France,1300.0,825144,POINT (3.038514 42.747155),True,3.038514,42.747155,train,825144
15109,2020,11.0,25.0,CONTINENTAL,France,2303.0,826509,POINT (2.979839 43.630112),True,2.979839,43.630112,train,826509
15146,2020,4.0,200.0,MEDITERRANEAN,France,10991.0,826771,POINT (5.908895 43.277197),True,5.908895,43.277197,train,826771
15181,2017,0.0,12.0,MEDITERRANEAN,France,6836.0,827328,POINT (5.115049 43.505003),True,5.115049,43.505003,train,827328
15188,2018,1.0,,MEDITERRANEAN,France,8106.0,828403,POINT (6.99651 43.65588),True,6.99651,43.65588,train,828403
15203,2021,5.0,10.0,MEDITERRANEAN,France,3465.0,828618,POINT (4.594961 43.401793),True,4.594961,43.401793,train,828618
15208,2020,11.0,250.0,MEDITERRANEAN,France,11240.0,829142,POINT (4.028635 43.557888),True,4.028635,43.557888,train,829142
15217,2019,1.0,,ALPINE,France,2949.0,829376,POINT (2.04765 42.53385),True,2.04765,42.53385,train,829376
15273,2017,0.0,-inf,MEDITERRANEAN,France,10600.0,829384,POINT (3.698767 44.10346),True,3.698767,44.10346,train,829384
15283,2020,10.0,-inf,MEDITERRANEAN,France,6786.0,829938,POINT (6.48026 43.1675),True,6.48026,43.1675,train,829938
15287,2018,0.0,20.0,MEDITERRANEAN,France,2101.0,831121,POINT (6.020492 43.120121),True,6.020492,43.120121,train,831121
15302,2017,1.0,,MEDITERRANEAN,France,5969.0,832666,POINT (7.54977 44.009),True,7.54977,44.009,train,832666
15326,2021,5.0,100.0,MEDITERRANEAN,France,11157.0,834354,POINT (3.08542 43.192442),True,3.08542,43.192442,train,834354
15340,2021,5.0,-inf,MEDITERRANEAN,France,433.0,834606,POINT (6.760079 43.779117),True,6.760079,43.779117,train,834606
15368,2021,1.0,200.0,MEDITERRANEAN,France,6788.0,834931,POINT (7.066306 43.783637),True,7.066306,43.783637,train,834931
15409,2019,1.0,,MEDITERRANEAN,France,3958.0,835055,POINT (2.97605 43.05327),True,2.97605,43.05327,train,835055
15420,2021,10.0,200.0,MEDITERRANEAN,France,9636.0,835832,POINT (5.71048 43.54439),True,5.71048,43.54439,train,835832
15438,2020,10.0,-inf,MEDITERRANEAN,France,7118.0,837860,POINT (6.48447 43.1687),True,6.48447,43.1687,train,837860
15455,2019,10.0,-inf,MEDITERRANEAN,France,4541.0,837894,POINT (3.169617 43.250498),True,3.169617,43.250498,train,837894
15465,2018,0.0,-inf,MEDITERRANEAN,France,916.0,838006,POINT (4.407094 43.533711),True,4.407094,43.533711,train,838006
15469,2018,0.0,40.0,MEDITERRANEAN,France,2485.0,838052,POINT (6.102227 43.137043),True,6.102227,43.137043,train,838052
15491,2020,10.0,40.0,MEDITERRANEAN,France,2173.0,838125,POINT (4.254498 43.459608),True,4.254498,43.459608,train,838125
15496,2021,10.0,4.0,MEDITERRANEAN,France,9348.0,839153,POINT (5.23929 43.4481),True,5.23929,43.4481,train,839153
15517,2021,5.0,10.0,MEDITERRANEAN,France,7748.0,840012,POINT (4.599565 43.402205),True,4.599565,43.402205,train,840012
15529,2017,0.0,9.0,ALPINE,France,4842.0,840593,POINT (2.010387 42.62259),True,2.010387,42.62259,train,840593
15547,2018,10.0,16.0,MEDITERRANEAN,France,3441.0,840876,POINT (3.051316 42.890554),True,3.051316,42.890554,train,840876
15558,2021,5.0,250.0,MEDITERRANEAN,France,449.0,841453,POINT (4.021089 43.927879),True,4.021089,43.927879,train,841453
15570,2017,0.0,12.0,ALPINE,France,5997.0,841458,POINT (2.01255 42.618537),True,2.01255,42.618537,train,841458
15574,2020,3.0,16.0,MEDITERRANEAN,France,9877.0,841738,POINT (3.824716 43.465629),True,3.824716,43.465629,train,841738
15579,2017,10.0,-inf,MEDITERRANEAN,France,7955.0,842012,POINT (3.516141 43.317775),True,3.516141,43.317775,train,842012
15580,2019,0.0,100.0,MEDITERRANEAN,France,3669.0,842196,POINT (5.371214 43.20902),True,5.371214,43.20902,train,842196
15597,2021,6.0,-inf,MEDITERRANEAN,France,2490.0,844265,POINT (6.816613 43.800331),True,6.816613,43.800331,train,844265
15618,2021,5.0,16.0,MEDITERRANEAN,France,8661.0,845817,POINT (4.030745 43.556063),True,4.030745,43.556063,train,845817
15621,2017,0.0,50.0,MEDITERRANEAN,France,10520.0,847020,POINT (5.579057 43.212145),True,5.579057,43.212145,train,847020
15641,2020,10.0,20.0,MEDITERRANEAN,France,8770.0,848302,POINT (6.49822 43.1628),True,6.49822,43.1628,train,848302
15663,2020,3.0,25.0,MEDITERRANEAN,France,598.0,848821,POINT (3.783652 43.463032),True,3.783652,43.463032,train,848821
15664,2017,1.0,,MEDITERRANEAN,France,876.0,850552,POINT (2.82875 43.01811),True,2.82875,43.01811,train,850552
15695,2021,5.0,-inf,MEDITERRANEAN,France,9738.0,850600,POINT (6.68967 43.769914),True,6.68967,43.769914,train,850600
15765,2020,4.0,10.0,MEDITERRANEAN,France,4147.0,854991,POINT (7.116885 43.830637),True,7.116885,43.830637,train,854991
15787,2020,4.0,-inf,MEDITERRANEAN,France,3654.0,855136,POINT (6.914981 43.509447),True,6.914981,43.509447,train,855136
15817,2021,5.0,5.0,MEDITERRANEAN,France,10073.0,856707,POINT (7.09672 43.674915),True,7.09672,43.674915,train,856707
15840,2020,3.0,16.0,MEDITERRANEAN,France,6643.0,856985,POINT (3.914007 43.560945),True,3.914007,43.560945,train,856985
15853,2021,5.0,250.0,MEDITERRANEAN,France,9458.0,858120,POINT (3.732034 43.832235),True,3.732034,43.832235,train,858120
15867,2017,10.0,16.0,MEDITERRANEAN,France,262.0,858407,POINT (3.350206 43.272849),True,3.350206,43.272849,train,858407
15879,2020,8.0,17.0,CONTINENTAL,France,3067.0,859166,POINT (2.724786 43.525904),True,2.724786,43.525904,train,859166
15901,2018,0.0,50.0,MEDITERRANEAN,France,9642.0,860753,POINT (6.019465 43.122103),True,6.019465,43.122103,train,860753
15923,2021,10.0,200.0,MEDITERRANEAN,France,8027.0,862060,POINT (4.38657 43.5224),True,4.38657,43.5224,train,862060
15926,2017,0.0,4.0,MEDITERRANEAN,France,8243.0,863070,POINT (5.595556 43.166958),True,5.595556,43.166958,train,863070
15940,2017,0.0,-inf,MEDITERRANEAN,France,2488.0,863726,POINT (3.751137 44.12197),True,3.751137,44.12197,train,863726
15950,2017,0.0,-inf,MEDITERRANEAN,France,4498.0,866423,POINT (3.653619 44.216071),True,3.653619,44.216071,train,866423
15962,2017,10.0,16.0,MEDITERRANEAN,France,245.0,867544,POINT (3.349897 43.272626),True,3.349897,43.272626,train,867544
15978,2018,1.0,,MEDITERRANEAN,France,4854.0,870485,POINT (4.76871 44.30451),True,4.76871,44.30451,train,870485
15999,2017,10.0,-inf,MEDITERRANEAN,France,5071.0,871044,POINT (3.665046 44.157297),True,3.665046,44.157297,train,871044
16019,2017,0.0,9.0,ALPINE,France,4842.0,871712,POINT (1.984692 42.566336),True,1.984692,42.566336,train,871712
16023,2017,1.0,,CONTINENTAL,France,53.0,874346,POINT (3.82383 44.57327),True,3.82383,44.57327,train,874346
16040,2019,1.0,,CONTINENTAL,France,8428.0,874387,POINT (3.69542 44.46699),True,3.69542,44.46699,train,874387
16047,2020,10.0,30.0,MEDITERRANEAN,France,5605.0,875989,POINT (3.078748 43.053822),True,3.078748,43.053822,train,875989
16061,2018,10.0,30.0,ALPINE,France,2885.0,876055,POINT (1.978972 42.751528),True,1.978972,42.751528,train,876055
16102,2018,0.0,25.0,CONTINENTAL,France,4748.0,876753,POINT (3.10374 44.600166),True,3.10374,44.600166,train,876753
16139,2017,10.0,20.0,MEDITERRANEAN,France,7983.0,876948,POINT (6.166928 43.034049),True,6.166928,43.034049,train,876948
16151,2017,0.0,16.0,MEDITERRANEAN,France,1300.0,877036,POINT (3.35033 43.272993),True,3.35033,43.272993,train,877036
16162,2021,7.0,-inf,MEDITERRANEAN,France,5076.0,877951,POINT (6.867975 43.442814),True,6.867975,43.442814,train,877951
16173,2017,10.0,-inf,MEDITERRANEAN,France,7955.0,878069,POINT (3.517389 43.319568),True,3.517389,43.319568,train,878069
16178,2019,0.0,100.0,MEDITERRANEAN,France,11125.0,879631,POINT (5.373083 43.208988),True,5.373083,43.208988,train,879631
16193,2021,10.0,1.0,MEDITERRANEAN,France,8027.0,879642,POINT (5.15426 43.4561),True,5.15426,43.4561,train,879642
16197,2017,1.0,,MEDITERRANEAN,France,5474.0,879661,POINT (3.10477 43.51969),True,3.10477,43.51969,train,879661
16211,2021,6.0,-inf,MEDITERRANEAN,France,6945.0,881716,POINT (6.908264 43.668692),True,6.908264,43.668692,train,881716
16243,2017,0.0,15.0,MEDITERRANEAN,France,7748.0,881930,POINT (6.103203 43.030911),True,6.103203,43.030911,train,881930
16247,2018,1.0,,MEDITERRANEAN,France,5474.0,882315,POINT (3.05492 43.48408),True,3.05492,43.48408,train,882315
16263,2021,5.0,25.0,MEDITERRANEAN,France,245.0,882515,POINT (3.051485 42.889385),True,3.051485,42.889385,train,882515
16276,2018,10.0,2.0,ALPINE,France,6079.0,882534,POINT (1.975028 42.864639),True,1.975028,42.864639,train,882534
16288,2020,4.0,400.0,CONTINENTAL,France,5071.0,885020,POINT (2.935611 43.667603),True,2.935611,43.667603,train,885020
16297,2017,10.0,4.0,MEDITERRANEAN,France,4567.0,886300,POINT (5.182739 43.402887),True,5.182739,43.402887,train,886300
16335,2017,0.0,100.0,MEDITERRANEAN,France,3993.0,887560,POINT (5.549403 43.526772),True,5.549403,43.526772,train,887560
16375,2018,1.0,,MEDITERRANEAN,France,51.0,891247,POINT (3.60349 43.73074),True,3.60349,43.73074,train,891247
16406,2018,0.0,-inf,MEDITERRANEAN,France,982.0,891644,POINT (4.491343 43.461497),True,4.491343,43.461497,train,891644
16426,2021,4.0,250.0,MEDITERRANEAN,France,2634.0,892030,POINT (3.493889 43.921544),True,3.493889,43.921544,train,892030
16451,2017,1.0,,MEDITERRANEAN,France,1254.0,893300,POINT (2.60779 42.89313),True,2.60779,42.89313,train,893300
16477,2020,8.0,400.0,MEDITERRANEAN,France,2488.0,894232,POINT (2.970929 43.606552),True,2.970929,43.606552,train,894232
16484,2017,10.0,-inf,MEDITERRANEAN,France,6279.0,895415,POINT (3.518595 43.318042),True,3.518595,43.318042,train,895415
16485,2019,1.0,,MEDITERRANEAN,France,7706.0,896307,POINT (5.22949 44.00538),True,5.22949,44.00538,train,896307
16515,2017,1.0,,MEDITERRANEAN,France,2421.0,899471,POINT (4.27818 43.88261),True,4.27818,43.88261,train,899471
16541,2021,10.0,200.0,MEDITERRANEAN,France,10520.0,899633,POINT (5.04608 43.4649),True,5.04608,43.4649,train,899633
16551,2018,0.0,200.0,MEDITERRANEAN,France,3438.0,900077,POINT (6.021789 43.123082),True,6.021789,43.123082,train,900077
16584,2019,1.0,,MEDITERRANEAN,France,3043.0,901430,POINT (6.88294 43.78677),True,6.88294,43.78677,train,901430
16604,2020,16.0,50.0,MEDITERRANEAN,France,2783.0,901732,POINT (7.142709 43.711859),True,7.142709,43.711859,train,901732
16625,2017,0.0,-inf,MEDITERRANEAN,France,661.0,901747,POINT (3.823714 44.186158),True,3.823714,44.186158,train,901747
16635,2020,4.0,40.0,MEDITERRANEAN,France,2684.0,901855,POINT (3.034788 42.558584),True,3.034788,42.558584,train,901855
16645,2018,0.0,150.0,MEDITERRANEAN,France,9547.0,902712,POINT (5.671086 43.692611),True,5.671086,43.692611,train,902712
16670,2018,0.0,20.0,MEDITERRANEAN,France,3464.0,907807,POINT (6.137251 43.032074),True,6.137251,43.032074,train,907807
16674,2020,10.0,4.0,MEDITERRANEAN,France,3958.0,910466,POINT (6.48778 43.1554),True,6.48778,43.1554,train,910466
16681,2021,5.0,50.0,MEDITERRANEAN,France,305.0,911098,POINT (3.406753 43.333078),True,3.406753,43.333078,train,911098
16703,2018,10.0,4.0,ALPINE,France,6352.0,911731,POINT (1.942885 42.5336),True,1.942885,42.5336,train,911731
16711,2018,10.0,10.0,MEDITERRANEAN,France,10408.0,912574,POINT (6.415177 43.596217),True,6.415177,43.596217,train,912574
16717,2021,5.0,250.0,MEDITERRANEAN,France,4871.0,912792,POINT (3.63634 43.941746),True,3.63634,43.941746,train,912792
16777,2020,10.0,-inf,MEDITERRANEAN,France,7310.0,915917,POINT (6.51944 43.16572),True,6.51944,43.16572,train,915917
16795,2018,10.0,50.0,MEDITERRANEAN,France,3019.0,916842,POINT (5.464601 43.209483),True,5.464601,43.209483,train,916842
16809,2021,4.0,100.0,MEDITERRANEAN,France,9465.0,917487,POINT (6.6276 43.763433),True,6.6276,43.763433,train,917487
16843,2021,10.0,25.0,ALPINE,France,703.0,918358,POINT (1.98548 42.6059),True,1.98548,42.6059,train,918358
16848,2021,10.0,50.0,MEDITERRANEAN,France,1276.0,919048,POINT (2.305333 42.881),True,2.305333,42.881,train,919048
16863,2018,10.0,4.0,ALPINE,France,9816.0,919266,POINT (1.973333 42.751861),True,1.973333,42.751861,train,919266
16867,2020,10.0,40.0,MEDITERRANEAN,France,8661.0,919308,POINT (4.23045 43.460617),True,4.23045,43.460617,train,919308
16876,2017,1.0,,MEDITERRANEAN,France,1910.0,920085,POINT (3.79029 44.24992),True,3.79029,44.24992,train,920085
16890,2017,10.0,-inf,MEDITERRANEAN,France,7955.0,921281,POINT (3.514965 43.324078),True,3.514965,43.324078,train,921281
16891,2020,16.0,-inf,MEDITERRANEAN,France,8512.0,921515,POINT (5.94144 43.27228),True,5.94144,43.27228,train,921515
16926,2018,10.0,16.0,MEDITERRANEAN,France,3466.0,922077,POINT (3.037183 42.74489),True,3.037183,42.74489,train,922077
16942,2017,1.0,,MEDITERRANEAN,France,2142.0,923533,POINT (7.30113 44.02063),True,7.30113,44.02063,train,923533
16990,2020,10.0,20.0,MEDITERRANEAN,France,5876.0,927368,POINT (4.13953 43.484458),True,4.13953,43.484458,train,927368
17010,2018,10.0,16.0,MEDITERRANEAN,France,5203.0,929741,POINT (5.685453 43.696561),True,5.685453,43.696561,train,929741
17018,2017,0.0,-inf,MEDITERRANEAN,France,3935.0,930231,POINT (3.849314 44.1941),True,3.849314,44.1941,train,930231
17047,2017,10.0,80.0,MEDITERRANEAN,France,7212.0,930340,POINT (6.168559 43.035144),True,6.168559,43.035144,train,930340
17077,2019,1.0,,ALPINE,Spain,3792.0,932074,POINT (2.09651 42.46214),True,2.09651,42.46214,train,932074
17111,2019,10.0,20.0,MEDITERRANEAN,France,9873.0,932522,POINT (7.08902 43.7603),True,7.08902,43.7603,train,932522
17143,2019,10.0,17.0,MEDITERRANEAN,France,10039.0,933375,POINT (6.125804 43.121401),True,6.125804,43.121401,train,933375
17152,2021,5.0,250.0,MEDITERRANEAN,France,3935.0,935398,POINT (3.255154 43.616051),True,3.255154,43.616051,train,935398
17165,2021,5.0,-inf,MEDITERRANEAN,France,9568.0,935934,POINT (6.790225 43.69988),True,6.790225,43.69988,train,935934
17196,2020,10.0,100.0,MEDITERRANEAN,France,8733.0,936154,POINT (6.49898 43.1637),True,6.49898,43.1637,train,936154
17204,2018,10.0,100.0,MEDITERRANEAN,France,5474.0,936398,POINT (6.30408 43.145114),True,6.30408,43.145114,train,936398
17213,2021,8.0,250.0,MEDITERRANEAN,France,10600.0,937549,POINT (2.915202 43.560365),True,2.915202,43.560365,train,937549
17232,2019,10.0,200.0,MEDITERRANEAN,France,6925.0,938232,POINT (7.09521 43.86049),True,7.09521,43.86049,train,938232
17275,2017,0.0,6.0,MEDITERRANEAN,France,10166.0,939227,POINT (5.613164 43.227894),True,5.613164,43.227894,train,939227
17288,2020,11.0,200.0,MEDITERRANEAN,France,8904.0,942521,POINT (3.817177 43.585044),True,3.817177,43.585044,train,942521
17304,2020,4.0,50.0,MEDITERRANEAN,France,9353.0,943025,POINT (2.969416 43.044257),True,2.969416,43.044257,train,943025
17324,2020,17.0,200.0,MEDITERRANEAN,France,515.0,945971,POINT (7.140241 43.718839),True,7.140241,43.718839,train,945971
17358,2020,9.0,16.0,MEDITERRANEAN,France,5882.0,946967,POINT (3.815265 43.602939),True,3.815265,43.602939,train,946967
17381,2020,10.0,50.0,MEDITERRANEAN,France,6141.0,949164,POINT (6.52904 43.2051),True,6.52904,43.2051,train,949164
17397,2018,1.0,,CONTINENTAL,France,8428.0,949675,POINT (3.8998 44.5902),True,3.8998,44.5902,train,949675
17404,2021,10.0,300.0,MEDITERRANEAN,France,11157.0,949690,POINT (4.70145 43.7751),True,4.70145,43.7751,train,949690
17415,2021,5.0,16.0,MEDITERRANEAN,France,540.0,950391,POINT (6.446452 43.27033),True,6.446452,43.27033,train,950391
17435,2021,10.0,100.0,MEDITERRANEAN,France,476.0,950608,POINT (5.573625 43.178262),True,5.573625,43.178262,train,950608
17451,2018,10.0,16.0,MEDITERRANEAN,France,9304.0,951026,POINT (3.017825 42.831935),True,3.017825,42.831935,train,951026
17468,2020,10.0,10.0,MEDITERRANEAN,France,11132.0,951944,POINT (6.48206 43.1676),True,6.48206,43.1676,train,951944
17483,2021,10.0,200.0,MEDITERRANEAN,France,3935.0,952165,POINT (5.71202 43.44138),True,5.71202,43.44138,train,952165
17510,2018,0.0,-inf,MEDITERRANEAN,France,9458.0,952870,POINT (4.850268 43.719773),True,4.850268,43.719773,train,952870
17530,2021,5.0,50.0,MEDITERRANEAN,France,6264.0,953846,POINT (5.19556 43.366124),True,5.19556,43.366124,train,953846
17554,2018,0.0,200.0,MEDITERRANEAN,France,9714.0,954508,POINT (6.019795 43.122075),True,6.019795,43.122075,train,954508
17578,2021,5.0,4.0,MEDITERRANEAN,France,2761.0,955166,POINT (2.859682 43.045334),True,2.859682,43.045334,train,955166
17579,2017,10.0,-inf,MEDITERRANEAN,France,7955.0,958425,POINT (3.517397 43.320468),True,3.517397,43.320468,train,958425
17580,2019,10.0,-inf,MEDITERRANEAN,France,4130.0,958748,POINT (3.263066 43.22987),True,3.263066,43.22987,train,958748
17590,2017,0.0,-inf,MEDITERRANEAN,France,11157.0,959674,POINT (3.718682 44.126508),True,3.718682,44.126508,train,959674
17608,2021,10.0,100.0,MEDITERRANEAN,France,6275.0,961823,POINT (5.72214 43.67682),True,5.72214,43.67682,train,961823
17624,2019,10.0,20.0,MEDITERRANEAN,France,8924.0,961839,POINT (6.556529 43.188732),True,6.556529,43.188732,train,961839
17634,2017,0.0,-inf,MEDITERRANEAN,France,661.0,961930,POINT (3.79387 44.126395),True,3.79387,44.126395,train,961930
17644,2018,1.0,,MEDITERRANEAN,France,6925.0,962423,POINT (4.69062 44.23425),True,4.69062,44.23425,train,962423
17657,2018,0.0,100.0,MEDITERRANEAN,France,4541.0,963126,POINT (4.675314 43.495894),True,4.675314,43.495894,train,963126
17672,2017,10.0,200.0,MEDITERRANEAN,France,2569.0,963213,POINT (2.062139 42.824333),True,2.062139,42.824333,train,963213
17697,2021,5.0,100.0,MEDITERRANEAN,France,6226.0,963397,POINT (3.387339 43.908713),True,3.387339,43.908713,train,963397
17716,2021,5.0,50.0,MEDITERRANEAN,France,2075.0,964079,POINT (3.895347 43.538646),True,3.895347,43.538646,train,964079
17720,2021,4.0,10.0,MEDITERRANEAN,France,5928.0,964964,POINT (4.800271 43.511337),True,4.800271,43.511337,train,964964
17726,2018,10.0,16.0,MEDITERRANEAN,France,9328.0,965308,POINT (3.037887 42.777133),True,3.037887,42.777133,train,965308
17734,2017,1.0,,MEDITERRANEAN,France,661.0,967035,POINT (2.29008 43.00126),True,2.29008,43.00126,train,967035
17753,2020,6.0,16.0,MEDITERRANEAN,France,222.0,967055,POINT (7.075476 43.779188),True,7.075476,43.779188,train,967055
17777,2020,3.0,2.0,MEDITERRANEAN,France,3402.0,970929,POINT (7.095015 43.793708),True,7.095015,43.793708,train,970929
17803,2017,0.0,4.0,MEDITERRANEAN,France,272.0,971058,POINT (5.668107 43.318689),True,5.668107,43.318689,train,971058
17817,2017,0.0,8.0,MEDITERRANEAN,France,1894.0,971330,POINT (5.687395 43.358761),True,5.687395,43.358761,train,971330
17843,2018,10.0,2.0,MEDITERRANEAN,France,7315.0,973274,POINT (4.402228 43.533009),True,4.402228,43.533009,train,973274
17873,2017,10.0,-inf,MEDITERRANEAN,France,6279.0,974736,POINT (3.523699 43.321112),True,3.523699,43.321112,train,974736
17874,2017,0.0,4.0,MEDITERRANEAN,France,3466.0,977000,POINT (5.389806 43.274467),True,5.389806,43.274467,train,977000
17886,2021,4.0,200.0,MEDITERRANEAN,France,9771.0,978484,POINT (2.73602 42.988171),True,2.73602,42.988171,train,978484
17931,2020,10.0,-inf,MEDITERRANEAN,France,2386.0,978701,POINT (6.48371 43.1709),True,6.48371,43.1709,train,978701
17934,2017,0.0,25.0,CONTINENTAL,France,7618.0,979627,POINT (3.102065 44.60032),True,3.102065,44.60032,train,979627
17960,2020,10.0,-inf,MEDITERRANEAN,France,3639.0,981320,POINT (5.47931 43.9819),True,5.47931,43.9819,train,981320
17994,2018,0.0,-inf,MEDITERRANEAN,France,9458.0,981629,POINT (6.929428 43.476008),True,6.929428,43.476008,train,981629
18002,2017,10.0,-inf,MEDITERRANEAN,France,7955.0,981678,POINT (3.522317 43.319545),True,3.522317,43.319545,train,981678
18003,2020,4.0,200.0,MEDITERRANEAN,France,694.0,982795,POINT (7.086803 43.780528),True,7.086803,43.780528,train,982795
18052,2017,0.0,100.0,MEDITERRANEAN,France,10305.0,983232,POINT (5.483007 43.511361),True,5.483007,43.511361,train,983232
18081,2019,1.0,,MEDITERRANEAN,France,9513.0,983503,POINT (4.32788 43.88171),True,4.32788,43.88171,train,983503
18096,2019,1.0,,MEDITERRANEAN,France,3669.0,983672,POINT (4.78984 44.21408),True,4.78984,44.21408,train,983672
18129,2018,1.0,,MEDITERRANEAN,France,9873.0,985743,POINT (5.40276 43.98265),True,5.40276,43.98265,train,985743
18154,2017,0.0,-inf,MEDITERRANEAN,France,10278.0,985797,POINT (5.272419 43.693809),True,5.272419,43.693809,train,985797
18164,2021,5.0,16.0,MEDITERRANEAN,France,4349.0,986810,POINT (3.815627 43.619649),True,3.815627,43.619649,train,986810
18188,2017,0.0,40.0,MEDITERRANEAN,France,9458.0,988241,POINT (5.615595 43.243792),True,5.615595,43.243792,train,988241
18206,2018,10.0,16.0,MEDITERRANEAN,France,5799.0,988342,POINT (3.037952 42.744943),True,3.037952,42.744943,train,988342
18214,2017,0.0,-inf,MEDITERRANEAN,France,5071.0,990033,POINT (3.750449 44.085936),True,3.750449,44.085936,train,990033
18224,2020,4.0,50.0,MEDITERRANEAN,France,2474.0,990790,POINT (5.9091 43.277542),True,5.9091,43.277542,train,990790
18249,2017,1.0,,CONTINENTAL,France,10946.0,992929,POINT (3.49525 44.50526),True,3.49525,44.50526,train,992929
18294,2019,1.0,,MEDITERRANEAN,France,7990.0,992964,POINT (3.82611 43.70993),True,3.82611,43.70993,train,992964
18316,2019,10.0,50.0,MEDITERRANEAN,France,5398.0,993397,POINT (7.08941 43.7993),True,7.08941,43.7993,train,993397
18357,2019,1.0,,ALPINE,Spain,843.0,994378,POINT (2.0725 42.40822),True,2.0725,42.40822,train,994378
18381,2018,0.0,100.0,MEDITERRANEAN,France,340.0,994941,POINT (6.027394 43.115823),True,6.027394,43.115823,train,994941
18411,2019,10.0,100.0,MEDITERRANEAN,France,3051.0,996599,POINT (4.45587 43.6125),True,4.45587,43.6125,train,996599
18415,2017,0.0,-inf,MEDITERRANEAN,France,6235.0,996884,POINT (3.818029 44.146667),True,3.818029,44.146667,train,996884
18428,2020,10.0,50.0,MEDITERRANEAN,France,3669.0,998603,POINT (6.48917 43.168),True,6.48917,43.168,train,998603
18448,2017,10.0,-inf,MEDITERRANEAN,France,7955.0,999540,POINT (3.519894 43.324054),True,3.519894,43.324054,train,999540
18449,2017,10.0,-inf,MEDITERRANEAN,France,6279.0,1003516,POINT (3.519454 43.317597),True,3.519454,43.317597,train,1003516
18450,2021,5.0,25.0,MEDITERRANEAN,France,3669.0,1003973,POINT (6.755979 43.509129),True,6.755979,43.509129,train,1003973
18465,2017,0.0,-inf,MEDITERRANEAN,France,7318.0,1005977,POINT (3.878626 44.126009),True,3.878626,44.126009,train,1005977
18477,2017,0.0,30.0,MEDITERRANEAN,France,10073.0,1006433,POINT (4.842699 43.493458),True,4.842699,43.493458,train,1006433
18491,2017,0.0,25.0,MEDITERRANEAN,France,9513.0,1007067,POINT (5.585356 43.169534),True,5.585356,43.169534,train,1007067
18501,2021,5.0,250.0,MEDITERRANEAN,France,3865.0,1007418,POINT (4.060549 43.85682),True,4.060549,43.85682,train,1007418
18518,2020,10.0,20.0,MEDITERRANEAN,France,2684.0,1008215,POINT (4.95581 44.0562),True,4.95581,44.0562,train,1008215
18529,2020,3.0,2.0,MEDITERRANEAN,France,1014.0,1008437,POINT (7.09313 43.793949),True,7.09313,43.793949,train,1008437
18548,2021,10.0,200.0,MEDITERRANEAN,France,1858.0,1008881,POINT (5.73005 43.70642),True,5.73005,43.70642,train,1008881
18569,2019,1.0,,MEDITERRANEAN,France,1539.0,1009185,POINT (7.4374 43.87018),True,7.4374,43.87018,train,1009185
18609,2018,10.0,16.0,MEDITERRANEAN,France,8075.0,1009636,POINT (3.030614 42.756428),True,3.030614,42.756428,train,1009636
18622,2018,10.0,16.0,MEDITERRANEAN,France,4659.0,1009690,POINT (3.050641 42.887911),True,3.050641,42.887911,train,1009690
18632,2021,5.0,25.0,MEDITERRANEAN,France,11222.0,1010051,POINT (3.876006 43.501675),True,3.876006,43.501675,train,1010051
18659,2017,1.0,,MEDITERRANEAN,France,4326.0,1011735,POINT (6.25594 43.3433),True,6.25594,43.3433,train,1011735
18679,2017,10.0,50.0,CONTINENTAL,France,1888.0,1012159,POINT (2.266667 43.416667),True,2.266667,43.416667,train,1012159
18687,2018,1.0,,MEDITERRANEAN,France,1525.0,1012985,POINT (5.73171 43.64897),True,5.73171,43.64897,train,1012985
18715,2020,4.0,50.0,MEDITERRANEAN,France,9766.0,1015925,POINT (7.075322 43.779127),True,7.075322,43.779127,train,1015925
18753,2020,3.0,16.0,MEDITERRANEAN,France,6141.0,1019388,POINT (3.87362 43.537896),True,3.87362,43.537896,train,1019388
18763,2019,10.0,-inf,MEDITERRANEAN,France,3586.0,1021315,POINT (7.06489 43.7518),True,7.06489,43.7518,train,1021315
18780,2019,0.0,200.0,MEDITERRANEAN,France,4477.0,1021513,POINT (6.602128 43.182132),True,6.602128,43.182132,train,1021513
18796,2019,0.0,50.0,MEDITERRANEAN,France,2386.0,1021726,POINT (3.315151 43.869266),True,3.315151,43.869266,train,1021726
18821,2017,10.0,-inf,MEDITERRANEAN,France,7955.0,1022108,POINT (3.513693 43.319586),True,3.513693,43.319586,train,1022108
18822,2019,1.0,,MEDITERRANEAN,France,2429.0,1023137,POINT (3.85232 43.76351),True,3.85232,43.76351,train,1023137
18846,2019,1.0,,MEDITERRANEAN,France,9572.0,1023429,POINT (3.32737 43.53586),True,3.32737,43.53586,train,1023429
18864,2017,0.0,16.0,MEDITERRANEAN,France,10893.0,1024468,POINT (4.337713 43.456996),True,4.337713,43.456996,train,1024468
18872,2018,10.0,12.0,MEDITERRANEAN,France,9486.0,1024577,POINT (6.473023 43.670308),True,6.473023,43.670308,train,1024577
18880,2017,10.0,-inf,MEDITERRANEAN,France,6279.0,1024813,POINT (3.52359 43.324036),True,3.52359,43.324036,train,1024813
18882,2017,10.0,10.0,MEDITERRANEAN,France,669.0,1025850,POINT (3.036889 42.733778),True,3.036889,42.733778,train,1025850
18893,2019,10.0,-inf,MEDITERRANEAN,France,8206.0,1026904,POINT (3.034528 42.643028),True,3.034528,42.643028,train,1026904
18941,2018,10.0,16.0,MEDITERRANEAN,France,3441.0,1027683,POINT (3.050713 42.886553),True,3.050713,42.886553,train,1027683
18957,2017,1.0,,MEDITERRANEAN,France,3043.0,1028534,POINT (6.70261 43.70415),True,6.70261,43.70415,train,1028534
18993,2021,6.0,250.0,MEDITERRANEAN,France,11157.0,1030206,POINT (3.616667 43.617603),True,3.616667,43.617603,train,1030206
19012,2021,5.0,250.0,MEDITERRANEAN,France,6226.0,1031059,POINT (3.288854 44.075441),True,3.288854,44.075441,train,1031059
19025,2020,10.0,10.0,MEDITERRANEAN,France,6048.0,1031227,POINT (7.113023 43.818598),True,7.113023,43.818598,train,1031227
19038,2021,5.0,-inf,MEDITERRANEAN,France,11193.0,1031539,POINT (6.78987 43.696405),True,6.78987,43.696405,train,1031539
19066,2021,10.0,100.0,MEDITERRANEAN,France,10520.0,1031725,POINT (5.10828 43.7276),True,5.10828,43.7276,train,1031725
19080,2018,10.0,12.0,ALPINE,France,11122.0,1032252,POINT (1.952072 42.518174),True,1.952072,42.518174,train,1032252
19098,2019,10.0,600.0,ALPINE,France,5022.0,1032681,POINT (7.39799 43.974),True,7.39799,43.974,train,1032681
19144,2017,0.0,8.0,MEDITERRANEAN,France,1858.0,1032835,POINT (5.652331 43.631389),True,5.652331,43.631389,train,1032835
19155,2017,10.0,100.0,MEDITERRANEAN,France,3935.0,1032874,POINT (6.120282 43.0357),True,6.120282,43.0357,train,1032874
19172,2021,5.0,16.0,MEDITERRANEAN,France,2949.0,1036215,POINT (3.817613 43.593851),True,3.817613,43.593851,train,1036215
19187,2017,10.0,-inf,ALPINE,France,6079.0,1036991,POINT (1.972222 42.864917),True,1.972222,42.864917,train,1036991
19216,2019,1.0,,MEDITERRANEAN,France,6235.0,1037508,POINT (2.4367 42.8575),True,2.4367,42.8575,train,1037508
19240,2017,0.0,250.0,MEDITERRANEAN,France,3049.0,1038386,POINT (5.650863 43.5404),True,5.650863,43.5404,train,1038386
19251,2019,10.0,20.0,MEDITERRANEAN,France,3019.0,1038472,POINT (5.98937 43.105),True,5.98937,43.105,train,1038472
19269,2020,10.0,200.0,MEDITERRANEAN,France,4653.0,1038833,POINT (6.69366 43.4451),True,6.69366,43.4451,train,1038833
19296,2018,1.0,,MEDITERRANEAN,France,5412.0,1039006,POINT (3.68594 44.07141),True,3.68594,44.07141,train,1039006
19314,2017,1.0,,MEDITERRANEAN,France,3251.0,1041543,POINT (4.41227 44.14994),True,4.41227,44.14994,train,1041543
19323,2017,0.0,-inf,MEDITERRANEAN,France,661.0,1042559,POINT (3.694896 44.102548),True,3.694896,44.102548,train,1042559
19331,2017,10.0,50.0,MEDITERRANEAN,France,2634.0,1044065,POINT (6.171687 43.032901),True,6.171687,43.032901,train,1044065
19344,2020,10.0,-inf,MEDITERRANEAN,France,11193.0,1044210,POINT (6.49322 43.1692),True,6.49322,43.1692,train,1044210
19353,2017,0.0,4.0,MEDITERRANEAN,France,2539.0,1044415,POINT (4.335711 43.460674),True,4.335711,43.460674,train,1044415
19368,2017,0.0,16.0,MEDITERRANEAN,France,9513.0,1045293,POINT (3.348294 43.27228),True,3.348294,43.27228,train,1045293
19383,2017,10.0,-inf,MEDITERRANEAN,France,10073.0,1046251,POINT (2.077778 42.845194),True,2.077778,42.845194,train,1046251
19427,2017,10.0,-inf,MEDITERRANEAN,France,7955.0,1046910,POINT (3.521085 43.319551),True,3.521085,43.319551,train,1046910
19428,2017,0.0,-inf,MEDITERRANEAN,France,2474.0,1048063,POINT (3.752521 44.213367),True,3.752521,44.213367,train,1048063
19445,2020,10.0,10.0,MEDITERRANEAN,France,5249.0,1048166,POINT (6.43296 43.1548),True,6.43296,43.1548,train,1048166
19452,2021,6.0,-inf,MEDITERRANEAN,France,10485.0,1048787,POINT (6.600924 43.783334),True,6.600924,43.783334,train,1048787
19488,2017,1.0,,MEDITERRANEAN,France,5721.0,1049675,POINT (5.88362 43.30224),True,5.88362,43.30224,train,1049675
19503,2021,5.0,50.0,MEDITERRANEAN,France,7576.0,1049898,POINT (3.87762 43.540586),True,3.87762,43.540586,train,1049898
19518,2019,10.0,30.0,MEDITERRANEAN,France,146.0,1050181,POINT (5.18137 43.7377),True,5.18137,43.7377,train,1050181
19536,2019,10.0,-inf,MEDITERRANEAN,France,8332.0,1050311,POINT (3.033667 42.6695),True,3.033667,42.6695,train,1050311
19556,2018,10.0,16.0,MEDITERRANEAN,France,5799.0,1052782,POINT (3.038326 42.775631),True,3.038326,42.775631,train,1052782
19565,2020,3.0,50.0,MEDITERRANEAN,France,1959.0,1054103,POINT (3.878699 43.502894),True,3.878699,43.502894,train,1054103
19570,2017,0.0,100.0,MEDITERRANEAN,France,3935.0,1054377,POINT (5.585564 43.16925),True,5.585564,43.16925,train,1054377
19588,2017,10.0,-inf,MEDITERRANEAN,France,7955.0,1055237,POINT (3.519951 43.330351),True,3.519951,43.330351,train,1055237
19589,2021,5.0,50.0,MEDITERRANEAN,France,180.0,1055423,POINT (7.145551 43.682247),True,7.145551,43.682247,train,1055423
19618,2017,10.0,-inf,MEDITERRANEAN,France,10993.0,1055621,POINT (3.050639 42.892944),True,3.050639,42.892944,train,1055621
19629,2018,0.0,20.0,MEDITERRANEAN,France,5076.0,1056539,POINT (6.096004 43.135143),True,6.096004,43.135143,train,1056539
19661,2017,0.0,10.0,MEDITERRANEAN,France,351.0,1057538,POINT (4.334146 43.470951),True,4.334146,43.470951,train,1057538
19686,2019,0.0,40.0,MEDITERRANEAN,France,6874.0,1058020,POINT (6.0528 43.089957),True,6.0528,43.089957,train,1058020
19716,2018,0.0,200.0,MEDITERRANEAN,France,4431.0,1060114,POINT (5.586652 43.169107),True,5.586652,43.169107,train,1060114
19737,2019,1.0,,MEDITERRANEAN,France,10909.0,1060678,POINT (3.00014 43.01719),True,3.00014,43.01719,train,1060678
19756,2019,10.0,100.0,MEDITERRANEAN,France,3642.0,1061022,POINT (6.603919 43.177309),True,6.603919,43.177309,train,1061022
19776,2019,10.0,-inf,MEDITERRANEAN,France,3654.0,1061798,POINT (6.561675 43.192957),True,6.561675,43.192957,train,1061798
19789,2017,0.0,20.0,MEDITERRANEAN,France,8924.0,1063163,POINT (5.169173 43.39893),True,5.169173,43.39893,train,1063163
19814,2021,5.0,-inf,MEDITERRANEAN,France,9541.0,1063905,POINT (5.483568 43.945369),True,5.483568,43.945369,train,1063905
19826,2020,10.0,-inf,MEDITERRANEAN,France,1497.0,1064791,POINT (6.928243 43.492174),True,6.928243,43.492174,train,1064791
19844,2021,5.0,100.0,MEDITERRANEAN,France,2634.0,1066199,POINT (3.07064 43.142195),True,3.07064,43.142195,train,1066199
19861,2020,10.0,-inf,MEDITERRANEAN,France,5994.0,1067085,POINT (6.02735 43.1159),True,6.02735,43.1159,train,1067085
19880,2017,0.0,-inf,MEDITERRANEAN,France,661.0,1067826,POINT (3.711967 44.202026),True,3.711967,44.202026,train,1067826
19894,2019,10.0,100.0,MEDITERRANEAN,France,3019.0,1068184,POINT (5.605367 43.161223),True,5.605367,43.161223,train,1068184
19907,2018,10.0,-inf,MEDITERRANEAN,France,822.0,1068500,POINT (4.842996 44.007426),True,4.842996,44.007426,train,1068500
19916,2020,10.0,40.0,MEDITERRANEAN,France,2926.0,1069495,POINT (3.038391 42.708824),True,3.038391,42.708824,train,1069495
19925,2017,1.0,,CONTINENTAL,France,1888.0,1071172,POINT (2.28975 43.39659),True,2.28975,43.39659,train,1071172
19938,2021,5.0,200.0,MEDITERRANEAN,France,8462.0,1073143,POINT (3.299048 43.365005),True,3.299048,43.365005,train,1073143
19983,2017,10.0,50.0,ALPINE,France,1986.0,1073929,POINT (2.1 42.85),True,2.1,42.85,train,1073929
19998,2017,1.0,,CONTINENTAL,France,2386.0,1073941,POINT (2.56094 43.41434),True,2.56094,43.41434,train,1073941
20010,2017,10.0,-inf,MEDITERRANEAN,France,6279.0,1074328,POINT (3.522707 43.319003),True,3.522707,43.319003,train,1074328
20011,2021,10.0,200.0,MEDITERRANEAN,France,8208.0,1074536,POINT (5.09167 43.34),True,5.09167,43.34,train,1074536
20025,2018,10.0,-inf,MEDITERRANEAN,France,6689.0,1076476,POINT (2.316667 42.933333),True,2.316667,42.933333,train,1076476
20035,2017,0.0,6.0,MEDITERRANEAN,France,8782.0,1076666,POINT (5.508868 43.406559),True,5.508868,43.406559,train,1076666
20044,2020,4.0,50.0,MEDITERRANEAN,France,2722.0,1078475,POINT (3.211585 43.47303),True,3.211585,43.47303,train,1078475
20109,2020,10.0,50.0,MEDITERRANEAN,France,8661.0,1079358,POINT (4.196367 43.466267),True,4.196367,43.466267,train,1079358
20117,2020,10.0,60.0,MEDITERRANEAN,France,7054.0,1083382,POINT (6.09619 43.10289),True,6.09619,43.10289,train,1083382
20134,2019,1.0,,MEDITERRANEAN,France,2783.0,1084794,POINT (3.84032 44.24925),True,3.84032,44.24925,train,1084794
20149,2021,5.0,-inf,MEDITERRANEAN,France,982.0,1085261,POINT (4.986112 44.263278),True,4.986112,44.263278,train,1085261
20168,2018,0.0,9.0,ALPINE,France,2630.0,1086717,POINT (6.798024 44.2811),True,6.798024,44.2811,train,1086717
20187,2021,5.0,200.0,MEDITERRANEAN,France,4525.0,1087585,POINT (6.797925 43.564197),True,6.797925,43.564197,train,1087585
20189,2018,0.0,100.0,MEDITERRANEAN,France,10364.0,1087668,POINT (5.704592 43.691387),True,5.704592,43.691387,train,1087668
20207,2020,5.0,-inf,MEDITERRANEAN,France,509.0,1088982,POINT (6.910911 43.498313),True,6.910911,43.498313,train,1088982
20230,2021,4.0,250.0,MEDITERRANEAN,France,11157.0,1089956,POINT (4.61383 43.966847),True,4.61383,43.966847,train,1089956
20244,2021,10.0,200.0,MEDITERRANEAN,France,10948.0,1091739,POINT (5.71407 43.46478),True,5.71407,43.46478,train,1091739
20285,2018,0.0,4.0,ALPINE,France,9024.0,1092301,POINT (1.988304 42.521454),True,1.988304,42.521454,train,1092301
20297,2019,1.0,,MEDITERRANEAN,France,3043.0,1092444,POINT (5.23868 44.18508),True,5.23868,44.18508,train,1092444
20305,2018,10.0,16.0,MEDITERRANEAN,France,9328.0,1096069,POINT (3.013395 42.799439),True,3.013395,42.799439,train,1096069
20316,2017,10.0,-inf,MEDITERRANEAN,France,7955.0,1096950,POINT (3.524839 43.32583),True,3.524839,43.32583,train,1096950
20317,2019,10.0,-inf,MEDITERRANEAN,France,544.0,1097018,POINT (6.67509 43.7651),True,6.67509,43.7651,train,1097018
20358,2020,10.0,-inf,MEDITERRANEAN,France,7777.0,1097386,POINT (6.52067 43.1654),True,6.52067,43.1654,train,1097386
20368,2019,1.0,,MEDITERRANEAN,France,1254.0,1097949,POINT (7.10137 43.72335),True,7.10137,43.72335,train,1097949
20391,2017,0.0,16.0,MEDITERRANEAN,France,5499.0,1098268,POINT (5.277674 43.535193),True,5.277674,43.535193,train,1098268
20406,2020,10.0,40.0,MEDITERRANEAN,France,5799.0,1098563,POINT (3.893538 43.51105),True,3.893538,43.51105,train,1098563
20416,2021,5.0,6.0,MEDITERRANEAN,France,2990.0,1098823,POINT (5.683874 43.297456),True,5.683874,43.297456,train,1098823
20430,2021,4.0,16.0,MEDITERRANEAN,France,4525.0,1100910,POINT (7.154228 43.655693),True,7.154228,43.655693,train,1100910
20505,2020,4.0,-inf,MEDITERRANEAN,France,5334.0,1101456,POINT (6.726726 43.457492),True,6.726726,43.457492,train,1101456
20541,2018,10.0,50.0,ALPINE,France,1133.0,1102399,POINT (2.120278 42.522528),True,2.120278,42.522528,train,1102399
20573,2017,0.0,-inf,CONTINENTAL,France,8542.0,1103236,POINT (3.507022 44.58318),True,3.507022,44.58318,train,1103236
20597,2021,10.0,200.0,MEDITERRANEAN,France,3466.0,1103330,POINT (5.00822 43.3762),True,5.00822,43.3762,train,1103330
20616,2017,1.0,,MEDITERRANEAN,France,9936.0,1103621,POINT (5.59063 43.34748),True,5.59063,43.34748,train,1103621
20643,2018,0.0,100.0,MEDITERRANEAN,France,3696.0,1104401,POINT (5.436147 43.20751),True,5.436147,43.20751,train,1104401
20654,2018,10.0,20.0,MEDITERRANEAN,France,7227.0,1105403,POINT (3.673789 43.798985),True,3.673789,43.798985,train,1105403
20658,2020,4.0,-inf,MEDITERRANEAN,France,7259.0,1105589,POINT (6.770558 43.548102),True,6.770558,43.548102,train,1105589
20698,2017,0.0,30.0,MEDITERRANEAN,France,6837.0,1106336,POINT (5.313166 43.515738),True,5.313166,43.515738,train,1106336
20718,2018,0.0,1.0,MEDITERRANEAN,France,3839.0,1106887,POINT (5.650864 43.246406),True,5.650864,43.246406,train,1106887
20723,2017,1.0,,MEDITERRANEAN,France,2474.0,1107318,POINT (7.11039 43.83102),True,7.11039,43.83102,train,1107318
20758,2020,3.0,50.0,MEDITERRANEAN,France,3251.0,1107984,POINT (5.919027 43.274299),True,5.919027,43.274299,train,1107984
20781,2019,10.0,-inf,MEDITERRANEAN,France,3837.0,1108846,POINT (3.226238 43.205189),True,3.226238,43.205189,train,1108846
20786,2019,1.0,,MEDITERRANEAN,France,661.0,1111718,POINT (3.71306 44.16099),True,3.71306,44.16099,train,1111718
20793,2017,10.0,30.0,ALPINE,France,6352.0,1112888,POINT (1.963972 42.743194),True,1.963972,42.743194,train,1112888
20815,2017,0.0,-inf,MEDITERRANEAN,France,10268.0,1116179,POINT (3.649184 44.120371),True,3.649184,44.120371,train,1116179
20836,2021,5.0,25.0,MEDITERRANEAN,France,9890.0,1117239,POINT (3.778467 43.464053),True,3.778467,43.464053,train,1117239
20838,2020,4.0,50.0,MEDITERRANEAN,France,9572.0,1118067,POINT (2.787507 42.994113),True,2.787507,42.994113,train,1118067
20884,2020,10.0,200.0,MEDITERRANEAN,France,2500.0,1118663,POINT (6.31287 43.3568),True,6.31287,43.3568,train,1118663
20898,2017,1.0,,CONTINENTAL,France,8428.0,1118942,POINT (3.65149 44.73737),True,3.65149,44.73737,train,1118942
20914,2017,0.0,25.0,MEDITERRANEAN,France,8654.0,1119353,POINT (5.277126 43.535411),True,5.277126,43.535411,train,1119353
20931,2020,10.0,50.0,MEDITERRANEAN,France,1519.0,1120646,POINT (5.14139 44.1619),True,5.14139,44.1619,train,1120646
20937,2020,10.0,-inf,MEDITERRANEAN,France,5946.0,1120715,POINT (6.91095 43.508839),True,6.91095,43.508839,train,1120715
20958,2017,10.0,-inf,MEDITERRANEAN,France,7955.0,1121174,POINT (3.513685 43.318686),True,3.513685,43.318686,train,1121174
20959,2019,10.0,-inf,MEDITERRANEAN,France,9877.0,1121302,POINT (3.037278 42.7365),True,3.037278,42.7365,train,1121302
20978,2021,5.0,250.0,MEDITERRANEAN,France,10600.0,1122030,POINT (3.044109 43.520149),True,3.044109,43.520149,train,1122030
20984,2020,3.0,16.0,MEDITERRANEAN,France,9513.0,1125324,POINT (3.84781 43.48522),True,3.84781,43.48522,train,1125324
21003,2021,4.0,16.0,MEDITERRANEAN,France,1314.0,1126800,POINT (3.880809 43.5477),True,3.880809,43.5477,train,1126800
21016,2019,10.0,25.0,MEDITERRANEAN,France,7380.0,1127982,POINT (6.60059 43.2166),True,6.60059,43.2166,train,1127982
21063,2019,0.0,25.0,MEDITERRANEAN,France,4530.0,1128795,POINT (4.463258 44.284472),True,4.463258,44.284472,train,1128795
21085,2017,0.0,25.0,MEDITERRANEAN,France,2055.0,1129358,POINT (4.841972 43.493911),True,4.841972,43.493911,train,1129358
21090,2017,10.0,40.0,MEDITERRANEAN,France,7770.0,1129506,POINT (5.026895 43.343256),True,5.026895,43.343256,train,1129506
21110,2018,1.0,,MEDITERRANEAN,Spain,4871.0,1130682,POINT (2.58139 42.42623),True,2.58139,42.42623,train,1130682
21147,2020,5.0,4.0,MEDITERRANEAN,France,7295.0,1131913,POINT (3.198717 43.527797),True,3.198717,43.527797,train,1131913
21151,2021,5.0,250.0,MEDITERRANEAN,France,3251.0,1131938,POINT (3.751368 43.920466),True,3.751368,43.920466,train,1131938
21168,2018,10.0,16.0,MEDITERRANEAN,France,1531.0,1133594,POINT (3.895373 43.511867),True,3.895373,43.511867,train,1133594
21169,2017,0.0,25.0,CONTINENTAL,France,9072.0,1133719,POINT (3.200226 44.62966),True,3.200226,44.62966,train,1133719
21195,2017,0.0,15.0,MEDITERRANEAN,France,10904.0,1137381,POINT (5.67646 43.352551),True,5.67646,43.352551,train,1137381
21232,2018,10.0,20.0,MEDITERRANEAN,France,1304.0,1137438,POINT (5.45243 43.379446),True,5.45243,43.379446,train,1137438
21248,2021,10.0,10.0,MEDITERRANEAN,France,6643.0,1138598,POINT (5.115786 44.134391),True,5.115786,44.134391,train,1138598
21254,2017,10.0,-inf,MEDITERRANEAN,France,7955.0,1139967,POINT (3.524863 43.328528),True,3.524863,43.328528,train,1139967
21255,2021,5.0,100.0,MEDITERRANEAN,France,4341.0,1140334,POINT (5.235036 43.623867),True,5.235036,43.623867,train,1140334
21262,2021,5.0,2.0,MEDITERRANEAN,France,4013.0,1140513,POINT (6.757557 43.507994),True,6.757557,43.507994,train,1140513
21269,2017,1.0,,MEDITERRANEAN,France,4530.0,1141361,POINT (7.12762 43.7402),True,7.12762,43.7402,train,1141361
21285,2017,0.0,20.0,MEDITERRANEAN,France,9555.0,1142016,POINT (5.163856 43.398019),True,5.163856,43.398019,train,1142016
21313,2021,5.0,-inf,MEDITERRANEAN,France,1176.0,1145851,POINT (5.19882 43.374375),True,5.19882,43.374375,train,1145851
21377,2021,0.0,5.0,ALPINE,France,2184.0,1150522,POINT (7.47406 44.08285),True,7.47406,44.08285,train,1150522
21392,2017,0.0,30.0,MEDITERRANEAN,France,1162.0,1150784,POINT (5.511608 43.405694),True,5.511608,43.405694,train,1150784
21404,2020,4.0,50.0,MEDITERRANEAN,France,5829.0,1150995,POINT (3.198629 43.527903),True,3.198629,43.527903,train,1150995
21441,2018,1.0,,MEDITERRANEAN,France,51.0,1151045,POINT (3.96177 44.1216),True,3.96177,44.1216,train,1151045
21470,2017,0.0,20.0,MEDITERRANEAN,France,9412.0,1152012,POINT (5.54899 43.530571),True,5.54899,43.530571,train,1152012
21480,2021,5.0,250.0,MEDITERRANEAN,France,5412.0,1153367,POINT (3.991811 43.966524),True,3.991811,43.966524,train,1153367
21494,2020,6.0,50.0,MEDITERRANEAN,France,2885.0,1155055,POINT (5.99708 43.25034),True,5.99708,43.25034,train,1155055
21511,2017,10.0,-inf,ALPINE,France,2025.0,1155722,POINT (1.973056 42.864889),True,1.973056,42.864889,train,1155722
21524,2017,0.0,150.0,MEDITERRANEAN,France,3625.0,1156015,POINT (4.828963 43.351589),True,4.828963,43.351589,train,1156015
21532,2019,10.0,100.0,MEDITERRANEAN,France,7326.0,1157210,POINT (7.08283 43.7496),True,7.08283,43.7496,train,1157210
21565,2021,10.0,100.0,MEDITERRANEAN,France,6264.0,1159059,POINT (5.10837 43.7279),True,5.10837,43.7279,train,1159059
21587,2021,5.0,50.0,MEDITERRANEAN,France,8027.0,1159731,POINT (2.975891 43.072049),True,2.975891,43.072049,train,1159731
21590,2019,10.0,-inf,MEDITERRANEAN,France,7406.0,1159860,POINT (6.0797 43.1045),True,6.0797,43.1045,train,1159860
21614,2018,1.0,,MEDITERRANEAN,France,140.0,1160416,POINT (2.43695 43.00122),True,2.43695,43.00122,train,1160416
21641,2019,10.0,100.0,MEDITERRANEAN,France,8332.0,1160627,POINT (5.373834 43.209007),True,5.373834,43.209007,train,1160627
21653,2021,10.0,40.0,MEDITERRANEAN,France,7770.0,1160731,POINT (5.10365 44.1864),True,5.10365,44.1864,train,1160731
21672,2020,6.0,400.0,MEDITERRANEAN,France,4498.0,1162346,POINT (3.038931 43.63034),True,3.038931,43.63034,train,1162346
21679,2021,5.0,100.0,MEDITERRANEAN,France,876.0,1162727,POINT (4.122969 43.865344),True,4.122969,43.865344,train,1162727
21690,2018,10.0,50.0,ALPINE,France,6689.0,1162857,POINT (1.883333 42.833333),True,1.883333,42.833333,train,1162857
21748,2021,4.0,250.0,MEDITERRANEAN,France,2282.0,1162875,POINT (4.556509 43.96521),True,4.556509,43.96521,train,1162875
21763,2018,1.0,,MEDITERRANEAN,France,5474.0,1163622,POINT (2.67855 42.46187),True,2.67855,42.46187,train,1163622
21783,2017,0.0,-inf,MEDITERRANEAN,France,11157.0,1164926,POINT (3.757112 44.197232),True,3.757112,44.197232,train,1164926
21802,2019,10.0,10.0,MEDITERRANEAN,France,8091.0,1165494,POINT (6.360324 43.253717),True,6.360324,43.253717,train,1165494
21814,2020,4.0,-inf,MEDITERRANEAN,France,2246.0,1165932,POINT (7.122627 43.843888),True,7.122627,43.843888,train,1165932
21837,2017,0.0,-inf,MEDITERRANEAN,France,10600.0,1166602,POINT (3.797835 44.228251),True,3.797835,44.228251,train,1166602
21862,2021,5.0,250.0,MEDITERRANEAN,France,963.0,1166758,POINT (2.694519 43.417542),True,2.694519,43.417542,train,1166758
21907,2021,10.0,16.0,CONTINENTAL,France,7628.0,1170138,POINT (2.17012 43.3598),True,2.17012,43.3598,train,1170138
21935,2021,6.0,3.0,MEDITERRANEAN,France,4947.0,1171186,POINT (7.123104 43.824058),True,7.123104,43.824058,train,1171186
21949,2020,10.0,70.0,MEDITERRANEAN,France,183.0,1171897,POINT (4.96037 44.0571),True,4.96037,44.0571,train,1171897
21962,2021,10.0,25.0,MEDITERRANEAN,France,5557.0,1173253,POINT (5.320572 43.76439),True,5.320572,43.76439,train,1173253
21985,2017,0.0,-inf,MEDITERRANEAN,France,2211.0,1173561,POINT (3.692166 44.101963),True,3.692166,44.101963,train,1173561
21996,2018,10.0,16.0,MEDITERRANEAN,France,5907.0,1174903,POINT (3.019591 42.850476),True,3.019591,42.850476,train,1174903
21999,2018,10.0,30.0,ALPINE,France,3792.0,1176833,POINT (1.952861 42.75075),True,1.952861,42.75075,train,1176833
22026,2019,0.0,30.0,MEDITERRANEAN,France,3464.0,1177989,POINT (6.602295 43.181856),True,6.602295,43.181856,train,1177989
22030,2020,10.0,40.0,MEDITERRANEAN,France,5876.0,1179629,POINT (3.237281 43.212007),True,3.237281,43.212007,train,1179629
22044,2020,10.0,100.0,MEDITERRANEAN,France,2940.0,1180520,POINT (6.49718 43.1544),True,6.49718,43.1544,train,1180520
22104,2017,0.0,50.0,MEDITERRANEAN,France,5817.0,1184946,POINT (5.174797 44.072918),True,5.174797,44.072918,train,1184946
22120,2020,10.0,-inf,MEDITERRANEAN,France,10073.0,1186362,POINT (6.51899 43.1648),True,6.51899,43.1648,train,1186362
22138,2020,10.0,20.0,MEDITERRANEAN,France,6808.0,1187126,POINT (6.48217 43.1654),True,6.48217,43.1654,train,1187126
22201,2017,10.0,16.0,MEDITERRANEAN,France,9513.0,1188388,POINT (3.350119 43.272823),True,3.350119,43.272823,train,1188388
22212,2021,10.0,200.0,MEDITERRANEAN,France,2474.0,1190389,POINT (5.77714 43.71837),True,5.77714,43.71837,train,1190389
22234,2021,10.0,200.0,MEDITERRANEAN,France,10947.0,1191276,POINT (5.00665 43.3741),True,5.00665,43.3741,train,1191276
22252,2017,10.0,-inf,ALPINE,France,1964.0,1191313,POINT (1.97306 42.86489),True,1.97306,42.86489,train,1191313
22278,2017,0.0,-inf,MEDITERRANEAN,France,981.0,1191475,POINT (3.745965 44.13638),True,3.745965,44.13638,train,1191475
22282,2019,1.0,,MEDITERRANEAN,France,2474.0,1191728,POINT (6.79595 43.62832),True,6.79595,43.62832,train,1191728
22298,2017,0.0,-inf,MEDITERRANEAN,France,10600.0,1192564,POINT (3.648544 44.150861),True,3.648544,44.150861,train,1192564
22305,2018,10.0,12.0,MEDITERRANEAN,France,1937.0,1192571,POINT (3.666979 43.858495),True,3.666979,43.858495,train,1192571
22321,2018,1.0,,MEDITERRANEAN,France,2474.0,1193108,POINT (1.87236 43.19791),True,1.87236,43.19791,train,1193108
22336,2021,10.0,3.0,MEDITERRANEAN,France,10197.0,1193672,POINT (6.32218 43.1957),True,6.32218,43.1957,train,1193672
22349,2018,1.0,,MEDITERRANEAN,France,3885.0,1194625,POINT (3.64186 44.32374),True,3.64186,44.32374,train,1194625
22375,2021,10.0,200.0,MEDITERRANEAN,France,5721.0,1195720,POINT (5.64178 43.58851),True,5.64178,43.58851,train,1195720
22390,2020,10.0,50.0,MEDITERRANEAN,France,5799.0,1195997,POINT (3.202625 43.187431),True,3.202625,43.187431,train,1195997
22402,2018,10.0,-inf,MEDITERRANEAN,France,6925.0,1196397,POINT (1.980778 42.859583),True,1.980778,42.859583,train,1196397
22428,2018,0.0,15.0,MEDITERRANEAN,France,4628.0,1196770,POINT (3.594083 43.587013),True,3.594083,43.587013,train,1196770
22431,2021,7.0,-inf,MEDITERRANEAN,France,9261.0,1198529,POINT (7.218199 43.819446),True,7.218199,43.819446,train,1198529
22449,2021,6.0,-inf,MEDITERRANEAN,France,1276.0,1198552,POINT (7.129611 43.832246),True,7.129611,43.832246,train,1198552
22469,2017,10.0,-inf,MEDITERRANEAN,France,6279.0,1199264,POINT (3.520828 43.315666),True,3.520828,43.315666,train,1199264
22470,2017,1.0,,MEDITERRANEAN,France,1497.0,1199691,POINT (5.71229 43.73954),True,5.71229,43.73954,train,1199691
22487,2018,1.0,,MEDITERRANEAN,France,10909.0,1199994,POINT (5.96758 43.46137),True,5.96758,43.46137,train,1199994
22514,2019,10.0,16.0,MEDITERRANEAN,France,8785.0,1200507,POINT (3.517596 43.278159),True,3.517596,43.278159,train,1200507
22521,2018,0.0,25.0,MEDITERRANEAN,France,8752.0,1200998,POINT (3.694803 43.577436),True,3.694803,43.577436,train,1200998
22523,2017,10.0,-inf,MEDITERRANEAN,France,1195.0,1202430,POINT (3.052972 42.892361),True,3.052972,42.892361,train,1202430
22537,2018,1.0,,MEDITERRANEAN,France,5721.0,1202843,POINT (7.25911 43.82437),True,7.25911,43.82437,train,1202843
22563,2018,10.0,-inf,MEDITERRANEAN,France,10179.0,1203933,POINT (6.3808 43.146813),True,6.3808,43.146813,train,1203933
22577,2020,5.0,500.0,MEDITERRANEAN,France,11157.0,1203994,POINT (6.93695 43.524776),True,6.93695,43.524776,train,1203994
22611,2017,10.0,4.0,MEDITERRANEAN,France,2914.0,1206449,POINT (4.844315 43.380483),True,4.844315,43.380483,train,1206449
22618,2020,4.0,4.0,MEDITERRANEAN,France,2922.0,1208247,POINT (3.757529 43.663704),True,3.757529,43.663704,train,1208247
22623,2020,10.0,250.0,MEDITERRANEAN,France,2291.0,1208257,POINT (3.905296 43.557011),True,3.905296,43.557011,train,1208257
22631,2017,1.0,,MEDITERRANEAN,France,2421.0,1208860,POINT (5.70168 43.55995),True,5.70168,43.55995,train,1208860
22646,2019,1.0,,MEDITERRANEAN,France,51.0,1209178,POINT (6.50706 43.40585),True,6.50706,43.40585,train,1209178
22658,2017,0.0,9.0,ALPINE,France,5850.0,1210019,POINT (2.006139 42.62612),True,2.006139,42.62612,train,1210019
22661,2018,10.0,16.0,MEDITERRANEAN,France,10166.0,1210070,POINT (3.015423 42.80192),True,3.015423,42.80192,train,1210070
22673,2019,0.0,100.0,MEDITERRANEAN,France,7813.0,1211806,POINT (3.270768 43.864148),True,3.270768,43.864148,train,1211806
22688,2017,10.0,-inf,MEDITERRANEAN,France,7955.0,1211950,POINT (3.516165 43.320474),True,3.516165,43.320474,train,1211950
22689,2019,0.0,5.0,MEDITERRANEAN,France,2973.0,1212666,POINT (4.764725 43.583256),True,4.764725,43.583256,train,1212666
22721,2017,1.0,,MEDITERRANEAN,France,9458.0,1213420,POINT (2.65676 42.91096),True,2.65676,42.91096,train,1213420
22751,2017,0.0,16.0,MEDITERRANEAN,France,2809.0,1214153,POINT (4.851061 43.366978),True,4.851061,43.366978,train,1214153
22757,2017,0.0,16.0,ALPINE,France,4842.0,1216162,POINT (2.010473 42.618203),True,2.010473,42.618203,train,1216162
22759,2021,10.0,100.0,MEDITERRANEAN,France,8408.0,1216777,POINT (5.66543 43.54921),True,5.66543,43.54921,train,1216777
22787,2020,10.0,100.0,MEDITERRANEAN,France,4477.0,1216826,POINT (6.45244 43.1607),True,6.45244,43.1607,train,1216826
22794,2021,5.0,400.0,MEDITERRANEAN,France,6925.0,1217430,POINT (6.857176 43.60967),True,6.857176,43.60967,train,1217430
22846,2020,4.0,250.0,MEDITERRANEAN,France,4814.0,1217709,POINT (4.031115 43.557663),True,4.031115,43.557663,train,1217709
22853,2019,10.0,20.0,MEDITERRANEAN,France,8786.0,1218380,POINT (6.11637 43.0931),True,6.11637,43.0931,train,1218380
22876,2018,10.0,16.0,MEDITERRANEAN,France,2173.0,1220588,POINT (3.052136 42.891498),True,3.052136,42.891498,train,1220588
22885,2021,3.0,2.0,MEDITERRANEAN,France,10113.0,1222063,POINT (4.843156 43.959092),True,4.843156,43.959092,train,1222063
22886,2018,0.0,-inf,MEDITERRANEAN,France,3051.0,1222131,POINT (4.622614 43.740946),True,4.622614,43.740946,train,1222131
22891,2021,4.0,250.0,MEDITERRANEAN,France,9572.0,1222238,POINT (3.217874 43.52134),True,3.217874,43.52134,train,1222238
22900,2018,10.0,16.0,MEDITERRANEAN,France,1912.0,1222266,POINT (3.020373 42.85062),True,3.020373,42.85062,train,1222266
22905,2021,10.0,50.0,MEDITERRANEAN,France,10239.0,1222449,POINT (5.1232 43.4899),True,5.1232,43.4899,train,1222449
22907,2021,5.0,100.0,MEDITERRANEAN,France,2643.0,1224197,POINT (4.547237 43.965854),True,4.547237,43.965854,train,1224197
22937,2019,0.0,50.0,MEDITERRANEAN,France,10100.0,1225530,POINT (3.394589 43.964619),True,3.394589,43.964619,train,1225530
22967,2019,1.0,,MEDITERRANEAN,France,7770.0,1226345,POINT (6.82489 43.68114),True,6.82489,43.68114,train,1226345
22987,2018,1.0,,MEDITERRANEAN,France,7788.0,1226675,POINT (2.26563 42.98328),True,2.26563,42.98328,train,1226675
23010,2017,10.0,25.0,MEDITERRANEAN,France,6141.0,1227685,POINT (5.670442 43.319333),True,5.670442,43.319333,train,1227685
23029,2018,10.0,16.0,MEDITERRANEAN,France,8075.0,1227709,POINT (3.030817 42.748147),True,3.030817,42.748147,train,1227709
23061,2020,12.0,200.0,MEDITERRANEAN,France,9702.0,1229759,POINT (3.813726 43.618575),True,3.813726,43.618575,train,1229759
23158,2020,10.0,4.0,MEDITERRANEAN,France,216.0,1231643,POINT (6.51826 43.1636),True,6.51826,43.1636,train,1231643
23173,2018,10.0,16.0,MEDITERRANEAN,France,1176.0,1232752,POINT (3.022941 42.855053),True,3.022941,42.855053,train,1232752
23182,2018,0.0,20.0,MEDITERRANEAN,France,340.0,1232778,POINT (3.640049 43.799441),True,3.640049,43.799441,train,1232778
23184,2021,4.0,25.0,MEDITERRANEAN,France,5157.0,1233146,POINT (5.271837 44.174251),True,5.271837,44.174251,train,1233146
23205,2019,10.0,80.0,MEDITERRANEAN,France,4701.0,1234950,POINT (6.11842 43.0995),True,6.11842,43.0995,train,1234950
23246,2021,5.0,250.0,MEDITERRANEAN,France,2421.0,1236810,POINT (3.219813 43.523498),True,3.219813,43.523498,train,1236810
23264,2018,10.0,16.0,MEDITERRANEAN,France,11240.0,1237005,POINT (3.038115 42.770884),True,3.038115,42.770884,train,1237005
23273,2019,10.0,-inf,MEDITERRANEAN,France,2173.0,1237180,POINT (3.206862 43.191478),True,3.206862,43.191478,train,1237180
23287,2018,0.0,25.0,CONTINENTAL,France,9465.0,1238174,POINT (3.103009 44.599752),True,3.103009,44.599752,train,1238174
23327,2021,5.0,100.0,CONTINENTAL,France,5335.0,1238247,POINT (3.178424 44.404947),True,3.178424,44.404947,train,1238247
23350,2020,4.0,15.0,MEDITERRANEAN,France,8549.0,1238438,POINT (6.908768 43.501467),True,6.908768,43.501467,train,1238438
23366,2019,1.0,,MEDITERRANEAN,France,3251.0,1240509,POINT (3.25354 43.55448),True,3.25354,43.55448,train,1240509
23380,2020,10.0,10.0,MEDITERRANEAN,France,10340.0,1241405,POINT (4.76533 44.2104),True,4.76533,44.2104,train,1241405
23395,2017,0.0,4.0,MEDITERRANEAN,France,4090.0,1241841,POINT (6.122464 43.035223),True,6.122464,43.035223,train,1241841
23406,2017,1.0,,MEDITERRANEAN,France,1304.0,1242311,POINT (5.69324 43.41628),True,5.69324,43.41628,train,1242311
23420,2021,6.0,4.0,MEDITERRANEAN,France,5704.0,1242429,POINT (7.13504 43.737822),True,7.13504,43.737822,train,1242429
23422,2019,1.0,,MEDITERRANEAN,France,10728.0,1243398,POINT (4.06379 44.19199),True,4.06379,44.19199,train,1243398
23443,2021,5.0,5.0,MEDITERRANEAN,France,9654.0,1243519,POINT (6.74458 43.476299),True,6.74458,43.476299,train,1243519
23450,2021,10.0,200.0,MEDITERRANEAN,France,8398.0,1244214,POINT (5.74599 43.71256),True,5.74599,43.71256,train,1244214
23490,2021,10.0,10.0,MEDITERRANEAN,France,1910.0,1246021,POINT (4.81685 43.953),True,4.81685,43.953,train,1246021
23497,2018,10.0,16.0,MEDITERRANEAN,France,10910.0,1246032,POINT (3.013798 42.800059),True,3.013798,42.800059,train,1246032
23505,2020,10.0,200.0,MEDITERRANEAN,France,3438.0,1246265,POINT (6.31297 43.3562),True,6.31297,43.3562,train,1246265
23518,2021,5.0,250.0,MEDITERRANEAN,France,9873.0,1246332,POINT (3.656923 43.641835),True,3.656923,43.641835,train,1246332
23562,2018,0.0,100.0,MEDITERRANEAN,France,4431.0,1247879,POINT (5.483292 43.281061),True,5.483292,43.281061,train,1247879
23580,2017,0.0,25.0,CONTINENTAL,France,7739.0,1248270,POINT (3.102153 44.600563),True,3.102153,44.600563,train,1248270
23608,2018,0.0,-inf,ALPINE,France,3829.0,1248755,POINT (6.79878 44.278154),True,6.79878,44.278154,train,1248755
23623,2017,0.0,4.0,MEDITERRANEAN,France,11119.0,1252072,POINT (5.549526 43.530657),True,5.549526,43.530657,train,1252072
23627,2020,10.0,100.0,MEDITERRANEAN,France,2421.0,1252299,POINT (6.942025 43.495924),True,6.942025,43.495924,train,1252299
23642,2017,10.0,3.0,MEDITERRANEAN,France,7603.0,1253440,POINT (4.675085 43.497337),True,4.675085,43.497337,train,1253440
23648,2018,1.0,,MEDITERRANEAN,France,7706.0,1253511,POINT (6.74931 43.66625),True,6.74931,43.66625,train,1253511
23664,2017,0.0,13.0,MEDITERRANEAN,France,8297.0,1253989,POINT (6.725167 43.854139),True,6.725167,43.854139,train,1253989
23696,2018,0.0,15.0,MEDITERRANEAN,France,340.0,1256887,POINT (3.68224 43.620031),True,3.68224,43.620031,train,1256887
23701,2021,5.0,100.0,MEDITERRANEAN,France,3935.0,1257412,POINT (3.099697 43.208852),True,3.099697,43.208852,train,1257412
23719,2018,10.0,16.0,MEDITERRANEAN,France,3837.0,1257563,POINT (3.0528 42.895365),True,3.0528,42.895365,train,1257563
23750,2018,10.0,16.0,MEDITERRANEAN,France,10289.0,1258600,POINT (3.051107 42.889844),True,3.051107,42.889844,train,1258600
23765,2017,10.0,12.0,MEDITERRANEAN,France,6491.0,1259165,POINT (5.651769 43.632096),True,5.651769,43.632096,train,1259165
23784,2017,0.0,16.0,MEDITERRANEAN,France,6840.0,1261663,POINT (3.346409 43.274112),True,3.346409,43.274112,train,1261663
23812,2017,1.0,,MEDITERRANEAN,France,5412.0,1262074,POINT (7.01123 43.83534),True,7.01123,43.83534,train,1262074
23823,2021,5.0,4.0,MEDITERRANEAN,France,2643.0,1263234,POINT (6.448253 43.270851),True,6.448253,43.270851,train,1263234
23848,2021,4.0,4.0,MEDITERRANEAN,France,4325.0,1264609,POINT (2.890059 43.051202),True,2.890059,43.051202,train,1264609
23850,2017,0.0,4.0,MEDITERRANEAN,France,9820.0,1266317,POINT (4.77184 43.350164),True,4.77184,43.350164,train,1266317
23854,2017,0.0,30.0,MEDITERRANEAN,France,3696.0,1266600,POINT (5.616214 43.244686),True,5.616214,43.244686,train,1266600
23868,2017,0.0,-inf,MEDITERRANEAN,France,10711.0,1269536,POINT (3.660261 44.164077),True,3.660261,44.164077,train,1269536
23888,2017,0.0,4.0,MEDITERRANEAN,France,1531.0,1270605,POINT (4.55134 43.454491),True,4.55134,43.454491,train,1270605
23896,2018,10.0,-inf,MEDITERRANEAN,France,2908.0,1272670,POINT (4.40226 43.532802),True,4.40226,43.532802,train,1272670
23899,2020,9.0,4.0,MEDITERRANEAN,France,204.0,1272792,POINT (3.718938 43.660478),True,3.718938,43.660478,train,1272792
23911,2018,10.0,16.0,MEDITERRANEAN,France,5799.0,1273207,POINT (3.037839 42.760103),True,3.037839,42.760103,train,1273207
23922,2017,0.0,100.0,MEDITERRANEAN,France,5016.0,1273663,POINT (4.549012 43.455199),True,4.549012,43.455199,train,1273663
23927,2020,6.0,400.0,MEDITERRANEAN,France,2474.0,1273792,POINT (3.594389 43.837465),True,3.594389,43.837465,train,1273792
23941,2021,5.0,25.0,MEDITERRANEAN,France,3419.0,1274007,POINT (5.272324 44.174206),True,5.272324,44.174206,train,1274007
23944,2018,10.0,50.0,MEDITERRANEAN,France,4029.0,1274172,POINT (6.136635 43.032479),True,6.136635,43.032479,train,1274172
23964,2017,10.0,-inf,MEDITERRANEAN,France,6279.0,1275066,POINT (3.517486 43.330363),True,3.517486,43.330363,train,1275066
23966,2018,0.0,12.0,ALPINE,France,96.0,1276135,POINT (7.343902 44.113943),True,7.343902,44.113943,train,1276135
23985,2019,0.0,100.0,MEDITERRANEAN,France,10893.0,1276319,POINT (5.373661 43.209893),True,5.373661,43.209893,train,1276319
24016,2017,0.0,10.0,MEDITERRANEAN,France,5800.0,1276942,POINT (7.34681 43.71482),True,7.34681,43.71482,train,1276942
24039,2021,5.0,16.0,MEDITERRANEAN,France,1531.0,1277503,POINT (4.00834 43.552573),True,4.00834,43.552573,train,1277503
24041,2021,4.0,250.0,MEDITERRANEAN,France,11157.0,1277904,POINT (4.06764 43.919062),True,4.06764,43.919062,train,1277904
24062,2019,1.0,,MEDITERRANEAN,France,11157.0,1278280,POINT (3.80922 44.01586),True,3.80922,44.01586,train,1278280
24072,2017,10.0,-inf,MEDITERRANEAN,France,7955.0,1278907,POINT (3.521167 43.328546),True,3.521167,43.328546,train,1278907
24073,2020,10.0,400.0,MEDITERRANEAN,France,6684.0,1280324,POINT (4.54796 44.2261),True,4.54796,44.2261,train,1280324
24085,2020,10.0,100.0,MEDITERRANEAN,France,6707.0,1280732,POINT (4.9584 44.0562),True,4.9584,44.0562,train,1280732
24095,2017,10.0,500.0,MEDITERRANEAN,France,669.0,1281034,POINT (3.031389 42.837861),True,3.031389,42.837861,train,1281034
24140,2019,10.0,75.0,MEDITERRANEAN,France,11157.0,1288158,POINT (7.3852 43.7384),True,7.3852,43.7384,train,1288158
24159,2020,10.0,-inf,MEDITERRANEAN,France,7318.0,1288947,POINT (6.46803 43.1697),True,6.46803,43.1697,train,1288947
24181,2020,10.0,5.0,MEDITERRANEAN,France,11140.0,1289908,POINT (6.49979 43.1571),True,6.49979,43.1571,train,1289908
24194,2021,5.0,250.0,MEDITERRANEAN,France,249.0,1290723,POINT (3.475478 44.092307),True,3.475478,44.092307,train,1290723
24205,2018,10.0,16.0,MEDITERRANEAN,France,1312.0,1291011,POINT (5.684852 43.694577),True,5.684852,43.694577,train,1291011
24213,2019,10.0,400.0,MEDITERRANEAN,France,544.0,1291088,POINT (7.04519 44.07416),True,7.04519,44.07416,train,1291088
24258,2018,10.0,-inf,MEDITERRANEAN,France,3109.0,1292709,POINT (4.402289 43.532963),True,4.402289,43.532963,train,1292709
24267,2018,10.0,16.0,MEDITERRANEAN,France,4114.0,1293242,POINT (5.673701 43.692294),True,5.673701,43.692294,train,1293242
24277,2020,4.0,50.0,MEDITERRANEAN,France,3935.0,1295472,POINT (3.75746 43.66368),True,3.75746,43.66368,train,1295472
24308,2021,5.0,16.0,MEDITERRANEAN,France,2684.0,1295760,POINT (7.153818 43.656559),True,7.153818,43.656559,train,1295760
24332,2020,4.0,15.0,MEDITERRANEAN,France,6612.0,1299066,POINT (6.748992 43.556573),True,6.748992,43.556573,train,1299066
24363,2021,5.0,100.0,MEDITERRANEAN,France,1304.0,1299592,POINT (3.086324 43.152656),True,3.086324,43.152656,train,1299592
24391,2019,10.0,100.0,MEDITERRANEAN,France,9943.0,1300863,POINT (4.81083 43.9162),True,4.81083,43.9162,train,1300863
24409,2017,10.0,-inf,MEDITERRANEAN,France,7955.0,1303438,POINT (3.514925 43.31958),True,3.514925,43.31958,train,1303438
24410,2019,1.0,,MEDITERRANEAN,France,2634.0,1303451,POINT (5.13794 43.66597),True,5.13794,43.66597,train,1303451
24432,2021,5.0,250.0,MEDITERRANEAN,France,11193.0,1306766,POINT (4.591613 43.994226),True,4.591613,43.994226,train,1306766
24449,2017,10.0,-inf,MEDITERRANEAN,France,7955.0,1308010,POINT (3.518597 43.316864),True,3.518597,43.316864,train,1308010
24451,2017,0.0,3.0,MEDITERRANEAN,France,11087.0,1308292,POINT (5.394488 43.303297),True,5.394488,43.303297,train,1308292
24468,2020,3.0,200.0,MEDITERRANEAN,France,4341.0,1308430,POINT (5.941949 43.272512),True,5.941949,43.272512,train,1308430
24498,2021,5.0,250.0,MEDITERRANEAN,France,11157.0,1308936,POINT (3.793115 44.063498),True,3.793115,44.063498,train,1308936
24521,2019,1.0,,MEDITERRANEAN,France,11157.0,1311186,POINT (3.83555 44.06945),True,3.83555,44.06945,train,1311186
24531,2017,10.0,-inf,MEDITERRANEAN,France,7115.0,1312149,POINT (2.057389 42.831056),True,2.057389,42.831056,train,1312149
24574,2018,1.0,,MEDITERRANEAN,France,305.0,1313141,POINT (2.75699 43.25201),True,2.75699,43.25201,train,1313141
24611,2017,10.0,-inf,MEDITERRANEAN,France,6279.0,1313392,POINT (3.523461 43.320682),True,3.523461,43.320682,train,1313392
24612,2017,0.0,9.0,MEDITERRANEAN,France,1497.0,1314355,POINT (5.711158 43.550937),True,5.711158,43.550937,train,1314355
24628,2020,9.0,25.0,MEDITERRANEAN,France,2075.0,1315656,POINT (3.779221 43.436514),True,3.779221,43.436514,train,1315656
24649,2020,10.0,30.0,MEDITERRANEAN,France,3993.0,1317301,POINT (4.76811 44.2107),True,4.76811,44.2107,train,1317301
24675,2020,10.0,200.0,MEDITERRANEAN,France,11157.0,1318452,POINT (6.50164 43.1609),True,6.50164,43.1609,train,1318452
24683,2021,5.0,250.0,MEDITERRANEAN,France,11157.0,1318799,POINT (3.747701 43.855835),True,3.747701,43.855835,train,1318799
24690,2017,10.0,100.0,MEDITERRANEAN,France,4530.0,1319451,POINT (5.173705 44.076704),True,5.173705,44.076704,train,1319451
24704,2021,5.0,50.0,MEDITERRANEAN,France,10947.0,1319490,POINT (3.275603 43.369942),True,3.275603,43.369942,train,1319490
24726,2017,10.0,-inf,MEDITERRANEAN,France,7090.0,1320177,POINT (3.038944 42.803472),True,3.038944,42.803472,train,1320177
24765,2020,10.0,60.0,MEDITERRANEAN,France,82.0,1320192,POINT (5.349848 44.032475),True,5.349848,44.032475,train,1320192
24794,2021,5.0,250.0,MEDITERRANEAN,France,5412.0,1320739,POINT (3.802811 44.065844),True,3.802811,44.065844,train,1320739
24814,2018,1.0,,MEDITERRANEAN,France,11157.0,1320748,POINT (5.42081 43.85618),True,5.42081,43.85618,train,1320748
24835,2020,10.0,100.0,MEDITERRANEAN,France,6669.0,1320757,POINT (6.50822 43.1788),True,6.50822,43.1788,train,1320757
24857,2017,0.0,-inf,MEDITERRANEAN,France,10255.0,1323462,POINT (3.78377 44.129843),True,3.78377,44.129843,train,1323462
24866,2020,10.0,40.0,MEDITERRANEAN,France,9877.0,1323601,POINT (3.034003 42.671343),True,3.034003,42.671343,train,1323601
24871,2021,10.0,25.0,ALPINE,France,703.0,1323879,POINT (1.97267 42.6144),True,1.97267,42.6144,train,1323879
24878,2017,10.0,-inf,MEDITERRANEAN,France,7955.0,1324544,POINT (3.514909 43.317781),True,3.514909,43.317781,train,1324544
24879,2020,10.0,16.0,MEDITERRANEAN,France,10108.0,1324669,POINT (3.70405 43.649466),True,3.70405,43.649466,train,1324669
24899,2017,0.0,4.0,MEDITERRANEAN,France,7315.0,1325535,POINT (5.029779 43.335859),True,5.029779,43.335859,train,1325535
24903,2020,10.0,50.0,MEDITERRANEAN,France,5203.0,1326205,POINT (3.040308 42.819036),True,3.040308,42.819036,train,1326205
24914,2021,10.0,100.0,MEDITERRANEAN,France,9569.0,1326898,POINT (5.01637 43.3703),True,5.01637,43.3703,train,1326898
24918,2017,0.0,200.0,MEDITERRANEAN,France,8208.0,1326989,POINT (5.699157 43.418644),True,5.699157,43.418644,train,1326989
24933,2019,0.0,-inf,MEDITERRANEAN,France,5542.0,1327575,POINT (6.952281 44.197349),True,6.952281,44.197349,train,1327575
24968,2021,5.0,16.0,MEDITERRANEAN,France,4130.0,1330243,POINT (4.035181 43.556797),True,4.035181,43.556797,train,1330243
24976,2021,5.0,-inf,MEDITERRANEAN,France,8424.0,1330357,POINT (7.008362 43.866513),True,7.008362,43.866513,train,1330357
25021,2020,10.0,150.0,MEDITERRANEAN,France,8208.0,1330505,POINT (4.95789 44.0583),True,4.95789,44.0583,train,1330505
25039,2017,0.0,-inf,MEDITERRANEAN,France,8208.0,1331269,POINT (3.714938 44.138846),True,3.714938,44.138846,train,1331269
25074,2021,5.0,16.0,MEDITERRANEAN,France,982.0,1331478,POINT (4.036602 43.556838),True,4.036602,43.556838,train,1331478
25085,2019,0.0,100.0,MEDITERRANEAN,France,9572.0,1332007,POINT (7.100188 43.640356),True,7.100188,43.640356,train,1332007
25111,2020,10.0,4.0,MEDITERRANEAN,France,9555.0,1333137,POINT (4.82706 43.56491),True,4.82706,43.56491,train,1333137
25129,2017,0.0,-inf,MEDITERRANEAN,France,2488.0,1333763,POINT (3.69168 44.186332),True,3.69168,44.186332,train,1333763
25139,2018,0.0,40.0,MEDITERRANEAN,France,3599.0,1337575,POINT (6.018585 43.114891),True,6.018585,43.114891,train,1337575
25153,2017,1.0,,MEDITERRANEAN,France,10909.0,1337685,POINT (4.0006 43.74335),True,4.0006,43.74335,train,1337685
25167,2019,10.0,100.0,MEDITERRANEAN,France,4325.0,1338860,POINT (5.3287 43.4698),True,5.3287,43.4698,train,1338860
25171,2017,0.0,-inf,MEDITERRANEAN,France,8151.0,1338962,POINT (3.759766 44.08976),True,3.759766,44.08976,train,1338962
25188,2021,5.0,4.0,MEDITERRANEAN,France,6491.0,1338994,POINT (2.832452 43.011293),True,2.832452,43.011293,train,1338994
25191,2017,0.0,-inf,MEDITERRANEAN,France,5181.0,1340789,POINT (5.313225 43.515961),True,5.313225,43.515961,train,1340789
25208,2017,10.0,-inf,MEDITERRANEAN,France,7955.0,1340885,POINT (3.524847 43.326729),True,3.524847,43.326729,train,1340885
25210,2018,1.0,,MEDITERRANEAN,France,10520.0,1342405,POINT (4.76896 43.72884),True,4.76896,43.72884,train,1342405
25223,2017,1.0,,MEDITERRANEAN,France,10909.0,1343244,POINT (6.17921 43.66999),True,6.17921,43.66999,train,1343244
25232,2017,10.0,-inf,MEDITERRANEAN,France,7955.0,1344490,POINT (3.515013 43.329475),True,3.515013,43.329475,train,1344490
25233,2018,10.0,6.0,MEDITERRANEAN,France,4567.0,1345148,POINT (6.929561 43.475787),True,6.929561,43.475787,train,1345148
25240,2017,0.0,16.0,MEDITERRANEAN,France,6269.0,1345956,POINT (5.557899 43.187),True,5.557899,43.187,train,1345956
25250,2019,1.0,,MEDITERRANEAN,France,5412.0,1346962,POINT (3.87858 43.81708),True,3.87858,43.81708,train,1346962
25278,2018,1.0,,MEDITERRANEAN,France,7862.0,1348484,POINT (2.92105 42.46082),True,2.92105,42.46082,train,1348484
25310,2017,10.0,-inf,MEDITERRANEAN,France,7955.0,1348857,POINT (3.522407 43.32944),True,3.522407,43.32944,train,1348857
25312,2019,1.0,,MEDITERRANEAN,France,1539.0,1349440,POINT (3.91486 44.23021),True,3.91486,44.23021,train,1349440
25323,2017,10.0,-inf,MEDITERRANEAN,France,6279.0,1351261,POINT (3.523615 43.326735),True,3.523615,43.326735,train,1351261
25325,2018,1.0,,MEDITERRANEAN,France,11157.0,1351981,POINT (2.70887 43.41393),True,2.70887,43.41393,train,1351981
25337,2018,10.0,16.0,MEDITERRANEAN,France,7315.0,1356068,POINT (3.05064 42.886652),True,3.05064,42.886652,train,1356068
25338,2019,1.0,,MEDITERRANEAN,France,10520.0,1357241,POINT (6.17614 43.25622),True,6.17614,43.25622,train,1357241
25352,2018,0.0,50.0,MEDITERRANEAN,France,3707.0,1357371,POINT (5.292592 43.587481),True,5.292592,43.587481,train,1357371
25370,2021,5.0,16.0,MEDITERRANEAN,France,8661.0,1357381,POINT (4.028894 43.556014),True,4.028894,43.556014,train,1357381
25375,2019,1.0,,MEDITERRANEAN,France,3935.0,1359273,POINT (6.36187 43.44737),True,6.36187,43.44737,train,1359273
25388,2021,5.0,250.0,MEDITERRANEAN,France,6685.0,1360991,POINT (3.733555 43.82807),True,3.733555,43.82807,train,1360991
25408,2020,4.0,400.0,CONTINENTAL,France,6666.0,1363201,POINT (2.971435 43.63647),True,2.971435,43.63647,train,1363201
25412,2019,10.0,600.0,MEDITERRANEAN,France,1746.0,1364032,POINT (6.96414 43.89827),True,6.96414,43.89827,train,1364032
25443,2019,1.0,,MEDITERRANEAN,France,4814.0,1364496,POINT (4.86401 44.1944),True,4.86401,44.1944,train,1364496
25456,2017,0.0,-inf,MEDITERRANEAN,France,10600.0,1364776,POINT (3.671258 44.102084),True,3.671258,44.102084,train,1364776
25488,2021,5.0,250.0,CONTINENTAL,France,8151.0,1367388,POINT (2.697962 43.449208),True,2.697962,43.449208,train,1367388
25509,2017,0.0,-inf,MEDITERRANEAN,France,9088.0,1367767,POINT (3.653125 44.18286),True,3.653125,44.18286,train,1367767
25526,2021,10.0,20.0,MEDITERRANEAN,France,4404.0,1368128,POINT (2.266139 43.188306),True,2.266139,43.188306,train,1368128
25530,2021,5.0,16.0,MEDITERRANEAN,France,9547.0,1368367,POINT (2.978185 43.070885),True,2.978185,43.070885,train,1368367
25537,2021,4.0,250.0,MEDITERRANEAN,France,164.0,1368434,POINT (3.816397 43.83049),True,3.816397,43.83049,train,1368434
25565,2020,10.0,200.0,MEDITERRANEAN,France,9513.0,1374518,POINT (6.49706 43.1543),True,6.49706,43.1543,train,1374518
25585,2017,1.0,,CONTINENTAL,France,2386.0,1374519,POINT (2.2404 43.4325),True,2.2404,43.4325,train,1374519
25604,2020,10.0,200.0,MEDITERRANEAN,France,1892.0,1375710,POINT (5.77276 43.7463),True,5.77276,43.7463,train,1375710
25618,2018,10.0,16.0,MEDITERRANEAN,France,4659.0,1375954,POINT (3.051239 42.886643),True,3.051239,42.886643,train,1375954
25629,2020,10.0,200.0,MEDITERRANEAN,France,5868.0,1376779,POINT (6.01641 43.1142),True,6.01641,43.1142,train,1376779
25657,2017,10.0,16.0,MEDITERRANEAN,France,10893.0,1378121,POINT (3.349688 43.272716),True,3.349688,43.272716,train,1378121
25676,2020,4.0,50.0,MEDITERRANEAN,France,11157.0,1378191,POINT (6.12043 43.148986),True,6.12043,43.148986,train,1378191
25700,2017,10.0,-inf,MEDITERRANEAN,France,7955.0,1378658,POINT (3.52111 43.322249),True,3.52111,43.322249,train,1378658
25744,2021,10.0,4.0,MEDITERRANEAN,France,7906.0,1380252,POINT (6.32091 43.1968),True,6.32091,43.1968,train,1380252
25769,2017,0.0,-inf,MEDITERRANEAN,France,2474.0,1380843,POINT (3.877392 44.120573),True,3.877392,44.120573,train,1380843
25782,2018,0.0,-inf,MEDITERRANEAN,France,3191.0,1381111,POINT (4.418275 43.514182),True,4.418275,43.514182,train,1381111
25783,2017,1.0,,MEDITERRANEAN,France,2678.0,1382716,POINT (3.13022 43.57344),True,3.13022,43.57344,train,1382716
25821,2017,0.0,5.0,MEDITERRANEAN,France,1431.0,1387739,POINT (6.108073 43.03455),True,6.108073,43.03455,train,1387739
25843,2019,10.0,30.0,MEDITERRANEAN,France,2386.0,1389120,POINT (7.10444 43.7632),True,7.10444,43.7632,train,1389120
25861,2021,6.0,-inf,MEDITERRANEAN,France,10317.0,1389849,POINT (7.213533 43.811258),True,7.213533,43.811258,train,1389849
25886,2021,5.0,250.0,MEDITERRANEAN,France,982.0,1392759,POINT (3.640493 43.709533),True,3.640493,43.709533,train,1392759
25931,2020,4.0,400.0,MEDITERRANEAN,France,10047.0,1394379,POINT (2.809872 43.556774),True,2.809872,43.556774,train,1394379
25944,2020,4.0,16.0,MEDITERRANEAN,France,2386.0,1394815,POINT (3.778487 43.665342),True,3.778487,43.665342,train,1394815
25964,2017,0.0,10.0,MEDITERRANEAN,France,2949.0,1395814,POINT (5.67806 43.351693),True,5.67806,43.351693,train,1395814
25984,2017,1.0,,MEDITERRANEAN,France,8949.0,1396019,POINT (2.0453 43.00087),True,2.0453,43.00087,train,1396019
26003,2021,10.0,200.0,MEDITERRANEAN,France,5219.0,1397192,POINT (5.03456 43.4425),True,5.03456,43.4425,train,1397192
26037,2021,4.0,25.0,MEDITERRANEAN,France,2957.0,1397742,POINT (5.270827 44.174279),True,5.270827,44.174279,train,1397742
26050,2021,5.0,-inf,MEDITERRANEAN,France,3958.0,1398278,POINT (7.108646 43.781687),True,7.108646,43.781687,train,1398278
26078,2021,5.0,-inf,MEDITERRANEAN,France,9513.0,1398702,POINT (5.489924 43.896043),True,5.489924,43.896043,train,1398702
26094,2018,1.0,,MEDITERRANEAN,France,4530.0,1400752,POINT (2.9302 43.35903),True,2.9302,43.35903,train,1400752
26115,2021,5.0,1.0,MEDITERRANEAN,France,887.0,1401197,POINT (6.845884 43.610708),True,6.845884,43.610708,train,1401197
26129,2017,0.0,-inf,MEDITERRANEAN,France,3191.0,1402413,POINT (3.517164 43.331597),True,3.517164,43.331597,train,1402413
26157,2021,5.0,100.0,MEDITERRANEAN,France,11193.0,1405039,POINT (3.140827 43.166585),True,3.140827,43.166585,train,1405039
26175,2017,1.0,,MEDITERRANEAN,France,4238.0,1405906,POINT (6.77727 44.02525),True,6.77727,44.02525,train,1405906
26187,2021,5.0,16.0,MEDITERRANEAN,France,4628.0,1406846,POINT (3.816342 43.593814),True,3.816342,43.593814,train,1406846
26199,2017,0.0,-inf,MEDITERRANEAN,France,6211.0,1410105,POINT (3.710304 44.160083),True,3.710304,44.160083,train,1410105
26218,2019,10.0,100.0,MEDITERRANEAN,France,10695.0,1415036,POINT (5.342209 43.213676),True,5.342209,43.213676,train,1415036
26239,2021,5.0,250.0,MEDITERRANEAN,France,11013.0,1416687,POINT (3.379444 43.87826),True,3.379444,43.87826,train,1416687
26255,2018,0.0,50.0,MEDITERRANEAN,France,3125.0,1417976,POINT (5.567266 43.180243),True,5.567266,43.180243,train,1417976
26277,2017,1.0,,MEDITERRANEAN,France,981.0,1421476,POINT (3.89134 44.28451),True,3.89134,44.28451,train,1421476
26288,2018,10.0,-inf,ALPINE,France,2474.0,1422226,POINT (2.234111 42.752167),True,2.234111,42.752167,train,1422226
26300,2020,4.0,400.0,MEDITERRANEAN,France,3309.0,1422312,POINT (3.607082 43.852679),True,3.607082,43.852679,train,1422312
26315,2017,0.0,16.0,MEDITERRANEAN,France,1734.0,1423038,POINT (3.348899 43.272512),True,3.348899,43.272512,train,1423038
26334,2020,10.0,10.0,MEDITERRANEAN,France,4184.0,1423883,POINT (5.14896 44.1711),True,5.14896,44.1711,train,1423883
26351,2018,10.0,16.0,MEDITERRANEAN,France,5876.0,1424099,POINT (3.050995 42.886688),True,3.050995,42.886688,train,1424099
26354,2017,10.0,15.0,MEDITERRANEAN,France,3464.0,1424653,POINT (3.037694 42.769833),True,3.037694,42.769833,train,1424653
26365,2021,10.0,100.0,MEDITERRANEAN,France,9936.0,1427417,POINT (5.2083 43.3314),True,5.2083,43.3314,train,1427417
26382,2021,5.0,250.0,MEDITERRANEAN,France,6226.0,1428813,POINT (3.869072 43.896955),True,3.869072,43.896955,train,1428813
26401,2020,10.0,50.0,MEDITERRANEAN,France,1531.0,1430095,POINT (3.909554 43.518356),True,3.909554,43.518356,train,1430095
26411,2018,10.0,2.0,ALPINE,France,694.0,1430379,POINT (1.982139 42.751056),True,1.982139,42.751056,train,1430379
26418,2021,5.0,250.0,MEDITERRANEAN,France,9458.0,1431002,POINT (3.283682 43.56167),True,3.283682,43.56167,train,1431002
26428,2020,10.0,20.0,MEDITERRANEAN,France,1531.0,1431023,POINT (4.127799 43.494913),True,4.127799,43.494913,train,1431023
26432,2017,0.0,-inf,MEDITERRANEAN,France,4486.0,1432283,POINT (3.709712 44.135748),True,3.709712,44.135748,train,1432283
26455,2021,10.0,1.0,MEDITERRANEAN,France,10073.0,1432505,POINT (5.16438 43.6921),True,5.16438,43.6921,train,1432505
26491,2018,10.0,50.0,MEDITERRANEAN,France,222.0,1433118,POINT (5.597853 43.660857),True,5.597853,43.660857,train,1433118
26500,2020,4.0,25.0,ALPINE,Spain,6497.0,1433144,POINT (2.147832 42.449945),True,2.147832,42.449945,train,1433144
26522,2017,1.0,,MEDITERRANEAN,France,3251.0,1434363,POINT (5.37391 43.44374),True,5.37391,43.44374,train,1434363
26538,2018,1.0,,MEDITERRANEAN,France,2398.0,1435076,POINT (2.09441 42.96506),True,2.09441,42.96506,train,1435076
26588,2018,0.0,-inf,MEDITERRANEAN,France,9820.0,1435812,POINT (4.495036 43.459601),True,4.495036,43.459601,train,1435812
26601,2020,4.0,400.0,MEDITERRANEAN,France,2025.0,1436811,POINT (2.971815 43.596737),True,2.971815,43.596737,train,1436811
26619,2018,0.0,25.0,MEDITERRANEAN,France,10408.0,1436845,POINT (3.613416 43.556682),True,3.613416,43.556682,train,1436845
26647,2021,5.0,50.0,MEDITERRANEAN,France,4341.0,1437037,POINT (2.973453 43.052079),True,2.973453,43.052079,train,1437037
26676,2019,1.0,,CONTINENTAL,France,6689.0,1437944,POINT (3.24219 44.39972),True,3.24219,44.39972,train,1437944
26699,2021,5.0,250.0,CONTINENTAL,France,963.0,1439743,POINT (2.722259 43.571307),True,2.722259,43.571307,train,1439743
26707,2021,5.0,250.0,MEDITERRANEAN,France,8512.0,1440169,POINT (3.830118 44.042029),True,3.830118,44.042029,train,1440169
26728,2021,5.0,16.0,MEDITERRANEAN,France,7713.0,1440251,POINT (2.788704 42.985414),True,2.788704,42.985414,train,1440251
26747,2020,10.0,40.0,MEDITERRANEAN,France,3696.0,1440872,POINT (5.23948 44.17134),True,5.23948,44.17134,train,1440872
26757,2017,10.0,50.0,MEDITERRANEAN,France,5907.0,1445007,POINT (3.037222 42.733778),True,3.037222,42.733778,train,1445007
26765,2018,1.0,,MEDITERRANEAN,France,10073.0,1446795,POINT (5.79611 43.485),True,5.79611,43.485,train,1446795
26786,2020,3.0,16.0,MEDITERRANEAN,France,9513.0,1447272,POINT (4.045273 43.561823),True,4.045273,43.561823,train,1447272
26792,2020,4.0,100.0,MEDITERRANEAN,France,9636.0,1448319,POINT (7.110809 43.819661),True,7.110809,43.819661,train,1448319
26813,2017,0.0,20.0,MEDITERRANEAN,France,2719.0,1448736,POINT (5.029856 43.337711),True,5.029856,43.337711,train,1448736
26828,2018,0.0,50.0,MEDITERRANEAN,France,10558.0,1450292,POINT (5.66458 43.311449),True,5.66458,43.311449,train,1450292
26872,2020,4.0,4.0,MEDITERRANEAN,France,7955.0,1450487,POINT (2.959536 43.051712),True,2.959536,43.051712,train,1450487
26874,2017,1.0,,MEDITERRANEAN,France,7259.0,1450615,POINT (3.92923 43.85232),True,3.92923,43.85232,train,1450615
26906,2021,5.0,50.0,MEDITERRANEAN,France,11140.0,1451016,POINT (2.812598 42.994051),True,2.812598,42.994051,train,1451016
26955,2020,10.0,50.0,MEDITERRANEAN,France,2926.0,1452748,POINT (3.035053 42.653044),True,3.035053,42.653044,train,1452748
26957,2017,0.0,16.0,ALPINE,France,4842.0,1452786,POINT (2.013102 42.618236),True,2.013102,42.618236,train,1452786
26958,2021,10.0,50.0,ALPINE,France,1889.0,1453077,POINT (2.084889 42.614806),True,2.084889,42.614806,train,1453077
26964,2018,1.0,,CONTINENTAL,France,4238.0,1455470,POINT (2.88367 43.64687),True,2.88367,43.64687,train,1455470
26997,2017,0.0,30.0,MEDITERRANEAN,France,3438.0,1456677,POINT (6.121145 43.035558),True,6.121145,43.035558,train,1456677
27015,2020,4.0,30.0,MEDITERRANEAN,France,2665.0,1456860,POINT (6.865784 43.45228),True,6.865784,43.45228,train,1456860
27047,2019,1.0,,MEDITERRANEAN,France,5618.0,1456982,POINT (3.99463 44.39093),True,3.99463,44.39093,train,1456982
27055,2020,10.0,50.0,MEDITERRANEAN,France,9877.0,1459768,POINT (3.236509 43.211846),True,3.236509,43.211846,train,1459768
27067,2021,6.0,4.0,MEDITERRANEAN,France,2055.0,1459878,POINT (4.030523 43.558844),True,4.030523,43.558844,train,1459878
27072,2017,10.0,-inf,MEDITERRANEAN,France,7955.0,1460849,POINT (3.513669 43.316887),True,3.513669,43.316887,train,1460849
27073,2017,0.0,-inf,MEDITERRANEAN,France,6788.0,1460959,POINT (3.728583 44.172708),True,3.728583,44.172708,train,1460959
27081,2021,10.0,-inf,MEDITERRANEAN,France,7548.0,1462601,POINT (6.899895 43.442318),True,6.899895,43.442318,train,1462601
27086,2021,10.0,2.0,MEDITERRANEAN,France,4719.0,1465495,POINT (6.33674 43.2113),True,6.33674,43.2113,train,1465495
27108,2020,5.0,16.0,MEDITERRANEAN,France,982.0,1465761,POINT (4.040874 43.559674),True,4.040874,43.559674,train,1465761
27122,2018,0.0,100.0,MEDITERRANEAN,France,6909.0,1466994,POINT (7.218967 43.817889),True,7.218967,43.817889,train,1466994
27170,2019,1.0,,MEDITERRANEAN,France,4003.0,1467426,POINT (5.85793 43.2851),True,5.85793,43.2851,train,1467426
27188,2021,4.0,250.0,MEDITERRANEAN,France,7318.0,1468464,POINT (3.327705 43.551606),True,3.327705,43.551606,train,1468464
27203,2021,10.0,200.0,MEDITERRANEAN,France,4916.0,1470354,POINT (5.60505 43.1637),True,5.60505,43.1637,train,1470354
27227,2018,10.0,300.0,MEDITERRANEAN,France,8549.0,1470891,POINT (7.139411 43.718917),True,7.139411,43.718917,train,1470891
27269,2020,3.0,16.0,MEDITERRANEAN,France,8661.0,1470989,POINT (4.040876 43.557154),True,4.040876,43.557154,train,1470989
27271,2020,9.0,4.0,MEDITERRANEAN,France,6267.0,1472082,POINT (3.189678 43.49571),True,3.189678,43.49571,train,1472082
27281,2018,10.0,-inf,MEDITERRANEAN,France,146.0,1474096,POINT (2.333333 42.9),True,2.333333,42.9,train,1474096
27303,2020,4.0,200.0,MEDITERRANEAN,France,10305.0,1475876,POINT (3.190644 43.51233),True,3.190644,43.51233,train,1475876
27340,2018,0.0,200.0,MEDITERRANEAN,France,462.0,1476383,POINT (5.451026 43.212573),True,5.451026,43.212573,train,1476383
27364,2021,4.0,4.0,MEDITERRANEAN,France,5020.0,1477276,POINT (7.118366 43.655653),True,7.118366,43.655653,train,1477276
27392,2021,8.0,49.0,ALPINE,Spain,4207.0,1479871,POINT (2.146997 42.445439),True,2.146997,42.445439,train,1479871
27406,2018,0.0,200.0,MEDITERRANEAN,France,10686.0,1479921,POINT (6.024392 43.115988),True,6.024392,43.115988,train,1479921
27438,2019,10.0,500.0,MEDITERRANEAN,France,8549.0,1482727,POINT (6.77164 43.8405),True,6.77164,43.8405,train,1482727
27468,2021,5.0,100.0,MEDITERRANEAN,France,9165.0,1482744,POINT (6.756377 43.508964),True,6.756377,43.508964,train,1482744
27489,2017,0.0,100.0,MEDITERRANEAN,France,838.0,1484443,POINT (5.498752 43.40871),True,5.498752,43.40871,train,1484443
27506,2020,3.0,16.0,MEDITERRANEAN,France,11125.0,1484723,POINT (3.831924 43.473384),True,3.831924,43.473384,train,1484723
27515,2018,0.0,15.0,MEDITERRANEAN,France,10408.0,1486891,POINT (3.620868 43.554733),True,3.620868,43.554733,train,1486891
27518,2017,0.0,100.0,MEDITERRANEAN,France,10946.0,1487643,POINT (5.666251 43.318015),True,5.666251,43.318015,train,1487643
27524,2021,10.0,3.0,MEDITERRANEAN,France,4090.0,1488437,POINT (6.32057 43.196),True,6.32057,43.196,train,1488437
27541,2018,10.0,300.0,MEDITERRANEAN,France,146.0,1488914,POINT (7.234652 43.786198),True,7.234652,43.786198,train,1488914
27595,2017,1.0,,CONTINENTAL,France,9669.0,1492449,POINT (3.72674 44.71846),True,3.72674,44.71846,train,1492449
27610,2017,10.0,-inf,MEDITERRANEAN,France,7955.0,1492666,POINT (3.513725 43.323184),True,3.513725,43.323184,train,1492666
27612,2019,10.0,-inf,MEDITERRANEAN,France,1625.0,1494046,POINT (6.034648 43.083854),True,6.034648,43.083854,train,1494046
27623,2021,10.0,100.0,MEDITERRANEAN,France,2643.0,1494429,POINT (5.10536 44.1874),True,5.10536,44.1874,train,1494429
27631,2019,0.0,250.0,MEDITERRANEAN,France,11157.0,1495354,POINT (4.496355 44.303401),True,4.496355,44.303401,train,1495354
27644,2020,10.0,-inf,MEDITERRANEAN,France,3722.0,1496457,POINT (6.48192 43.1671),True,6.48192,43.1671,train,1496457
27649,2017,10.0,-inf,MEDITERRANEAN,France,7955.0,1496971,POINT (3.522342 43.322243),True,3.522342,43.322243,train,1496971
27650,2020,10.0,20.0,MEDITERRANEAN,France,5076.0,1496997,POINT (6.50585 43.1806),True,6.50585,43.1806,train,1496997
27694,2020,4.0,16.0,MEDITERRANEAN,France,9458.0,1497721,POINT (3.189575 43.495637),True,3.189575,43.495637,train,1497721
27704,2018,10.0,10.0,MEDITERRANEAN,France,9820.0,1498060,POINT (6.929715 43.474953),True,6.929715,43.474953,train,1498060
27726,2021,5.0,16.0,MEDITERRANEAN,France,6560.0,1499791,POINT (6.085294 43.145241),True,6.085294,43.145241,train,1499791
27746,2018,10.0,16.0,MEDITERRANEAN,France,4902.0,1499977,POINT (5.672116 43.692883),True,5.672116,43.692883,train,1499977
27753,2019,10.0,-inf,MEDITERRANEAN,France,3723.0,1500956,POINT (6.031704 43.081336),True,6.031704,43.081336,train,1500956
27765,2017,0.0,-inf,MEDITERRANEAN,France,6211.0,1504659,POINT (3.752273 44.085041),True,3.752273,44.085041,train,1504659
27783,2021,4.0,-inf,MEDITERRANEAN,France,2533.0,1505306,POINT (5.723891 43.437996),True,5.723891,43.437996,train,1505306
27791,2017,10.0,25.0,ALPINE,France,5166.0,1505490,POINT (1.963972 42.7432),True,1.963972,42.7432,train,1505490
27814,2021,5.0,250.0,MEDITERRANEAN,France,5335.0,1509937,POINT (3.460131 43.777056),True,3.460131,43.777056,train,1509937
27829,2018,10.0,16.0,MEDITERRANEAN,France,9877.0,1511811,POINT (3.049504 42.888226),True,3.049504,42.888226,train,1511811
27842,2020,4.0,50.0,MEDITERRANEAN,France,9261.0,1512084,POINT (6.539324 43.254219),True,6.539324,43.254219,train,1512084
27852,2018,0.0,10.0,MEDITERRANEAN,France,9555.0,1512568,POINT (4.449345 43.459187),True,4.449345,43.459187,train,1512568
27859,2021,10.0,200.0,MEDITERRANEAN,France,2421.0,1512988,POINT (5.558497 43.189714),True,5.558497,43.189714,train,1512988
27885,2020,3.0,25.0,MEDITERRANEAN,France,6491.0,1513872,POINT (3.843722 43.482776),True,3.843722,43.482776,train,1513872
27889,2018,10.0,16.0,MEDITERRANEAN,France,5868.0,1514127,POINT (3.051305 42.891606),True,3.051305,42.891606,train,1514127
27905,2020,10.0,60.0,MEDITERRANEAN,France,2643.0,1514162,POINT (5.1515 44.1676),True,5.1515,44.1676,train,1514162
27913,2021,5.0,250.0,MEDITERRANEAN,France,3177.0,1514391,POINT (3.37796 43.877325),True,3.37796,43.877325,train,1514391
27926,2017,0.0,100.0,MEDITERRANEAN,France,4029.0,1517017,POINT (5.498734 43.408881),True,5.498734,43.408881,train,1517017
27933,2018,1.0,,MEDITERRANEAN,France,3251.0,1517662,POINT (5.78226 43.66536),True,5.78226,43.66536,train,1517662
27950,2020,10.0,100.0,MEDITERRANEAN,France,4299.0,1519201,POINT (5.34309 43.21296),True,5.34309,43.21296,train,1519201
27969,2017,1.0,,MEDITERRANEAN,France,1254.0,1520921,POINT (5.92828 43.2288),True,5.92828,43.2288,train,1520921
28008,2019,10.0,150.0,MEDITERRANEAN,France,11193.0,1524915,POINT (6.11626 43.0963),True,6.11626,43.0963,train,1524915
28022,2021,10.0,100.0,MEDITERRANEAN,France,7054.0,1525254,POINT (5.13461 43.4846),True,5.13461,43.4846,train,1525254
28039,2018,0.0,7.0,MEDITERRANEAN,France,5451.0,1525446,POINT (6.095923 43.135226),True,6.095923,43.135226,train,1525446
28062,2019,1.0,,ALPINE,France,8983.0,1526616,POINT (2.16879 42.62391),True,2.16879,42.62391,train,1526616
28086,2021,4.0,250.0,MEDITERRANEAN,France,6788.0,1527938,POINT (3.460215 44.094782),True,3.460215,44.094782,train,1527938
28089,2017,0.0,100.0,MEDITERRANEAN,France,1304.0,1528851,POINT (5.549055 43.530641),True,5.549055,43.530641,train,1528851
28099,2019,1.0,,MEDITERRANEAN,France,5474.0,1530153,POINT (5.87476 43.15863),True,5.87476,43.15863,train,1530153
28150,2019,10.0,10.0,MEDITERRANEAN,Monaco,2634.0,1530351,POINT (7.40039 43.7505),True,7.40039,43.7505,train,1530351
28172,2020,3.0,16.0,MEDITERRANEAN,France,2715.0,1531482,POINT (3.854348 43.489029),True,3.854348,43.489029,train,1531482
28178,2020,5.0,40.0,MEDITERRANEAN,France,3669.0,1533449,POINT (6.918423 43.514254),True,6.918423,43.514254,train,1533449
28202,2018,10.0,16.0,MEDITERRANEAN,France,4902.0,1534749,POINT (5.685082 43.696849),True,5.685082,43.696849,train,1534749
28209,2018,0.0,-inf,MEDITERRANEAN,France,129.0,1535438,POINT (6.027579 43.115844),True,6.027579,43.115844,train,1535438
28216,2018,0.0,-inf,MEDITERRANEAN,France,8908.0,1536510,POINT (4.407217 43.533682),True,4.407217,43.533682,train,1536510
28220,2019,1.0,,MEDITERRANEAN,France,6689.0,1537457,POINT (5.66065 43.70515),True,5.66065,43.70515,train,1537457
28245,2020,10.0,40.0,MEDITERRANEAN,France,9877.0,1540785,POINT (3.826014 43.467032),True,3.826014,43.467032,train,1540785
28254,2020,10.0,4.0,MEDITERRANEAN,France,6880.0,1542279,POINT (6.4872 43.1726),True,6.4872,43.1726,train,1542279
28261,2017,10.0,-inf,MEDITERRANEAN,France,7955.0,1542348,POINT (3.513765 43.327682),True,3.513765,43.327682,train,1542348
28263,2021,6.0,25.0,MEDITERRANEAN,France,6883.0,1542785,POINT (4.025908 44.309502),True,4.025908,44.309502,train,1542785
28298,2021,5.0,25.0,MEDITERRANEAN,France,7627.0,1543352,POINT (4.675369 43.493535),True,4.675369,43.493535,train,1543352
28301,2017,10.0,40.0,MEDITERRANEAN,France,1497.0,1543854,POINT (1.976611 42.828056),True,1.976611,42.828056,train,1543854
28344,2017,0.0,100.0,MEDITERRANEAN,France,9572.0,1544692,POINT (4.334576 43.458079),True,4.334576,43.458079,train,1544692
28346,2020,6.0,4.0,MEDITERRANEAN,France,1677.0,1545900,POINT (7.112753 43.767206),True,7.112753,43.767206,train,1545900
28358,2019,0.0,50.0,MEDITERRANEAN,France,10100.0,1548602,POINT (3.382883 43.947102),True,3.382883,43.947102,train,1548602
28373,2017,10.0,-inf,MEDITERRANEAN,France,8243.0,1549630,POINT (3.026389 42.837833),True,3.026389,42.837833,train,1549630
28387,2021,10.0,100.0,MEDITERRANEAN,France,2683.0,1549810,POINT (4.50257 43.659),True,4.50257,43.659,train,1549810
28393,2018,10.0,20.0,MEDITERRANEAN,France,340.0,1550965,POINT (6.027519 43.115873),True,6.027519,43.115873,train,1550965
28404,2018,10.0,16.0,MEDITERRANEAN,France,2173.0,1552749,POINT (3.038176 42.770425),True,3.038176,42.770425,train,1552749
28429,2017,1.0,,MEDITERRANEAN,France,2634.0,1557945,POINT (5.11581 43.7205),True,5.11581,43.7205,train,1557945
28458,2018,10.0,16.0,MEDITERRANEAN,France,4755.0,1558187,POINT (3.03122 42.749297),True,3.03122,42.749297,train,1558187
28464,2020,10.0,5.0,MEDITERRANEAN,France,628.0,1560765,POINT (6.48453 43.1687),True,6.48453,43.1687,train,1560765
28467,2018,10.0,16.0,MEDITERRANEAN,France,5799.0,1561888,POINT (3.037941 42.746966),True,3.037941,42.746966,train,1561888
28475,2018,1.0,,CONTINENTAL,France,6395.0,1562078,POINT (2.635 43.43214),True,2.635,43.43214,train,1562078
28486,2019,10.0,100.0,MEDITERRANEAN,France,9442.0,1562449,POINT (7.07905 43.7542),True,7.07905,43.7542,train,1562449
28527,2021,10.0,100.0,MEDITERRANEAN,France,8208.0,1563667,POINT (5.711865 43.472031),True,5.711865,43.472031,train,1563667
28539,2017,0.0,-inf,MEDITERRANEAN,France,10711.0,1566537,POINT (3.871664 44.132464),True,3.871664,44.132464,train,1566537
28564,2021,5.0,-inf,MEDITERRANEAN,France,6689.0,1567123,POINT (7.242491 43.698827),True,7.242491,43.698827,train,1567123
28589,2020,10.0,10.0,MEDITERRANEAN,France,8076.0,1567251,POINT (5.14786 44.1695),True,5.14786,44.1695,train,1567251
28606,2019,10.0,10.0,MEDITERRANEAN,France,3140.0,1567315,POINT (6.361736 43.25406),True,6.361736,43.25406,train,1567315
28617,2017,0.0,-inf,MEDITERRANEAN,France,1539.0,1567509,POINT (3.728946 44.136612),True,3.728946,44.136612,train,1567509
28626,2018,0.0,25.0,ALPINE,France,8473.0,1567857,POINT (1.953214 42.505347),True,1.953214,42.505347,train,1567857
28659,2021,4.0,100.0,MEDITERRANEAN,France,9572.0,1568632,POINT (3.351765 43.558546),True,3.351765,43.558546,train,1568632
28680,2020,10.0,40.0,MEDITERRANEAN,France,4209.0,1570891,POINT (6.51543 43.187),True,6.51543,43.187,train,1570891
28701,2020,10.0,200.0,MEDITERRANEAN,France,74.0,1572150,POINT (6.02724 43.1156),True,6.02724,43.1156,train,1572150
28723,2020,4.0,300.0,MEDITERRANEAN,France,5412.0,1576056,POINT (6.748625 43.580614),True,6.748625,43.580614,train,1576056
28765,2017,0.0,-inf,MEDITERRANEAN,France,9636.0,1576236,POINT (3.654511 44.23477),True,3.654511,44.23477,train,1576236
28788,2018,1.0,,MEDITERRANEAN,France,982.0,1577938,POINT (6.11309 43.42038),True,6.11309,43.42038,train,1577938
28812,2020,10.0,40.0,MEDITERRANEAN,France,1531.0,1579238,POINT (3.26645 43.231858),True,3.26645,43.231858,train,1579238
28822,2019,0.0,9.0,MEDITERRANEAN,France,4511.0,1580071,POINT (4.366413 44.271702),True,4.366413,44.271702,train,1580071
28835,2017,10.0,-inf,MEDITERRANEAN,France,7955.0,1580758,POINT (3.523639 43.329434),True,3.523639,43.329434,train,1580758
28836,2021,5.0,25.0,MEDITERRANEAN,France,1000.0,1581677,POINT (3.052191 42.893419),True,3.052191,42.893419,train,1581677
28854,2021,10.0,80.0,MEDITERRANEAN,France,8991.0,1582031,POINT (2.290222 42.8725),True,2.290222,42.8725,train,1582031
28865,2021,0.0,15.0,ALPINE,France,5068.0,1582593,POINT (7.473796 44.083087),True,7.473796,44.083087,train,1582593
28878,2020,10.0,200.0,MEDITERRANEAN,France,8424.0,1583541,POINT (7.13748 43.72555),True,7.13748,43.72555,train,1583541
28934,2021,5.0,16.0,MEDITERRANEAN,France,6915.0,1583824,POINT (2.831726 43.011721),True,2.831726,43.011721,train,1583824
28966,2018,10.0,300.0,MEDITERRANEAN,France,9702.0,1583835,POINT (7.196694 43.815748),True,7.196694,43.815748,train,1583835
28987,2019,10.0,300.0,MEDITERRANEAN,France,5542.0,1583891,POINT (7.20021 44.01476),True,7.20021,44.01476,train,1583891
29035,2018,1.0,,CONTINENTAL,France,5542.0,1584696,POINT (3.74744 44.53829),True,3.74744,44.53829,train,1584696
29053,2018,1.0,,MEDITERRANEAN,France,8208.0,1585439,POINT (3.25585 43.69828),True,3.25585,43.69828,train,1585439
29078,2021,5.0,250.0,MEDITERRANEAN,France,3251.0,1585877,POINT (3.844972 43.770038),True,3.844972,43.770038,train,1585877
29094,2021,5.0,200.0,MEDITERRANEAN,France,2474.0,1586081,POINT (6.140135 43.151011),True,6.140135,43.151011,train,1586081
29131,2018,0.0,-inf,ALPINE,France,4997.0,1586820,POINT (6.817015 44.324294),True,6.817015,44.324294,train,1586820
29188,2018,10.0,16.0,MEDITERRANEAN,France,9877.0,1591141,POINT (3.031564 42.754764),True,3.031564,42.754764,train,1591141
29199,2017,10.0,10.0,MEDITERRANEAN,France,8924.0,1591504,POINT (5.205932 44.058781),True,5.205932,44.058781,train,1591504
29216,2021,5.0,250.0,MEDITERRANEAN,France,5412.0,1591889,POINT (4.333893 44.163885),True,4.333893,44.163885,train,1591889
29226,2017,0.0,-inf,MEDITERRANEAN,France,3581.0,1591962,POINT (3.739644 44.205768),True,3.739644,44.205768,train,1591962
29239,2021,5.0,50.0,MEDITERRANEAN,France,2386.0,1592682,POINT (3.8211 43.611176),True,3.8211,43.611176,train,1592682
29249,2020,10.0,300.0,MEDITERRANEAN,France,7054.0,1594407,POINT (6.02474 43.1185),True,6.02474,43.1185,train,1594407
29261,2021,5.0,250.0,MEDITERRANEAN,France,1276.0,1594920,POINT (4.016958 43.929348),True,4.016958,43.929348,train,1594920
29276,2018,0.0,40.0,MEDITERRANEAN,France,7548.0,1595471,POINT (6.930043 43.475238),True,6.930043,43.475238,train,1595471
29279,2018,0.0,25.0,MEDITERRANEAN,France,5120.0,1596237,POINT (3.667275 43.829542),True,3.667275,43.829542,train,1596237
29282,2018,1.0,,MEDITERRANEAN,France,981.0,1596302,POINT (3.08218 43.68164),True,3.08218,43.68164,train,1596302
29307,2021,5.0,16.0,MEDITERRANEAN,France,857.0,1596820,POINT (4.893937 43.362323),True,4.893937,43.362323,train,1596820
29312,2017,1.0,,MEDITERRANEAN,France,9261.0,1597101,POINT (4.71637 44.25168),True,4.71637,44.25168,train,1597101
29329,2020,4.0,10.0,MEDITERRANEAN,France,3356.0,1598322,POINT (3.038589 42.562386),True,3.038589,42.562386,train,1598322
29335,2017,10.0,4.0,MEDITERRANEAN,France,449.0,1598377,POINT (5.919301 43.23021),True,5.919301,43.23021,train,1598377
29345,2021,4.0,16.0,MEDITERRANEAN,France,1531.0,1601031,POINT (4.009675 43.552897),True,4.009675,43.552897,train,1601031
29359,2021,5.0,4.0,MEDITERRANEAN,France,7955.0,1602086,POINT (2.868627 43.047396),True,2.868627,43.047396,train,1602086
29360,2017,0.0,25.0,ALPINE,Spain,4712.0,1603141,POINT (2.143577 42.443363),True,2.143577,42.443363,train,1603141
29366,2020,10.0,100.0,MEDITERRANEAN,France,9376.0,1603803,POINT (4.95476 44.0559),True,4.95476,44.0559,train,1603803
29387,2018,0.0,100.0,MEDITERRANEAN,France,3696.0,1606412,POINT (5.533338 43.380489),True,5.533338,43.380489,train,1606412
29398,2019,10.0,50.0,MEDITERRANEAN,France,6548.0,1606487,POINT (6.580332 43.214201),True,6.580332,43.214201,train,1606487
29415,2019,1.0,,MEDITERRANEAN,France,4003.0,1606580,POINT (6.14801 43.20324),True,6.14801,43.20324,train,1606580
29427,2017,10.0,-inf,MEDITERRANEAN,France,7955.0,1608458,POINT (3.51991 43.325853),True,3.51991,43.325853,train,1608458
29428,2021,4.0,250.0,MEDITERRANEAN,France,2120.0,1608790,POINT (3.464133 43.758155),True,3.464133,43.758155,train,1608790
29443,2020,4.0,16.0,MEDITERRANEAN,France,8076.0,1609401,POINT (3.789704 43.655764),True,3.789704,43.655764,train,1609401
29457,2018,1.0,,MEDITERRANEAN,France,9572.0,1609771,POINT (2.98107 43.50252),True,2.98107,43.50252,train,1609771
29483,2020,10.0,30.0,MEDITERRANEAN,France,9990.0,1611966,POINT (6.46841 43.165),True,6.46841,43.165,train,1611966
29502,2020,10.0,100.0,MEDITERRANEAN,France,6707.0,1613915,POINT (4.95133 44.0534),True,4.95133,44.0534,train,1613915
29535,2018,1.0,,MEDITERRANEAN,France,1736.0,1615054,POINT (2.6796 42.64145),True,2.6796,42.64145,train,1615054
29566,2017,0.0,-inf,MEDITERRANEAN,France,981.0,1615580,POINT (3.753267 44.190328),True,3.753267,44.190328,train,1615580
29586,2017,0.0,12.0,MEDITERRANEAN,France,6491.0,1616938,POINT (5.656593 43.629476),True,5.656593,43.629476,train,1616938
29596,2018,10.0,16.0,MEDITERRANEAN,France,245.0,1617669,POINT (5.685446 43.696138),True,5.685446,43.696138,train,1617669
29603,2018,10.0,16.0,MEDITERRANEAN,France,8737.0,1617758,POINT (5.677355 43.693483),True,5.677355,43.693483,train,1617758
29615,2019,1.0,,MEDITERRANEAN,France,5219.0,1619087,POINT (2.8066 43.30572),True,2.8066,43.30572,train,1619087
29637,2021,4.0,250.0,MEDITERRANEAN,France,6226.0,1619637,POINT (3.404016 43.860545),True,3.404016,43.860545,train,1619637
29654,2021,3.0,4.0,MEDITERRANEAN,France,5166.0,1619979,POINT (6.416658 43.270241),True,6.416658,43.270241,train,1619979
29668,2020,4.0,50.0,MEDITERRANEAN,France,4003.0,1621464,POINT (3.800006 43.640668),True,3.800006,43.640668,train,1621464
29697,2019,10.0,-inf,MEDITERRANEAN,France,5173.0,1623120,POINT (7.07599 43.7627),True,7.07599,43.7627,train,1623120
29732,2017,10.0,-inf,MEDITERRANEAN,France,6279.0,1623482,POINT (3.523621 43.3206),True,3.523621,43.3206,train,1623482
29733,2018,0.0,50.0,MEDITERRANEAN,France,10305.0,1624104,POINT (7.044677 43.634472),True,7.044677,43.634472,train,1624104
29766,2017,10.0,-inf,MEDITERRANEAN,France,6560.0,1625605,POINT (6.189098 43.340099),True,6.189098,43.340099,train,1625605
29783,2017,0.0,2.0,MEDITERRANEAN,France,4659.0,1626986,POINT (4.779948 43.350804),True,4.779948,43.350804,train,1626986
29787,2020,4.0,400.0,MEDITERRANEAN,France,11157.0,1627944,POINT (3.99204 43.802858),True,3.99204,43.802858,train,1627944
29804,2018,0.0,12.0,MEDITERRANEAN,France,340.0,1629649,POINT (3.613478 43.556673),True,3.613478,43.556673,train,1629649
29824,2021,5.0,250.0,MEDITERRANEAN,France,1276.0,1630872,POINT (4.419672 44.15569),True,4.419672,44.15569,train,1630872
29834,2020,10.0,40.0,MEDITERRANEAN,France,2173.0,1631048,POINT (3.304015 43.251297),True,3.304015,43.251297,train,1631048
29845,2021,4.0,200.0,MEDITERRANEAN,France,8991.0,1631511,POINT (7.097807 43.781933),True,7.097807,43.781933,train,1631511
29907,2021,5.0,-inf,MEDITERRANEAN,France,3387.0,1631808,POINT (5.104635 44.127614),True,5.104635,44.127614,train,1631808
29983,2018,0.0,40.0,MEDITERRANEAN,France,545.0,1632838,POINT (6.097774 43.13583),True,6.097774,43.13583,train,1632838
30009,2020,10.0,50.0,MEDITERRANEAN,France,2926.0,1634277,POINT (3.201516 43.186117),True,3.201516,43.186117,train,1634277
30011,2021,10.0,20.0,MEDITERRANEAN,France,3958.0,1634428,POINT (6.1143 43.12589),True,6.1143,43.12589,train,1634428
30020,2017,1.0,,MEDITERRANEAN,France,4530.0,1635701,POINT (2.46108 42.83951),True,2.46108,42.83951,train,1635701
30040,2021,5.0,15.0,MEDITERRANEAN,France,1407.0,1636617,POINT (7.242178 43.701009),True,7.242178,43.701009,train,1636617
30064,2017,10.0,25.0,ALPINE,France,10024.0,1637437,POINT (1.957028 42.743694),True,1.957028,42.743694,train,1637437
30088,2020,10.0,10.0,MEDITERRANEAN,France,1519.0,1637523,POINT (7.118795 43.822369),True,7.118795,43.822369,train,1637523
30096,2021,5.0,16.0,MEDITERRANEAN,France,10822.0,1640140,POINT (3.788858 43.651026),True,3.788858,43.651026,train,1640140
30117,2021,10.0,100.0,MEDITERRANEAN,France,6925.0,1641371,POINT (5.64507 43.50286),True,5.64507,43.50286,train,1641371
30139,2017,1.0,,MEDITERRANEAN,France,6235.0,1642395,POINT (2.36351 42.9833),True,2.36351,42.9833,train,1642395
30155,2020,5.0,100.0,MEDITERRANEAN,France,11195.0,1643409,POINT (4.053823 43.561054),True,4.053823,43.561054,train,1643409
30162,2017,0.0,-inf,MEDITERRANEAN,France,661.0,1644008,POINT (3.893806 44.162413),True,3.893806,44.162413,train,1644008
30212,2019,10.0,100.0,MEDITERRANEAN,France,4386.0,1647679,POINT (5.18058 43.7379),True,5.18058,43.7379,train,1647679
30229,2018,10.0,16.0,MEDITERRANEAN,France,10289.0,1647723,POINT (3.037511 42.762369),True,3.037511,42.762369,train,1647723
30240,2021,5.0,-inf,MEDITERRANEAN,France,9348.0,1649168,POINT (7.118145 43.654137),True,7.118145,43.654137,train,1649168
30258,2018,0.0,12.0,MEDITERRANEAN,France,2703.0,1649806,POINT (3.649203 43.848378),True,3.649203,43.848378,train,1649806
30262,2018,10.0,-inf,ALPINE,France,9636.0,1650697,POINT (1.981639 42.86175),True,1.981639,42.86175,train,1650697
30287,2018,10.0,20.0,MEDITERRANEAN,France,11221.0,1650977,POINT (3.715146 43.752926),True,3.715146,43.752926,train,1650977
30294,2018,1.0,,MEDITERRANEAN,France,11157.0,1651013,POINT (2.63222 42.89307),True,2.63222,42.89307,train,1651013
30319,2018,10.0,16.0,MEDITERRANEAN,France,10073.0,1651019,POINT (3.037344 42.76744),True,3.037344,42.76744,train,1651019
30332,2020,4.0,-inf,MEDITERRANEAN,France,4916.0,1651376,POINT (7.103307 43.640369),True,7.103307,43.640369,train,1651376
30354,2020,10.0,-inf,MEDITERRANEAN,France,6836.0,1651783,POINT (6.50757 43.1585),True,6.50757,43.1585,train,1651783
30369,2021,5.0,10.0,MEDITERRANEAN,France,10101.0,1652681,POINT (5.753769 43.708942),True,5.753769,43.708942,train,1652681
30396,2021,2.0,16.0,MEDITERRANEAN,France,811.0,1652998,POINT (7.09787 43.782054),True,7.09787,43.782054,train,1652998
30422,2021,10.0,30.0,MEDITERRANEAN,France,2683.0,1653886,POINT (4.39073 43.4638),True,4.39073,43.4638,train,1653886
30424,2021,4.0,250.0,MEDITERRANEAN,France,843.0,1655633,POINT (3.469199 44.098606),True,3.469199,44.098606,train,1655633
30433,2017,10.0,25.0,MEDITERRANEAN,France,857.0,1656149,POINT (3.510071 43.328014),True,3.510071,43.328014,train,1656149
30448,2021,10.0,10.0,MEDITERRANEAN,France,10051.0,1656304,POINT (2.335222 43.202472),True,2.335222,43.202472,train,1656304
30455,2018,0.0,15.0,MEDITERRANEAN,France,4567.0,1656329,POINT (6.930021 43.475266),True,6.930021,43.475266,train,1656329
30461,2020,10.0,100.0,MEDITERRANEAN,France,7199.0,1656369,POINT (6.48578 43.1529),True,6.48578,43.1529,train,1656369
30477,2017,10.0,-inf,MEDITERRANEAN,France,7955.0,1659717,POINT (3.513749 43.325883),True,3.513749,43.325883,train,1659717
30478,2017,1.0,,MEDITERRANEAN,France,11157.0,1660080,POINT (2.65478 42.55173),True,2.65478,42.55173,train,1660080
30500,2020,10.0,0.5,MEDITERRANEAN,France,1309.0,1660247,POINT (6.49179 43.168),True,6.49179,43.168,train,1660247
30505,2021,10.0,16.0,MEDITERRANEAN,France,9135.0,1660336,POINT (5.02249 43.4002),True,5.02249,43.4002,train,1660336
30509,2017,0.0,200.0,MEDITERRANEAN,France,11013.0,1660383,POINT (5.698883 43.41911),True,5.698883,43.41911,train,1660383
30557,2021,5.0,250.0,MEDITERRANEAN,France,11193.0,1662534,POINT (2.897697 43.32757),True,2.897697,43.32757,train,1662534
30573,2020,10.0,60.0,MEDITERRANEAN,France,10914.0,1662850,POINT (6.50607 43.1801),True,6.50607,43.1801,train,1662850
30624,2017,10.0,-inf,MEDITERRANEAN,France,10993.0,1664540,POINT (3.037472 42.742611),True,3.037472,42.742611,train,1664540
30658,2021,5.0,100.0,MEDITERRANEAN,France,2932.0,1665067,POINT (3.085962 43.173378),True,3.085962,43.173378,train,1665067
30684,2021,10.0,25.0,ALPINE,France,3318.0,1666309,POINT (2.10202 42.5611),True,2.10202,42.5611,train,1666309
30687,2020,10.0,40.0,MEDITERRANEAN,France,10427.0,1667506,POINT (5.46423 43.912),True,5.46423,43.912,train,1667506
30704,2021,10.0,2.0,MEDITERRANEAN,France,1431.0,1668141,POINT (5.16333 43.7062),True,5.16333,43.7062,train,1668141
30720,2017,1.0,,MEDITERRANEAN,France,6175.0,1669274,POINT (5.67909 43.59663),True,5.67909,43.59663,train,1669274
30737,2021,5.0,100.0,MEDITERRANEAN,France,4029.0,1669372,POINT (3.109324 43.1522),True,3.109324,43.1522,train,1669372
30755,2019,10.0,100.0,MEDITERRANEAN,France,9261.0,1670001,POINT (4.81903 43.915),True,4.81903,43.915,train,1670001
30765,2019,1.0,,MEDITERRANEAN,France,4238.0,1670358,POINT (6.46034 43.78566),True,6.46034,43.78566,train,1670358
30783,2021,10.0,16.0,CONTINENTAL,France,1519.0,1670715,POINT (2.17032 43.3597),True,2.17032,43.3597,train,1670715
30796,2018,10.0,-inf,MEDITERRANEAN,France,8785.0,1670908,POINT (5.454317 43.211544),True,5.454317,43.211544,train,1670908
30801,2019,10.0,20.0,MEDITERRANEAN,France,4209.0,1671635,POINT (6.580885 43.186999),True,6.580885,43.186999,train,1671635
30815,2019,1.0,,ALPINE,France,5148.0,1671859,POINT (1.97469 42.55158),True,1.97469,42.55158,train,1671859
30832,2018,10.0,-inf,ALPINE,France,471.0,1673375,POINT (2.113306 42.590306),True,2.113306,42.590306,train,1673375
30862,2017,10.0,-inf,MEDITERRANEAN,France,7955.0,1673873,POINT (3.512493 43.32319),True,3.512493,43.32319,train,1673873
30864,2021,5.0,250.0,MEDITERRANEAN,France,1276.0,1674138,POINT (3.453488 43.846444),True,3.453488,43.846444,train,1674138
30885,2019,10.0,200.0,MEDITERRANEAN,France,4003.0,1674506,POINT (6.57645 43.1949),True,6.57645,43.1949,train,1674506
30899,2017,1.0,,CONTINENTAL,France,963.0,1674633,POINT (2.48702 43.43244),True,2.48702,43.43244,train,1674633
30905,2021,0.0,10.0,ALPINE,France,7472.0,1676866,POINT (7.474001 44.082802),True,7.474001,44.082802,train,1676866
30921,2017,0.0,4.0,MEDITERRANEAN,France,5334.0,1677249,POINT (5.595288 43.167027),True,5.595288,43.167027,train,1677249
30952,2019,10.0,100.0,MEDITERRANEAN,France,10315.0,1677728,POINT (6.611786 43.173264),True,6.611786,43.173264,train,1677728
30970,2017,10.0,-inf,MEDITERRANEAN,France,7955.0,1678288,POINT (3.51747 43.328564),True,3.51747,43.328564,train,1678288
30971,2017,10.0,100.0,MEDITERRANEAN,France,2957.0,1679035,POINT (5.071709 43.711444),True,5.071709,43.711444,train,1679035
31025,2018,1.0,,MEDITERRANEAN,France,3894.0,1682048,POINT (2.68173 43.00071),True,2.68173,43.00071,train,1682048
31070,2017,0.0,100.0,MEDITERRANEAN,France,1187.0,1683619,POINT (4.844484 43.380354),True,4.844484,43.380354,train,1683619
31077,2017,0.0,100.0,MEDITERRANEAN,France,5721.0,1684551,POINT (5.585592 43.169312),True,5.585592,43.169312,train,1684551
31096,2017,0.0,5.0,MEDITERRANEAN,France,2325.0,1684557,POINT (4.547997 43.455133),True,4.547997,43.455133,train,1684557
31100,2021,5.0,250.0,MEDITERRANEAN,France,1276.0,1685134,POINT (3.399491 43.967394),True,3.399491,43.967394,train,1685134
31115,2020,10.0,20.0,MEDITERRANEAN,France,340.0,1685776,POINT (6.49877 43.1655),True,6.49877,43.1655,train,1685776
31128,2017,10.0,150.0,MEDITERRANEAN,France,10948.0,1686144,POINT (5.781197 43.743452),True,5.781197,43.743452,train,1686144
31190,2018,0.0,50.0,MEDITERRANEAN,France,1431.0,1686169,POINT (5.455704 43.379839),True,5.455704,43.379839,train,1686169
31214,2019,1.0,,MEDITERRANEAN,France,5542.0,1689239,POINT (3.4857 44.03773),True,3.4857,44.03773,train,1689239
31225,2021,10.0,5.0,ALPINE,France,7566.0,1689590,POINT (2.083806 42.611528),True,2.083806,42.611528,train,1689590
31240,2017,0.0,3.0,MEDITERRANEAN,France,9771.0,1690244,POINT (4.841037 43.764997),True,4.841037,43.764997,train,1690244
31253,2020,10.0,-inf,MEDITERRANEAN,France,6548.0,1692095,POINT (6.52579 43.1904),True,6.52579,43.1904,train,1692095
31281,2020,10.0,100.0,MEDITERRANEAN,France,9134.0,1695145,POINT (6.49921 43.1683),True,6.49921,43.1683,train,1695145
31305,2018,1.0,,MEDITERRANEAN,France,4530.0,1695327,POINT (5.80482 43.62866),True,5.80482,43.62866,train,1695327
31339,2017,0.0,100.0,MEDITERRANEAN,France,8489.0,1695459,POINT (4.838602 43.373508),True,4.838602,43.373508,train,1695459
31346,2017,1.0,,MEDITERRANEAN,France,2421.0,1698914,POINT (3.95561 43.90588),True,3.95561,43.90588,train,1698914
31362,2019,10.0,16.0,MEDITERRANEAN,France,10600.0,1699414,POINT (3.501277 44.035814),True,3.501277,44.035814,train,1699414
31374,2017,10.0,-inf,MEDITERRANEAN,France,6279.0,1699808,POINT (3.516975 43.318725),True,3.516975,43.318725,train,1699808
31376,2021,5.0,250.0,MEDITERRANEAN,France,2474.0,1699863,POINT (4.3999 44.174885),True,4.3999,44.174885,train,1699863
31386,2017,0.0,10.0,MEDITERRANEAN,France,3642.0,1700893,POINT (5.029133 43.336789),True,5.029133,43.336789,train,1700893
31390,2020,4.0,50.0,MEDITERRANEAN,France,6548.0,1701423,POINT (6.09645 43.146506),True,6.09645,43.146506,train,1701423
31414,2017,1.0,,MEDITERRANEAN,France,3251.0,1702740,POINT (5.50985 43.22399),True,5.50985,43.22399,train,1702740
31428,2021,10.0,100.0,MEDITERRANEAN,France,9890.0,1703492,POINT (5.02105 43.4004),True,5.02105,43.4004,train,1703492
31435,2018,0.0,-inf,MEDITERRANEAN,France,5412.0,1703900,POINT (7.458554 43.891189),True,7.458554,43.891189,train,1703900
31497,2017,0.0,100.0,MEDITERRANEAN,France,8784.0,1704655,POINT (5.602422 43.238053),True,5.602422,43.238053,train,1704655
31510,2020,3.0,16.0,MEDITERRANEAN,France,2891.0,1704758,POINT (7.036271 43.791279),True,7.036271,43.791279,train,1704758
31534,2018,10.0,20.0,MEDITERRANEAN,France,10408.0,1706045,POINT (3.667262 43.829542),True,3.667262,43.829542,train,1706045
31538,2017,0.0,-inf,MEDITERRANEAN,France,4498.0,1706064,POINT (3.680907 44.167326),True,3.680907,44.167326,train,1706064
31545,2019,0.0,50.0,MEDITERRANEAN,France,272.0,1706131,POINT (3.362229 43.856548),True,3.362229,43.856548,train,1706131
31562,2021,5.0,25.0,MEDITERRANEAN,France,9839.0,1706516,POINT (5.272059 44.174272),True,5.272059,44.174272,train,1706516
31574,2021,4.0,250.0,MEDITERRANEAN,France,4003.0,1707035,POINT (3.282811 43.498625),True,3.282811,43.498625,train,1707035
31585,2019,1.0,,MEDITERRANEAN,France,7536.0,1707082,POINT (4.19168 44.27983),True,4.19168,44.27983,train,1707082
31602,2021,5.0,100.0,MEDITERRANEAN,France,982.0,1708122,POINT (3.115016 43.17783),True,3.115016,43.17783,train,1708122
31619,2019,10.0,50.0,MEDITERRANEAN,France,7536.0,1709070,POINT (4.143562 44.309239),True,4.143562,44.309239,train,1709070
31637,2018,0.0,200.0,MEDITERRANEAN,France,1718.0,1711558,POINT (6.015442 43.115879),True,6.015442,43.115879,train,1711558
31692,2018,10.0,12.0,MEDITERRANEAN,France,11140.0,1714997,POINT (3.671923 43.606346),True,3.671923,43.606346,train,1714997
31703,2021,4.0,-inf,MEDITERRANEAN,France,1051.0,1715140,POINT (6.694623 43.658901),True,6.694623,43.658901,train,1715140
31743,2021,8.0,10.0,CONTINENTAL,France,5166.0,1716722,POINT (3.171942 44.403705),True,3.171942,44.403705,train,1716722
31755,2019,10.0,20.0,MEDITERRANEAN,France,11115.0,1717213,POINT (5.7213 43.6972),True,5.7213,43.6972,train,1717213
31765,2017,1.0,,CONTINENTAL,France,10600.0,1717344,POINT (3.67801 44.79102),True,3.67801,44.79102,train,1717344
31786,2020,10.0,-inf,MEDITERRANEAN,France,5474.0,1718553,POINT (6.48691 43.1535),True,6.48691,43.1535,train,1718553
31795,2017,0.0,150.0,MEDITERRANEAN,France,1736.0,1718605,POINT (5.519276 43.212828),True,5.519276,43.212828,train,1718605
31816,2018,10.0,20.0,MEDITERRANEAN,France,6703.0,1718667,POINT (3.698275 43.814994),True,3.698275,43.814994,train,1718667
31820,2019,1.0,,MEDITERRANEAN,France,10909.0,1720446,POINT (6.46562 43.1735),True,6.46562,43.1735,train,1720446
31826,2021,5.0,70.0,MEDITERRANEAN,France,2386.0,1721292,POINT (7.034551 43.6666),True,7.034551,43.6666,train,1721292
31841,2017,10.0,-inf,MEDITERRANEAN,France,7955.0,1723118,POINT (3.517446 43.325865),True,3.517446,43.325865,train,1723118
31843,2018,0.0,10.0,MEDITERRANEAN,France,1152.0,1723444,POINT (5.708419 43.312664),True,5.708419,43.312664,train,1723444
31864,2021,10.0,200.0,MEDITERRANEAN,France,2932.0,1724263,POINT (5.56417 43.2073),True,5.56417,43.2073,train,1724263
31882,2017,10.0,20.0,MEDITERRANEAN,France,8737.0,1724580,POINT (5.168786 44.12264),True,5.168786,44.12264,train,1724580
31890,2021,5.0,16.0,MEDITERRANEAN,France,1531.0,1726324,POINT (4.037266 43.556782),True,4.037266,43.556782,train,1726324
31891,2017,1.0,,MEDITERRANEAN,France,3935.0,1726340,POINT (2.75871 43.48565),True,2.75871,43.48565,train,1726340
31923,2017,10.0,10.0,MEDITERRANEAN,France,10731.0,1726393,POINT (5.015091 43.366739),True,5.015091,43.366739,train,1726393
31933,2019,10.0,100.0,MEDITERRANEAN,France,5483.0,1727174,POINT (5.6103 43.6607),True,5.6103,43.6607,train,1727174
31948,2017,1.0,,MEDITERRANEAN,France,5721.0,1727409,POINT (5.30089 43.46376),True,5.30089,43.46376,train,1727409
31962,2018,10.0,-inf,ALPINE,France,6475.0,1727771,POINT (1.981417 42.783333),True,1.981417,42.783333,train,1727771
31969,2021,1.0,50.0,MEDITERRANEAN,France,8441.0,1728594,POINT (7.136907 43.732089),True,7.136907,43.732089,train,1728594
31974,2021,10.0,100.0,MEDITERRANEAN,France,9631.0,1729758,POINT (4.52137 43.6283),True,4.52137,43.6283,train,1729758
31980,2018,0.0,-inf,MEDITERRANEAN,France,9369.0,1730106,POINT (5.544934 43.358084),True,5.544934,43.358084,train,1730106
31985,2021,5.0,100.0,MEDITERRANEAN,France,3043.0,1731688,POINT (3.081245 43.173828),True,3.081245,43.173828,train,1731688
32050,2017,0.0,25.0,CONTINENTAL,France,6999.0,1737896,POINT (3.101919 44.603462),True,3.101919,44.603462,train,1737896
32066,2020,10.0,100.0,MEDITERRANEAN,France,4977.0,1739006,POINT (5.64704 43.6768),True,5.64704,43.6768,train,1739006
32075,2017,1.0,,MEDITERRANEAN,France,9458.0,1739345,POINT (4.14163 44.28067),True,4.14163,44.28067,train,1739345
32100,2021,10.0,25.0,ALPINE,France,10218.0,1739470,POINT (2.01568 42.5696),True,2.01568,42.5696,train,1739470
32102,2020,6.0,200.0,MEDITERRANEAN,France,9702.0,1739856,POINT (7.142009 43.704991),True,7.142009,43.704991,train,1739856
32143,2018,10.0,2.0,ALPINE,France,39.0,1743541,POINT (1.973361 42.75175),True,1.973361,42.75175,train,1743541
32152,2020,10.0,-inf,MEDITERRANEAN,France,2386.0,1744715,POINT (6.4801 43.1678),True,6.4801,43.1678,train,1744715
32182,2017,0.0,-inf,MEDITERRANEAN,France,981.0,1745139,POINT (3.666543 44.153832),True,3.666543,44.153832,train,1745139
32190,2019,10.0,5.0,MEDITERRANEAN,France,1306.0,1745800,POINT (6.363292 43.254353),True,6.363292,43.254353,train,1745800
32202,2019,10.0,60.0,MEDITERRANEAN,France,906.0,1746626,POINT (6.01307 43.1181),True,6.01307,43.1181,train,1746626
32213,2017,1.0,,MEDITERRANEAN,France,5760.0,1747229,POINT (2.83105 43.28764),True,2.83105,43.28764,train,1747229
32283,2021,10.0,2.0,MEDITERRANEAN,France,5020.0,1752512,POINT (6.29976 43.2172),True,6.29976,43.2172,train,1752512
32314,2018,10.0,100.0,MEDITERRANEAN,France,3642.0,1754275,POINT (5.342675 43.216059),True,5.342675,43.216059,train,1754275
32330,2018,10.0,50.0,MEDITERRANEAN,France,7955.0,1754822,POINT (3.037343 42.842316),True,3.037343,42.842316,train,1754822
32331,2021,10.0,-inf,MEDITERRANEAN,France,661.0,1754881,POINT (2.363139 42.96425),True,2.363139,42.96425,train,1754881
32336,2021,4.0,250.0,MEDITERRANEAN,France,6874.0,1756228,POINT (4.024249 43.843218),True,4.024249,43.843218,train,1756228
32353,2018,10.0,10.0,MEDITERRANEAN,France,8785.0,1758696,POINT (6.921778 43.459432),True,6.921778,43.459432,train,1758696
32359,2017,10.0,-inf,MEDITERRANEAN,France,7955.0,1758804,POINT (3.517478 43.329464),True,3.517478,43.329464,train,1758804
32361,2018,10.0,16.0,MEDITERRANEAN,France,8283.0,1761854,POINT (3.050592 42.887785),True,3.050592,42.887785,train,1761854
32369,2020,4.0,5.0,MEDITERRANEAN,France,8243.0,1767208,POINT (6.936814 43.524607),True,6.936814,43.524607,train,1767208
32383,2020,10.0,-inf,MEDITERRANEAN,France,6643.0,1768914,POINT (4.76706 44.2064),True,4.76706,44.2064,train,1768914
32407,2021,5.0,250.0,MEDITERRANEAN,France,8573.0,1769973,POINT (3.305401 44.085846),True,3.305401,44.085846,train,1769973
32420,2019,1.0,,MEDITERRANEAN,France,5969.0,1770969,POINT (7.29172 43.91296),True,7.29172,43.91296,train,1770969
32448,2017,0.0,4.0,MEDITERRANEAN,France,7118.0,1771833,POINT (5.58555 43.169763),True,5.58555,43.169763,train,1771833
32454,2017,10.0,4.0,MEDITERRANEAN,France,6141.0,1773405,POINT (5.615499 43.243839),True,5.615499,43.243839,train,1773405
32462,2019,1.0,,ALPINE,France,8818.0,1773783,POINT (7.55638 44.08076),True,7.55638,44.08076,train,1773783
32481,2020,4.0,200.0,MEDITERRANEAN,France,544.0,1774072,POINT (7.192489 44.082607),True,7.192489,44.082607,train,1774072
32505,2017,10.0,100.0,MEDITERRANEAN,France,2658.0,1774367,POINT (5.670324 43.319435),True,5.670324,43.319435,train,1774367
32531,2017,10.0,-inf,MEDITERRANEAN,France,7955.0,1774999,POINT (3.515021 43.330375),True,3.515021,43.330375,train,1774999
32532,2018,0.0,-inf,MEDITERRANEAN,France,245.0,1776550,POINT (4.491448 43.459849),True,4.491448,43.459849,train,1776550
32556,2021,5.0,200.0,MEDITERRANEAN,France,6183.0,1778798,POINT (3.219663 43.458743),True,3.219663,43.458743,train,1778798
32589,2019,10.0,10.0,MEDITERRANEAN,France,2101.0,1780997,POINT (6.01801 43.1199),True,6.01801,43.1199,train,1780997
32592,2020,5.0,200.0,MEDITERRANEAN,France,3345.0,1781811,POINT (7.117406 43.761551),True,7.117406,43.761551,train,1781811
32621,2019,0.0,100.0,MEDITERRANEAN,France,7315.0,1783280,POINT (5.341983 43.213572),True,5.341983,43.213572,train,1783280
32642,2020,10.0,-inf,MEDITERRANEAN,France,11193.0,1783874,POINT (6.909351 43.50792),True,6.909351,43.50792,train,1783874
32660,2021,5.0,250.0,MEDITERRANEAN,France,11120.0,1784536,POINT (3.591799 43.917754),True,3.591799,43.917754,train,1784536
32671,2017,0.0,100.0,MEDITERRANEAN,France,1304.0,1784892,POINT (5.549662 43.530942),True,5.549662,43.530942,train,1784892
32676,2021,5.0,-inf,MEDITERRANEAN,France,7906.0,1785421,POINT (7.123387 43.56399),True,7.123387,43.56399,train,1785421
32696,2021,5.0,80.0,MEDITERRANEAN,France,2386.0,1785534,POINT (5.116133 44.136163),True,5.116133,44.136163,train,1785534
32705,2021,4.0,100.0,MEDITERRANEAN,France,9541.0,1786829,POINT (5.129453 44.137533),True,5.129453,44.137533,train,1786829
32725,2020,4.0,16.0,MEDITERRANEAN,France,1170.0,1788799,POINT (7.147452 43.67254),True,7.147452,43.67254,train,1788799
32752,2017,0.0,-inf,MEDITERRANEAN,France,5071.0,1789307,POINT (3.869838 44.210808),True,3.869838,44.210808,train,1789307
32766,2021,10.0,100.0,MEDITERRANEAN,France,11193.0,1789449,POINT (5.59156 43.1674),True,5.59156,43.1674,train,1789449
32807,2019,10.0,-inf,MEDITERRANEAN,France,4633.0,1790465,POINT (3.170203 43.243619),True,3.170203,43.243619,train,1790465
32816,2020,4.0,4.0,MEDITERRANEAN,France,2386.0,1790726,POINT (5.888942 43.28632),True,5.888942,43.28632,train,1790726
32828,2021,5.0,250.0,MEDITERRANEAN,France,51.0,1790927,POINT (4.097845 43.943456),True,4.097845,43.943456,train,1790927
32849,2017,1.0,,MEDITERRANEAN,France,4871.0,1791022,POINT (2.51022 42.94723),True,2.51022,42.94723,train,1791022
32883,2020,10.0,100.0,MEDITERRANEAN,France,9547.0,1791507,POINT (5.64764 43.6775),True,5.64764,43.6775,train,1791507
32895,2020,8.0,200.0,MEDITERRANEAN,France,3177.0,1792129,POINT (5.94173 43.27231),True,5.94173,43.27231,train,1792129
32929,2017,0.0,100.0,MEDITERRANEAN,France,2173.0,1792296,POINT (4.779949 43.350822),True,4.779949,43.350822,train,1792296
32957,2017,0.0,-inf,MEDITERRANEAN,France,9513.0,1792576,POINT (5.220726 43.32883),True,5.220726,43.32883,train,1792576
32973,2020,3.0,25.0,MEDITERRANEAN,France,6786.0,1794323,POINT (3.847626 43.485256),True,3.847626,43.485256,train,1794323
32979,2018,0.0,40.0,MEDITERRANEAN,France,7548.0,1794428,POINT (6.929959 43.475268),True,6.929959,43.475268,train,1794428
32990,2019,1.0,,MEDITERRANEAN,France,5721.0,1794474,POINT (4.22728 43.84754),True,4.22728,43.84754,train,1794474
33001,2018,10.0,100.0,MEDITERRANEAN,France,4477.0,1798246,POINT (6.305949 43.145317),True,6.305949,43.145317,train,1798246
33013,2021,10.0,4.0,MEDITERRANEAN,France,9555.0,1800750,POINT (6.32215 43.1979),True,6.32215,43.1979,train,1800750
33037,2019,10.0,250.0,ALPINE,Spain,10600.0,1803518,POINT (2.11701 42.440916),True,2.11701,42.440916,train,1803518
33059,2019,1.0,,MEDITERRANEAN,France,10268.0,1804564,POINT (3.61234 44.12625),True,3.61234,44.12625,train,1804564
33071,2021,4.0,16.0,MEDITERRANEAN,France,9877.0,1806290,POINT (4.045225 43.557465),True,4.045225,43.557465,train,1806290
33095,2017,0.0,9.0,ALPINE,France,4842.0,1808221,POINT (1.968941 42.578736),True,1.968941,42.578736,train,1808221
33097,2021,5.0,-inf,MEDITERRANEAN,France,9931.0,1809352,POINT (5.345892 43.910127),True,5.345892,43.910127,train,1809352
33107,2020,4.0,400.0,CONTINENTAL,France,963.0,1810472,POINT (2.990991 43.609509),True,2.990991,43.609509,train,1810472
33111,2017,0.0,-inf,MEDITERRANEAN,France,3642.0,1811987,POINT (6.093351 43.037117),True,6.093351,43.037117,train,1811987
33125,2017,1.0,,CONTINENTAL,France,7706.0,1812110,POINT (2.46232 43.4145),True,2.46232,43.4145,train,1812110
33139,2019,1.0,,CONTINENTAL,France,10664.0,1812809,POINT (3.51924 44.45104),True,3.51924,44.45104,train,1812809
33159,2021,5.0,200.0,MEDITERRANEAN,France,2634.0,1813329,POINT (2.879072 43.050067),True,2.879072,43.050067,train,1813329
33183,2017,10.0,-inf,MEDITERRANEAN,France,7955.0,1815108,POINT (3.513709 43.321385),True,3.513709,43.321385,train,1815108
33184,2019,0.0,50.0,MEDITERRANEAN,France,146.0,1815399,POINT (3.799083 43.793936),True,3.799083,43.793936,train,1815399
33194,2021,5.0,250.0,MEDITERRANEAN,France,5412.0,1816059,POINT (3.465644 43.759174),True,3.465644,43.759174,train,1816059
33213,2017,10.0,20.0,MEDITERRANEAN,France,114.0,1816913,POINT (5.159695 44.129122),True,5.159695,44.129122,train,1816913
33222,2017,10.0,-inf,MEDITERRANEAN,France,7090.0,1817131,POINT (3.025694 42.837833),True,3.025694,42.837833,train,1817131
33234,2020,10.0,50.0,MEDITERRANEAN,France,1097.0,1817178,POINT (6.31476 43.3447),True,6.31476,43.3447,train,1817178
33255,2019,10.0,-inf,MEDITERRANEAN,France,1195.0,1817879,POINT (3.16702 43.253984),True,3.16702,43.253984,train,1817879
33261,2021,2.0,50.0,MEDITERRANEAN,France,10991.0,1820956,POINT (7.108609 43.781663),True,7.108609,43.781663,train,1820956
33292,2017,0.0,-inf,MEDITERRANEAN,France,981.0,1823184,POINT (3.757712 44.167209),True,3.757712,44.167209,train,1823184
33302,2020,10.0,100.0,MEDITERRANEAN,France,7868.0,1824571,POINT (6.929896 43.510907),True,6.929896,43.510907,train,1824571
33324,2020,10.0,200.0,MEDITERRANEAN,France,1139.0,1826079,POINT (5.35288 43.9982),True,5.35288,43.9982,train,1826079
33347,2020,9.0,4.0,MEDITERRANEAN,France,4498.0,1826735,POINT (3.213719 43.554625),True,3.213719,43.554625,train,1826735
33355,2021,5.0,100.0,MEDITERRANEAN,France,9572.0,1827062,POINT (3.047271 43.470132),True,3.047271,43.470132,train,1827062
33377,2021,10.0,200.0,MEDITERRANEAN,France,146.0,1828356,POINT (5.71451 43.47058),True,5.71451,43.47058,train,1828356
33398,2018,1.0,,MEDITERRANEAN,France,981.0,1828442,POINT (4.04152 44.28227),True,4.04152,44.28227,train,1828442
33415,2019,0.0,30.0,MEDITERRANEAN,France,1625.0,1828454,POINT (6.0392 43.084014),True,6.0392,43.084014,train,1828454
33435,2017,0.0,12.0,MEDITERRANEAN,France,7748.0,1828717,POINT (5.706033 43.549625),True,5.706033,43.549625,train,1828717
33451,2020,10.0,40.0,MEDITERRANEAN,France,9877.0,1829095,POINT (3.042595 42.836263),True,3.042595,42.836263,train,1829095
33457,2018,10.0,15.0,MEDITERRANEAN,France,4460.0,1829938,POINT (6.428516 43.301374),True,6.428516,43.301374,train,1829938
33478,2019,10.0,-inf,MEDITERRANEAN,France,3465.0,1830164,POINT (3.211422 43.201897),True,3.211422,43.201897,train,1830164
33483,2018,10.0,30.0,MEDITERRANEAN,France,3327.0,1830381,POINT (3.722562 43.769003),True,3.722562,43.769003,train,1830381
33487,2021,5.0,25.0,MEDITERRANEAN,France,245.0,1830600,POINT (3.052408 42.893548),True,3.052408,42.893548,train,1830600
33498,2020,4.0,200.0,MEDITERRANEAN,France,982.0,1830795,POINT (3.789471 43.655742),True,3.789471,43.655742,train,1830795
33539,2021,6.0,250.0,MEDITERRANEAN,France,6725.0,1831355,POINT (3.652017 43.638451),True,3.652017,43.638451,train,1831355
33566,2018,10.0,10.0,MEDITERRANEAN,France,2120.0,1831513,POINT (5.708777 43.312682),True,5.708777,43.312682,train,1831513
33597,2019,0.0,50.0,MEDITERRANEAN,France,7536.0,1833117,POINT (3.788718 43.806314),True,3.788718,43.806314,train,1833117
33612,2017,0.0,10.0,MEDITERRANEAN,France,3089.0,1833128,POINT (5.541705 43.528951),True,5.541705,43.528951,train,1833128
33617,2018,0.0,100.0,MEDITERRANEAN,France,2120.0,1833743,POINT (5.622257 43.406662),True,5.622257,43.406662,train,1833743
33628,2021,5.0,20.0,MEDITERRANEAN,France,8790.0,1835405,POINT (4.951975 43.474436),True,4.951975,43.474436,train,1835405
33657,2019,1.0,,MEDITERRANEAN,France,3792.0,1835470,POINT (3.79215 44.32185),True,3.79215,44.32185,train,1835470
33669,2017,0.0,60.0,MEDITERRANEAN,France,6874.0,1835550,POINT (5.614832 43.23076),True,5.614832,43.23076,train,1835550
33676,2018,10.0,30.0,ALPINE,France,8961.0,1836047,POINT (1.979389 42.751083),True,1.979389,42.751083,train,1836047
33709,2017,0.0,100.0,MEDITERRANEAN,France,9513.0,1837482,POINT (4.551266 43.454519),True,4.551266,43.454519,train,1837482
33725,2020,4.0,4.0,MEDITERRANEAN,France,2761.0,1840003,POINT (3.81415 43.61881),True,3.81415,43.61881,train,1840003
33726,2020,10.0,40.0,MEDITERRANEAN,France,2173.0,1840113,POINT (3.044976 42.583412),True,3.044976,42.583412,train,1840113
33768,2021,4.0,100.0,MEDITERRANEAN,France,1396.0,1841090,POINT (3.119524 43.141616),True,3.119524,43.141616,train,1841090
33791,2019,10.0,10.0,MEDITERRANEAN,France,8428.0,1843894,POINT (3.500995 44.036364),True,3.500995,44.036364,train,1843894
33818,2017,10.0,-inf,MEDITERRANEAN,France,7955.0,1845603,POINT (3.514957 43.323178),True,3.514957,43.323178,train,1845603
33819,2017,0.0,-inf,MEDITERRANEAN,France,1273.0,1847186,POINT (4.788837 43.396424),True,4.788837,43.396424,train,1847186
33824,2017,1.0,,MEDITERRANEAN,France,10909.0,1848524,POINT (5.55996 43.24048),True,5.55996,43.24048,train,1848524
33834,2020,4.0,4.0,MEDITERRANEAN,France,822.0,1850868,POINT (6.438227 43.271357),True,6.438227,43.271357,train,1850868
33851,2021,5.0,100.0,MEDITERRANEAN,France,2634.0,1853141,POINT (3.218287 43.62758),True,3.218287,43.62758,train,1853141
33869,2021,4.0,250.0,MEDITERRANEAN,France,5542.0,1853592,POINT (3.475037 44.088685),True,3.475037,44.088685,train,1853592
33874,2020,3.0,250.0,MEDITERRANEAN,France,2291.0,1854099,POINT (4.012724 43.55457),True,4.012724,43.55457,train,1854099
33882,2017,10.0,-inf,MEDITERRANEAN,France,7955.0,1854705,POINT (3.513661 43.315988),True,3.513661,43.315988,train,1854705
33883,2017,0.0,12.0,MEDITERRANEAN,France,69.0,1854961,POINT (5.705844 43.547712),True,5.705844,43.547712,train,1854961
33904,2017,0.0,6.0,MEDITERRANEAN,France,10922.0,1855147,POINT (5.714806 43.548244),True,5.714806,43.548244,train,1855147
33926,2017,1.0,,MEDITERRANEAN,France,5173.0,1855918,POINT (6.45515 43.71385),True,6.45515,43.71385,train,1855918
33944,2020,11.0,200.0,MEDITERRANEAN,France,3020.0,1856426,POINT (3.817695 43.602669),True,3.817695,43.602669,train,1856426
33983,2019,1.0,,MEDITERRANEAN,France,11157.0,1857700,POINT (6.34603 43.57394),True,6.34603,43.57394,train,1857700
34001,2021,6.0,25.0,ALPINE,Spain,96.0,1859825,POINT (2.147105 42.445444),True,2.147105,42.445444,train,1859825
34012,2017,0.0,-inf,MEDITERRANEAN,France,6355.0,1861976,POINT (4.786811 43.394361),True,4.786811,43.394361,train,1861976
34022,2021,5.0,25.0,MEDITERRANEAN,France,10073.0,1862356,POINT (4.026604 44.308454),True,4.026604,44.308454,train,1862356
34065,2021,4.0,2.0,MEDITERRANEAN,France,3140.0,1863000,POINT (6.742614 43.48094),True,6.742614,43.48094,train,1863000
34073,2018,1.0,,CONTINENTAL,France,2.0,1863144,POINT (3.11877 44.54456),True,3.11877,44.54456,train,1863144
34089,2017,10.0,-inf,MEDITERRANEAN,France,7955.0,1863275,POINT (3.514949 43.322279),True,3.514949,43.322279,train,1863275
34090,2021,5.0,16.0,MEDITERRANEAN,France,4702.0,1864518,POINT (3.877921 43.541359),True,3.877921,43.541359,train,1864518
34103,2019,1.0,,MEDITERRANEAN,France,10909.0,1865142,POINT (6.24859 43.23561),True,6.24859,43.23561,train,1865142
34118,2021,4.0,50.0,MEDITERRANEAN,France,9458.0,1866029,POINT (3.405771 43.302856),True,3.405771,43.302856,train,1866029
34137,2017,0.0,-inf,MEDITERRANEAN,France,10239.0,1866116,POINT (3.537587 43.305454),True,3.537587,43.305454,train,1866116
34147,2021,10.0,20.0,MEDITERRANEAN,France,9513.0,1866687,POINT (6.09395 43.0377),True,6.09395,43.0377,train,1866687
34162,2017,0.0,200.0,MEDITERRANEAN,France,1539.0,1866908,POINT (5.704373 43.417955),True,5.704373,43.417955,train,1866908
34183,2019,10.0,-inf,MEDITERRANEAN,France,2809.0,1867225,POINT (3.208503 43.194708),True,3.208503,43.194708,train,1867225
34189,2018,10.0,30.0,MEDITERRANEAN,France,10822.0,1867378,POINT (6.118291 43.081888),True,6.118291,43.081888,train,1867378
34228,2019,0.0,250.0,MEDITERRANEAN,France,3043.0,1868838,POINT (4.371667 44.274967),True,4.371667,44.274967,train,1868838
34240,2020,10.0,50.0,MEDITERRANEAN,France,2926.0,1870173,POINT (3.853282 43.488279),True,3.853282,43.488279,train,1870173
34252,2020,3.0,200.0,MEDITERRANEAN,France,4003.0,1871796,POINT (3.73472 43.66673),True,3.73472,43.66673,train,1871796
34270,2021,3.0,20.0,MEDITERRANEAN,France,2922.0,1878682,POINT (4.845606 43.998887),True,4.845606,43.998887,train,1878682
34281,2017,0.0,12.0,MEDITERRANEAN,France,2121.0,1879750,POINT (5.706023 43.550714),True,5.706023,43.550714,train,1879750
34317,2019,0.0,-inf,MEDITERRANEAN,France,5093.0,1882183,POINT (7.152629 44.050181),True,7.152629,44.050181,train,1882183
34361,2021,5.0,50.0,MEDITERRANEAN,France,3020.0,1884621,POINT (2.744429 42.988814),True,2.744429,42.988814,train,1884621
34413,2020,10.0,5.0,MEDITERRANEAN,France,8542.0,1886441,POINT (7.113728 43.818707),True,7.113728,43.818707,train,1886441
34428,2018,10.0,16.0,MEDITERRANEAN,France,305.0,1886753,POINT (3.024164 42.857328),True,3.024164,42.857328,train,1886753
34433,2019,10.0,25.0,MEDITERRANEAN,France,11159.0,1887851,POINT (3.91185 43.606001),True,3.91185,43.606001,train,1887851
34453,2021,5.0,50.0,MEDITERRANEAN,France,2055.0,1888266,POINT (4.026656 43.558175),True,4.026656,43.558175,train,1888266
34461,2017,0.0,-inf,MEDITERRANEAN,France,10427.0,1888367,POINT (3.751502 44.082499),True,3.751502,44.082499,train,1888367
34470,2018,0.0,-inf,MEDITERRANEAN,France,3599.0,1888912,POINT (6.022871 43.123321),True,6.022871,43.123321,train,1888912
34500,2018,10.0,16.0,MEDITERRANEAN,France,5829.0,1891167,POINT (3.036892 42.747389),True,3.036892,42.747389,train,1891167
34508,2018,10.0,20.0,MEDITERRANEAN,France,129.0,1892018,POINT (6.026397 43.115572),True,6.026397,43.115572,train,1892018
34522,2017,0.0,200.0,MEDITERRANEAN,France,7862.0,1892150,POINT (5.50272 43.406287),True,5.50272,43.406287,train,1892150
34531,2021,10.0,8.0,MEDITERRANEAN,France,10522.0,1893492,POINT (5.09457 44.1866),True,5.09457,44.1866,train,1893492
34549,2017,0.0,9.0,MEDITERRANEAN,France,9555.0,1893807,POINT (5.032788 43.33555),True,5.032788,43.33555,train,1893807
34577,2018,10.0,16.0,MEDITERRANEAN,France,4837.0,1894255,POINT (3.022673 42.794186),True,3.022673,42.794186,train,1894255
34582,2021,5.0,-inf,MEDITERRANEAN,France,3358.0,1895263,POINT (7.012815 43.868035),True,7.012815,43.868035,train,1895263
34612,2021,10.0,10.0,ALPINE,France,4102.0,1897050,POINT (2.081889 42.61175),True,2.081889,42.61175,train,1897050
34620,2019,1.0,,MEDITERRANEAN,France,5173.0,1897293,POINT (3.33679 44.07517),True,3.33679,44.07517,train,1897293
34632,2017,0.0,-inf,ALPINE,France,7095.0,1898341,POINT (1.963766 42.770809),True,1.963766,42.770809,train,1898341
34752,2021,5.0,4.0,MEDITERRANEAN,France,6666.0,1898544,POINT (3.7467 43.665852),True,3.7467,43.665852,train,1898544
34765,2020,10.0,200.0,MEDITERRANEAN,France,6874.0,1898685,POINT (6.09583 43.10217),True,6.09583,43.10217,train,1898685
34785,2021,5.0,200.0,MEDITERRANEAN,France,9943.0,1898893,POINT (6.129555 43.150175),True,6.129555,43.150175,train,1898893
34806,2020,10.0,9.0,MEDITERRANEAN,France,2474.0,1899364,POINT (6.34499 43.7408),True,6.34499,43.7408,train,1899364
34811,2021,10.0,-inf,MEDITERRANEAN,France,1304.0,1899928,POINT (5.676771 43.225511),True,5.676771,43.225511,train,1899928
34831,2021,10.0,10.0,MEDITERRANEAN,France,9994.0,1899997,POINT (6.89995 43.44261),True,6.89995,43.44261,train,1899997
34842,2019,10.0,-inf,MEDITERRANEAN,France,3125.0,1900694,POINT (6.023862 43.079316),True,6.023862,43.079316,train,1900694
34861,2017,10.0,-inf,MEDITERRANEAN,France,7955.0,1901046,POINT (3.514901 43.316881),True,3.514901,43.316881,train,1901046
34874,2017,1.0,,MEDITERRANEAN,France,1085.0,1902881,POINT (2.68476 43.50388),True,2.68476,43.50388,train,1902881
34896,2017,10.0,-inf,MEDITERRANEAN,France,9458.0,1903181,POINT (6.122465 43.035232),True,6.122465,43.035232,train,1903181
34906,2020,4.0,4.0,MEDITERRANEAN,France,9376.0,1903932,POINT (5.879048 43.291434),True,5.879048,43.291434,train,1903932
34916,2021,8.0,-inf,MEDITERRANEAN,France,2922.0,1904070,POINT (4.127165 44.255981),True,4.127165,44.255981,train,1904070
34930,2021,4.0,250.0,MEDITERRANEAN,France,11157.0,1905115,POINT (3.971771 43.996092),True,3.971771,43.996092,train,1905115
34941,2018,1.0,,MEDITERRANEAN,France,3937.0,1906880,POINT (5.25531 44.02269),True,5.25531,44.02269,train,1906880
34963,2019,1.0,,MEDITERRANEAN,France,8746.0,1907182,POINT (6.37453 43.62688),True,6.37453,43.62688,train,1907182
34982,2021,10.0,4.0,ALPINE,Spain,8428.0,1909658,POINT (2.141361 42.488278),True,2.141361,42.488278,train,1909658
34991,2017,0.0,4.0,MEDITERRANEAN,France,3140.0,1910274,POINT (6.098217 43.032207),True,6.098217,43.032207,train,1910274
35002,2021,5.0,250.0,MEDITERRANEAN,France,9458.0,1914546,POINT (3.830173 43.814467),True,3.830173,43.814467,train,1914546
35014,2017,10.0,30.0,MEDITERRANEAN,France,5907.0,1915217,POINT (3.037694 42.769861),True,3.037694,42.769861,train,1915217
35028,2019,10.0,5.0,MEDITERRANEAN,France,3835.0,1915995,POINT (4.765219 43.583635),True,4.765219,43.583635,train,1915995
35055,2020,6.0,200.0,MEDITERRANEAN,France,146.0,1918922,POINT (7.137495 43.725652),True,7.137495,43.725652,train,1918922
35101,2017,0.0,5.0,MEDITERRANEAN,France,6560.0,1921270,POINT (5.186911 43.405809),True,5.186911,43.405809,train,1921270
35126,2017,0.0,9.0,MEDITERRANEAN,France,4229.0,1922163,POINT (4.842793 43.493672),True,4.842793,43.493672,train,1922163
35146,2017,10.0,-inf,MEDITERRANEAN,France,7955.0,1925668,POINT (3.521175 43.329446),True,3.521175,43.329446,train,1925668
35147,2017,0.0,12.0,MEDITERRANEAN,France,11140.0,1925699,POINT (5.712917 43.543646),True,5.712917,43.543646,train,1925699
35172,2020,10.0,30.0,MEDITERRANEAN,France,3837.0,1926035,POINT (3.078512 43.053186),True,3.078512,43.053186,train,1926035
35186,2019,1.0,,MEDITERRANEAN,France,2961.0,1927707,POINT (2.75143 42.47957),True,2.75143,42.47957,train,1927707
35225,2019,10.0,-inf,MEDITERRANEAN,France,963.0,1928255,POINT (6.82497 43.8189),True,6.82497,43.8189,train,1928255
35252,2017,1.0,,MEDITERRANEAN,France,963.0,1930265,POINT (1.97289 42.83896),True,1.97289,42.83896,train,1930265
35281,2017,1.0,,MEDITERRANEAN,France,5071.0,1931738,POINT (3.71568 44.26888),True,3.71568,44.26888,train,1931738
35301,2017,1.0,,MEDITERRANEAN,France,1473.0,1931956,POINT (6.09435 43.51101),True,6.09435,43.51101,train,1931956
35319,2017,0.0,20.0,MEDITERRANEAN,France,7278.0,1933923,POINT (5.117768 43.507326),True,5.117768,43.507326,train,1933923
35327,2017,10.0,4.0,MEDITERRANEAN,France,2914.0,1937081,POINT (4.838503 43.373491),True,4.838503,43.373491,train,1937081
35334,2018,1.0,,MEDITERRANEAN,France,7706.0,1939956,POINT (5.38464 44.10912),True,5.38464,44.10912,train,1939956
35377,2017,10.0,-inf,MEDITERRANEAN,France,7955.0,1942132,POINT (3.523598 43.324936),True,3.523598,43.324936,train,1942132
35378,2021,2.0,50.0,MEDITERRANEAN,France,1677.0,1942197,POINT (7.134994 43.737797),True,7.134994,43.737797,train,1942197
35401,2017,10.0,300.0,MEDITERRANEAN,France,6669.0,1944024,POINT (6.098125 43.034612),True,6.098125,43.034612,train,1944024
35421,2019,1.0,,MEDITERRANEAN,France,7318.0,1944838,POINT (3.98935 44.21112),True,3.98935,44.21112,train,1944838
35441,2019,1.0,,CONTINENTAL,France,963.0,1944998,POINT (3.14134 44.36453),True,3.14134,44.36453,train,1944998
35459,2017,1.0,,MEDITERRANEAN,France,2421.0,1946978,POINT (2.80455 43.05415),True,2.80455,43.05415,train,1946978
35484,2019,1.0,,CONTINENTAL,France,963.0,1947033,POINT (3.16721 44.4183),True,3.16721,44.4183,train,1947033
35511,2020,3.0,50.0,MEDITERRANEAN,France,9261.0,1947355,POINT (5.987492 43.255084),True,5.987492,43.255084,train,1947355
35514,2017,1.0,,MEDITERRANEAN,France,5412.0,1947960,POINT (5.91155 43.35529),True,5.91155,43.35529,train,1947960
35545,2021,5.0,100.0,MEDITERRANEAN,France,10520.0,1948746,POINT (3.075701 43.145879),True,3.075701,43.145879,train,1948746
35566,2018,10.0,300.0,MEDITERRANEAN,France,11193.0,1949317,POINT (6.095677 43.135683),True,6.095677,43.135683,train,1949317
35592,2018,0.0,100.0,MEDITERRANEAN,France,10844.0,1949474,POINT (5.354126 43.211428),True,5.354126,43.211428,train,1949474
35611,2018,1.0,,ALPINE,France,10953.0,1951433,POINT (2.09591 42.60581),True,2.09591,42.60581,train,1951433
35643,2018,10.0,16.0,MEDITERRANEAN,France,114.0,1951769,POINT (3.014153 42.803701),True,3.014153,42.803701,train,1951769
35653,2021,6.0,-inf,MEDITERRANEAN,France,7862.0,1951848,POINT (5.707787 43.317497),True,5.707787,43.317497,train,1951848
35663,2017,10.0,50.0,MEDITERRANEAN,France,10522.0,1951986,POINT (5.684854 43.342631),True,5.684854,43.342631,train,1951986
35684,2019,10.0,20.0,MEDITERRANEAN,France,6652.0,1952084,POINT (6.01583 43.0986),True,6.01583,43.0986,train,1952084
35697,2020,4.0,6.0,MEDITERRANEAN,France,10686.0,1952471,POINT (7.116284 43.818699),True,7.116284,43.818699,train,1952471
35719,2021,5.0,25.0,MEDITERRANEAN,France,4659.0,1952803,POINT (4.13331 43.49331),True,4.13331,43.49331,train,1952803
35726,2017,10.0,-inf,MEDITERRANEAN,France,7955.0,1954490,POINT (3.519926 43.327653),True,3.519926,43.327653,train,1954490
35728,2018,1.0,,MEDITERRANEAN,France,10946.0,1955045,POINT (3.45546 43.76832),True,3.45546,43.76832,train,1955045
35758,2020,4.0,260.0,MEDITERRANEAN,France,5412.0,1955745,POINT (2.99433 43.596925),True,2.99433,43.596925,train,1955745
35768,2018,10.0,3.0,ALPINE,France,6352.0,1956194,POINT (1.953028 42.745417),True,1.953028,42.745417,train,1956194
35797,2017,0.0,-inf,MEDITERRANEAN,France,661.0,1957257,POINT (3.677562 44.194044),True,3.677562,44.194044,train,1957257
35813,2017,10.0,-inf,MEDITERRANEAN,France,6279.0,1958697,POINT (3.512477 43.321391),True,3.512477,43.321391,train,1958697
35815,2018,0.0,50.0,MEDITERRANEAN,France,1304.0,1959803,POINT (5.587967 43.170461),True,5.587967,43.170461,train,1959803
35826,2017,0.0,-inf,MEDITERRANEAN,France,5071.0,1960632,POINT (3.71191 44.162556),True,3.71191,44.162556,train,1960632
35837,2018,10.0,50.0,MEDITERRANEAN,France,9936.0,1961166,POINT (5.488324 43.278624),True,5.488324,43.278624,train,1961166
35866,2017,0.0,-inf,MEDITERRANEAN,France,6235.0,1963134,POINT (3.738213 44.141914),True,3.738213,44.141914,train,1963134
35884,2019,10.0,-inf,MEDITERRANEAN,France,7862.0,1964544,POINT (7.49344 43.9636),True,7.49344,43.9636,train,1964544
35906,2021,5.0,16.0,MEDITERRANEAN,France,4755.0,1964667,POINT (3.895948 43.540036),True,3.895948,43.540036,train,1964667
35917,2018,10.0,16.0,MEDITERRANEAN,France,9877.0,1969143,POINT (3.019089 42.849874),True,3.019089,42.849874,train,1969143
35920,2020,10.0,30.0,MEDITERRANEAN,France,9005.0,1969887,POINT (4.95905 44.0581),True,4.95905,44.0581,train,1969887
35952,2017,0.0,-inf,MEDITERRANEAN,France,8792.0,1971304,POINT (3.665404 44.183569),True,3.665404,44.183569,train,1971304
35981,2017,1.0,,MEDITERRANEAN,France,1736.0,1972779,POINT (5.64294 43.39985),True,5.64294,43.39985,train,1972779
36004,2020,4.0,200.0,MEDITERRANEAN,France,10991.0,1976379,POINT (5.976329 43.266022),True,5.976329,43.266022,train,1976379
36051,2020,10.0,50.0,MEDITERRANEAN,France,4628.0,1977471,POINT (4.95315 44.0548),True,4.95315,44.0548,train,1977471
36058,2020,10.0,50.0,MEDITERRANEAN,France,1531.0,1978469,POINT (3.910495 43.518866),True,3.910495,43.518866,train,1978469
36069,2017,10.0,-inf,MEDITERRANEAN,France,7955.0,1978493,POINT (3.52483 43.32493),True,3.52483,43.32493,train,1978493
36071,2018,0.0,25.0,MEDITERRANEAN,France,9243.0,1980071,POINT (3.622357 43.783453),True,3.622357,43.783453,train,1980071
36088,2017,10.0,16.0,MEDITERRANEAN,France,245.0,1983563,POINT (3.350367 43.273101),True,3.350367,43.273101,train,1983563
36101,2017,10.0,16.0,MEDITERRANEAN,France,4659.0,1984911,POINT (3.350479 43.273307),True,3.350479,43.273307,train,1984911
36112,2017,0.0,-inf,MEDITERRANEAN,France,5071.0,1986470,POINT (3.758147 44.168898),True,3.758147,44.168898,train,1986470
36162,2017,0.0,-inf,MEDITERRANEAN,France,4493.0,1990294,POINT (4.786667 43.39448),True,4.786667,43.39448,train,1990294
36168,2018,1.0,,MEDITERRANEAN,France,1276.0,1991880,POINT (2.80778 43.4495),True,2.80778,43.4495,train,1991880
36182,2018,0.0,50.0,MEDITERRANEAN,France,3019.0,1992117,POINT (5.456058 43.211397),True,5.456058,43.211397,train,1992117
36196,2017,10.0,150.0,MEDITERRANEAN,France,9714.0,1993072,POINT (2.071361 42.845556),True,2.071361,42.845556,train,1993072
36298,2021,5.0,100.0,MEDITERRANEAN,France,8340.0,1994754,POINT (6.441903 43.772089),True,6.441903,43.772089,train,1994754
36324,2018,0.0,50.0,MEDITERRANEAN,France,2031.0,1995405,POINT (6.92975 43.475114),True,6.92975,43.475114,train,1995405
36333,2018,10.0,16.0,MEDITERRANEAN,France,10289.0,1996164,POINT (3.031609 42.746564),True,3.031609,42.746564,train,1996164
36342,2020,10.0,50.0,MEDITERRANEAN,France,5412.0,1996628,POINT (5.61354 43.8066),True,5.61354,43.8066,train,1996628
36364,2020,10.0,50.0,MEDITERRANEAN,France,3669.0,1997014,POINT (6.43035 43.1541),True,6.43035,43.1541,train,1997014
36375,2017,0.0,4.0,MEDITERRANEAN,France,7515.0,1998834,POINT (5.563466 43.204363),True,5.563466,43.204363,train,1998834
36378,2021,10.0,5.0,MEDITERRANEAN,France,473.0,1999205,POINT (4.80266 43.9545),True,4.80266,43.9545,train,1999205
36382,2020,10.0,40.0,MEDITERRANEAN,France,5876.0,1999307,POINT (3.038623 42.710451),True,3.038623,42.710451,train,1999307
36391,2021,5.0,-inf,MEDITERRANEAN,France,8324.0,1999666,POINT (6.291119 43.545273),True,6.291119,43.545273,train,1999666
36396,2017,0.0,6.0,MEDITERRANEAN,France,11159.0,2002020,POINT (6.099735 43.033054),True,6.099735,43.033054,train,2002020
36409,2018,0.0,30.0,MEDITERRANEAN,France,822.0,2003108,POINT (6.023658 43.115811),True,6.023658,43.115811,train,2003108
36461,2018,10.0,-inf,ALPINE,France,3518.0,2006462,POINT (1.887167 42.835028),True,1.887167,42.835028,train,2006462
36491,2021,6.0,100.0,MEDITERRANEAN,France,9513.0,2006905,POINT (4.597212 43.406444),True,4.597212,43.406444,train,2006905
36505,2017,1.0,,MEDITERRANEAN,France,9572.0,2007804,POINT (3.97684 43.77968),True,3.97684,43.77968,train,2007804
36521,2017,0.0,30.0,MEDITERRANEAN,France,3098.0,2009166,POINT (5.645242 43.541158),True,5.645242,43.541158,train,2009166
36528,2018,1.0,,MEDITERRANEAN,France,5721.0,2009741,POINT (4.42728 43.87985),True,4.42728,43.87985,train,2009741
36544,2018,10.0,16.0,MEDITERRANEAN,France,4659.0,2010283,POINT (3.051991 42.892892),True,3.051991,42.892892,train,2010283
36561,2017,1.0,,CONTINENTAL,France,8428.0,2011402,POINT (3.6536 44.8273),True,3.6536,44.8273,train,2011402
36572,2019,0.0,10.0,MEDITERRANEAN,France,11230.0,2012858,POINT (3.535956 44.169237),True,3.535956,44.169237,train,2012858
36586,2019,10.0,500.0,MEDITERRANEAN,France,476.0,2014498,POINT (7.3716 43.7419),True,7.3716,43.7419,train,2014498
36605,2021,4.0,100.0,MEDITERRANEAN,France,982.0,2014927,POINT (3.311965 43.544176),True,3.311965,43.544176,train,2014927
36623,2021,5.0,4.0,MEDITERRANEAN,France,11195.0,2015259,POINT (3.768406 43.666071),True,3.768406,43.666071,train,2015259
36631,2019,1.0,,MEDITERRANEAN,France,10904.0,2016208,POINT (6.30163 43.64758),True,6.30163,43.64758,train,2016208
36652,2019,1.0,,MEDITERRANEAN,France,6874.0,2016963,POINT (5.59471 43.41931),True,5.59471,43.41931,train,2016963
36668,2019,10.0,-inf,MEDITERRANEAN,France,6054.0,2017576,POINT (3.033861 42.671056),True,3.033861,42.671056,train,2017576
36706,2017,1.0,,MEDITERRANEAN,France,10909.0,2017846,POINT (6.12259 43.56401),True,6.12259,43.56401,train,2017846
36726,2021,5.0,200.0,MEDITERRANEAN,France,822.0,2018539,POINT (6.44635 43.270256),True,6.44635,43.270256,train,2018539
36757,2017,10.0,100.0,ALPINE,France,5184.0,2019365,POINT (1.973056 42.863889),True,1.973056,42.863889,train,2019365
36786,2018,10.0,16.0,MEDITERRANEAN,France,8283.0,2020267,POINT (3.049553 42.88828),True,3.049553,42.88828,train,2020267
36796,2017,0.0,-inf,MEDITERRANEAN,France,10460.0,2020787,POINT (3.880645 44.197472),True,3.880645,44.197472,train,2020787
36804,2018,0.0,80.0,MEDITERRANEAN,France,1318.0,2021069,POINT (6.921678 43.459417),True,6.921678,43.459417,train,2021069
36814,2017,1.0,,MEDITERRANEAN,France,982.0,2021753,POINT (5.61523 43.34673),True,5.61523,43.34673,train,2021753
36828,2017,0.0,20.0,MEDITERRANEAN,France,204.0,2021818,POINT (5.677383 43.35198),True,5.677383,43.35198,train,2021818
36866,2018,10.0,16.0,MEDITERRANEAN,France,7748.0,2021965,POINT (5.673956 43.692171),True,5.673956,43.692171,train,2021965
36880,2020,10.0,10.0,MEDITERRANEAN,France,351.0,2023321,POINT (4.76569 44.2105),True,4.76569,44.2105,train,2023321
36897,2021,5.0,100.0,MEDITERRANEAN,France,10287.0,2023560,POINT (6.189652 43.338708),True,6.189652,43.338708,train,2023560
36941,2020,4.0,50.0,MEDITERRANEAN,France,5412.0,2023723,POINT (3.211808 43.538406),True,3.211808,43.538406,train,2023723
36953,2017,10.0,16.0,MEDITERRANEAN,France,4837.0,2023846,POINT (3.350578 43.273343),True,3.350578,43.273343,train,2023846
36964,2017,0.0,100.0,MEDITERRANEAN,France,11157.0,2025075,POINT (5.173262 44.075902),True,5.173262,44.075902,train,2025075
36972,2018,10.0,20.0,MEDITERRANEAN,France,4349.0,2025380,POINT (5.526869 43.378741),True,5.526869,43.378741,train,2025380
36986,2019,10.0,-inf,MEDITERRANEAN,France,9702.0,2026658,POINT (6.99336 43.724),True,6.99336,43.724,train,2026658
37019,2020,10.0,200.0,MEDITERRANEAN,France,10305.0,2027024,POINT (3.814046 43.585267),True,3.814046,43.585267,train,2027024
37062,2019,1.0,,MEDITERRANEAN,France,476.0,2027887,POINT (7.07214 43.6706),True,7.07214,43.6706,train,2027887
37072,2020,10.0,50.0,MEDITERRANEAN,France,5618.0,2028672,POINT (6.49628 43.17796),True,6.49628,43.17796,train,2028672
37084,2020,10.0,30.0,MEDITERRANEAN,France,9565.0,2029667,POINT (6.46008 43.1609),True,6.46008,43.1609,train,2029667
37105,2021,5.0,50.0,MEDITERRANEAN,France,4633.0,2031136,POINT (3.768321 43.666221),True,3.768321,43.666221,train,2031136
37142,2019,10.0,100.0,MEDITERRANEAN,France,10844.0,2031352,POINT (5.368422 43.208433),True,5.368422,43.208433,train,2031352
37157,2017,0.0,40.0,MEDITERRANEAN,France,6874.0,2032468,POINT (5.351671 43.23181),True,5.351671,43.23181,train,2032468
37168,2018,0.0,-inf,MEDITERRANEAN,France,3051.0,2032569,POINT (4.802945 44.049981),True,4.802945,44.049981,train,2032569
37173,2018,0.0,70.0,MEDITERRANEAN,France,2146.0,2032773,POINT (5.672099 43.692514),True,5.672099,43.692514,train,2032773
37196,2018,10.0,16.0,MEDITERRANEAN,France,2926.0,2032978,POINT (3.038431 42.749871),True,3.038431,42.749871,train,2032978
37221,2020,13.0,200.0,MEDITERRANEAN,France,3935.0,2034311,POINT (6.404136 43.265074),True,6.404136,43.265074,train,2034311
37244,2021,5.0,250.0,MEDITERRANEAN,France,11157.0,2034429,POINT (3.803479 43.836722),True,3.803479,43.836722,train,2034429
37260,2019,1.0,,CONTINENTAL,France,5542.0,2037075,POINT (3.84753 44.51897),True,3.84753,44.51897,train,2037075
37271,2021,5.0,-inf,MEDITERRANEAN,France,542.0,2037110,POINT (4.799366 43.512064),True,4.799366,43.512064,train,2037110
37275,2017,1.0,,ALPINE,France,2036.0,2037330,POINT (6.87967 44.05705),True,6.87967,44.05705,train,2037330
37292,2021,10.0,200.0,MEDITERRANEAN,France,3865.0,2038531,POINT (4.9774 43.4845),True,4.9774,43.4845,train,2038531
37304,2018,10.0,16.0,MEDITERRANEAN,France,1300.0,2038624,POINT (3.038293 42.74488),True,3.038293,42.74488,train,2038624
37307,2017,0.0,-inf,MEDITERRANEAN,France,5071.0,2040768,POINT (3.822133 44.096798),True,3.822133,44.096798,train,2040768
37325,2019,1.0,,MEDITERRANEAN,France,2386.0,2041255,POINT (4.09045 44.24552),True,4.09045,44.24552,train,2041255
37331,2019,10.0,50.0,MEDITERRANEAN,France,9458.0,2043262,POINT (7.34878 43.7272),True,7.34878,43.7272,train,2043262
37351,2019,0.0,50.0,MEDITERRANEAN,France,10100.0,2043434,POINT (3.335292 43.831301),True,3.335292,43.831301,train,2043434
37376,2018,0.0,25.0,MEDITERRANEAN,France,8785.0,2045456,POINT (5.37094 43.208927),True,5.37094,43.208927,train,2045456
37405,2017,1.0,,MEDITERRANEAN,France,5557.0,2046352,POINT (5.73824 43.34292),True,5.73824,43.34292,train,2046352
37431,2020,10.0,-inf,MEDITERRANEAN,France,2643.0,2047800,POINT (6.48213 43.1677),True,6.48213,43.1677,train,2047800
37450,2020,10.0,50.0,MEDITERRANEAN,France,1531.0,2048776,POINT (3.3295 43.263535),True,3.3295,43.263535,train,2048776
37464,2018,10.0,15.0,MEDITERRANEAN,France,4519.0,2049324,POINT (6.137641 43.032252),True,6.137641,43.032252,train,2049324
37475,2021,10.0,200.0,MEDITERRANEAN,France,3669.0,2053312,POINT (5.563715 43.212352),True,5.563715,43.212352,train,2053312
37491,2021,5.0,250.0,MEDITERRANEAN,France,5071.0,2054713,POINT (3.816145 44.080323),True,3.816145,44.080323,train,2054713
37532,2019,0.0,50.0,MEDITERRANEAN,France,9412.0,2056420,POINT (4.37325 44.270986),True,4.37325,44.270986,train,2056420
37574,2018,1.0,,MEDITERRANEAN,France,5249.0,2058287,POINT (5.3702 43.83962),True,5.3702,43.83962,train,2058287
37595,2019,10.0,20.0,MEDITERRANEAN,France,1497.0,2058728,POINT (7.32857 43.7217),True,7.32857,43.7217,train,2058728
37630,2021,5.0,50.0,MEDITERRANEAN,France,8027.0,2059234,POINT (2.983367 43.068296),True,2.983367,43.068296,train,2059234
37632,2019,0.0,20.0,MEDITERRANEAN,France,8332.0,2059415,POINT (6.602171 43.18204),True,6.602171,43.18204,train,2059415
37667,2019,1.0,,MEDITERRANEAN,France,9458.0,2060851,POINT (2.48536 42.78559),True,2.48536,42.78559,train,2060851
37689,2019,1.0,,MEDITERRANEAN,France,3270.0,2062219,POINT (6.81002 43.80781),True,6.81002,43.80781,train,2062219
37712,2017,0.0,-inf,MEDITERRANEAN,France,661.0,2062401,POINT (3.670514 44.166112),True,3.670514,44.166112,train,2062401
37723,2021,5.0,16.0,MEDITERRANEAN,France,9977.0,2063196,POINT (2.812782 42.993833),True,2.812782,42.993833,train,2063196
37740,2019,1.0,,MEDITERRANEAN,France,3345.0,2064079,POINT (6.73822 43.52267),True,6.73822,43.52267,train,2064079
37754,2021,10.0,200.0,MEDITERRANEAN,France,6925.0,2065207,POINT (5.64794 43.55454),True,5.64794,43.55454,train,2065207
37793,2017,10.0,3.0,MEDITERRANEAN,France,8332.0,2065763,POINT (5.353245 43.210646),True,5.353245,43.210646,train,2065763
37796,2021,10.0,50.0,MEDITERRANEAN,France,701.0,2065815,POINT (5.72006 43.54796),True,5.72006,43.54796,train,2065815
37825,2019,10.0,100.0,MEDITERRANEAN,Monaco,6067.0,2065978,POINT (7.39725 43.7483),True,7.39725,43.7483,train,2065978
37851,2017,1.0,,MEDITERRANEAN,France,6039.0,2067198,POINT (6.28424 43.39625),True,6.28424,43.39625,train,2067198
37866,2019,0.0,50.0,MEDITERRANEAN,France,7536.0,2067974,POINT (3.400358 44.063995),True,3.400358,44.063995,train,2067974
37891,2020,4.0,200.0,MEDITERRANEAN,France,5412.0,2069426,POINT (5.981614 43.262239),True,5.981614,43.262239,train,2069426
37929,2018,0.0,-inf,MEDITERRANEAN,France,2809.0,2070314,POINT (4.405013 43.53561),True,4.405013,43.53561,train,2070314
37935,2021,10.0,200.0,MEDITERRANEAN,France,3669.0,2071609,POINT (5.25613 43.487),True,5.25613,43.487,train,2071609
37951,2020,10.0,50.0,MEDITERRANEAN,France,8904.0,2073088,POINT (7.144153 43.68552),True,7.144153,43.68552,train,2073088
37970,2017,0.0,-inf,MEDITERRANEAN,France,6509.0,2073757,POINT (5.646021 43.541949),True,5.646021,43.541949,train,2073757
37976,2017,1.0,,MEDITERRANEAN,France,9873.0,2074755,POINT (5.28114 44.03999),True,5.28114,44.03999,train,2074755
37995,2020,3.0,16.0,MEDITERRANEAN,France,9341.0,2074969,POINT (3.83738 43.477233),True,3.83738,43.477233,train,2074969
38003,2021,10.0,4.0,ALPINE,France,391.0,2075889,POINT (2.074194 42.6115),True,2.074194,42.6115,train,2075889
38016,2018,10.0,16.0,MEDITERRANEAN,France,5907.0,2076621,POINT (3.016432 42.830002),True,3.016432,42.830002,train,2076621
38024,2017,0.0,250.0,MEDITERRANEAN,France,5398.0,2078864,POINT (5.564266 43.204371),True,5.564266,43.204371,train,2078864
38038,2018,0.0,-inf,MEDITERRANEAN,France,11157.0,2079299,POINT (6.671013 43.313821),True,6.671013,43.313821,train,2079299
38059,2018,10.0,16.0,MEDITERRANEAN,France,10364.0,2081043,POINT (3.037782 42.746931),True,3.037782,42.746931,train,2081043
38073,2017,0.0,-inf,MEDITERRANEAN,France,9892.0,2081783,POINT (3.817449 44.206314),True,3.817449,44.206314,train,2081783
38087,2020,10.0,-inf,MEDITERRANEAN,France,5474.0,2082253,POINT (6.49384 43.1761),True,6.49384,43.1761,train,2082253
38098,2021,5.0,250.0,MEDITERRANEAN,France,5412.0,2082869,POINT (4.536063 44.21826),True,4.536063,44.21826,train,2082869
38114,2019,10.0,50.0,MEDITERRANEAN,France,204.0,2083493,POINT (5.06401 43.7833),True,5.06401,43.7833,train,2083493
38137,2017,1.0,,MEDITERRANEAN,France,9873.0,2083831,POINT (2.70864 43.37799),True,2.70864,43.37799,train,2083831
38153,2019,1.0,,MEDITERRANEAN,France,8760.0,2084417,POINT (6.89733 43.96626),True,6.89733,43.96626,train,2084417
38185,2017,0.0,100.0,MEDITERRANEAN,France,4886.0,2084760,POINT (5.027408 43.338216),True,5.027408,43.338216,train,2084760
38199,2019,0.0,50.0,MEDITERRANEAN,France,3374.0,2087587,POINT (3.274635 43.884494),True,3.274635,43.884494,train,2087587
38210,2021,4.0,25.0,MEDITERRANEAN,France,9890.0,2087874,POINT (3.778166 43.461182),True,3.778166,43.461182,train,2087874
38211,2017,0.0,5.0,MEDITERRANEAN,France,5573.0,2090468,POINT (4.41289 43.572222),True,4.41289,43.572222,train,2090468
38216,2017,1.0,,CONTINENTAL,France,7706.0,2090572,POINT (3.75333 44.77209),True,3.75333,44.77209,train,2090572
38226,2021,4.0,200.0,MEDITERRANEAN,France,1264.0,2092010,POINT (6.395768 43.266807),True,6.395768,43.266807,train,2092010
38253,2017,0.0,50.0,MEDITERRANEAN,France,3839.0,2092643,POINT (5.609716 43.24037),True,5.609716,43.24037,train,2092643
38270,2018,10.0,-inf,MEDITERRANEAN,France,8339.0,2093125,POINT (2.012222 42.826417),True,2.012222,42.826417,train,2093125
38291,2019,1.0,,MEDITERRANEAN,France,2421.0,2093402,POINT (6.18818 43.43572),True,6.18818,43.43572,train,2093402
38304,2019,1.0,,MEDITERRANEAN,France,11157.0,2095241,POINT (5.52414 43.92518),True,5.52414,43.92518,train,2095241
38321,2020,10.0,50.0,MEDITERRANEAN,France,1903.0,2095452,POINT (6.49737 43.1658),True,6.49737,43.1658,train,2095452
38343,2017,10.0,-inf,MEDITERRANEAN,France,6279.0,2095820,POINT (3.517514 43.318353),True,3.517514,43.318353,train,2095820
38344,2017,10.0,-inf,MEDITERRANEAN,France,3115.0,2095868,POINT (3.051722 42.892361),True,3.051722,42.892361,train,2095868
38408,2019,1.0,,MEDITERRANEAN,France,4498.0,2099020,POINT (3.73492 44.03482),True,3.73492,44.03482,train,2099020
38416,2020,10.0,-inf,MEDITERRANEAN,France,5474.0,2099861,POINT (6.46926 43.1652),True,6.46926,43.1652,train,2099861
38426,2020,9.0,25.0,MEDITERRANEAN,France,8027.0,2100290,POINT (3.803635 43.449167),True,3.803635,43.449167,train,2100290
38429,2019,10.0,100.0,MEDITERRANEAN,France,7318.0,2100613,POINT (6.0568 43.091518),True,6.0568,43.091518,train,2100613
38446,2021,5.0,-inf,MEDITERRANEAN,France,3911.0,2101101,POINT (7.007618 43.870061),True,7.007618,43.870061,train,2101101
38476,2018,0.0,25.0,MEDITERRANEAN,France,5120.0,2103644,POINT (3.671973 43.606319),True,3.671973,43.606319,train,2103644
38479,2017,1.0,,MEDITERRANEAN,France,10909.0,2105696,POINT (5.55553 43.60038),True,5.55553,43.60038,train,2105696
38509,2018,10.0,16.0,MEDITERRANEAN,France,8243.0,2106182,POINT (3.038105 42.773797),True,3.038105,42.773797,train,2106182
38551,2019,1.0,,MEDITERRANEAN,France,1473.0,2107351,POINT (4.11717 44.29906),True,4.11717,44.29906,train,2107351
38571,2017,0.0,25.0,CONTINENTAL,France,2709.0,2107538,POINT (3.100034 44.606354),True,3.100034,44.606354,train,2107538
38597,2019,10.0,3.0,MEDITERRANEAN,France,10950.0,2108626,POINT (6.60493 43.2014),True,6.60493,43.2014,train,2108626
38612,2019,10.0,-inf,MEDITERRANEAN,France,5542.0,2109051,POINT (7.15418 44.02652),True,7.15418,44.02652,train,2109051
38643,2020,10.0,-inf,MEDITERRANEAN,France,3894.0,2109130,POINT (5.61568 43.8083),True,5.61568,43.8083,train,2109130
38658,2017,1.0,,MEDITERRANEAN,France,7318.0,2109489,POINT (5.9486 43.55197),True,5.9486,43.55197,train,2109489
38676,2018,0.0,-inf,MEDITERRANEAN,France,4325.0,2109668,POINT (4.845353 43.99932),True,4.845353,43.99932,train,2109668
38682,2021,5.0,-inf,MEDITERRANEAN,France,8991.0,2110067,POINT (7.103925 43.812467),True,7.103925,43.812467,train,2110067
38733,2017,10.0,3.0,CONTINENTAL,France,10255.0,2110706,POINT (3.75078 44.364084),True,3.75078,44.364084,train,2110706
38748,2019,0.0,20.0,MEDITERRANEAN,France,4201.0,2111405,POINT (4.364541 44.274597),True,4.364541,44.274597,train,2111405
38766,2017,10.0,-inf,MEDITERRANEAN,France,4541.0,2113572,POINT (4.787362 43.3994),True,4.787362,43.3994,train,2113572
38772,2017,1.0,,MEDITERRANEAN,France,3251.0,2115052,POINT (5.85573 43.24919),True,5.85573,43.24919,train,2115052
38797,2020,10.0,50.0,MEDITERRANEAN,France,9820.0,2117481,POINT (3.894377 43.511438),True,3.894377,43.511438,train,2117481
38812,2017,10.0,100.0,MEDITERRANEAN,France,3419.0,2118155,POINT (5.173916 44.076348),True,5.173916,44.076348,train,2118155
38827,2021,5.0,-inf,MEDITERRANEAN,France,8208.0,2118465,POINT (7.108043 43.78213),True,7.108043,43.78213,train,2118465
38850,2021,10.0,100.0,MEDITERRANEAN,France,10522.0,2118559,POINT (4.69915 43.7713),True,4.69915,43.7713,train,2118559
38889,2017,10.0,30.0,MEDITERRANEAN,France,7052.0,2119228,POINT (2.032111 42.821861),True,2.032111,42.821861,train,2119228
38924,2020,10.0,30.0,MEDITERRANEAN,France,6643.0,2119364,POINT (5.41928 43.6903),True,5.41928,43.6903,train,2119364
38942,2018,0.0,100.0,MEDITERRANEAN,France,6703.0,2121355,POINT (3.707057 43.763417),True,3.707057,43.763417,train,2121355
38946,2021,5.0,30.0,MEDITERRANEAN,France,2109.0,2121508,POINT (7.193213 43.74497),True,7.193213,43.74497,train,2121508
38964,2020,4.0,400.0,MEDITERRANEAN,France,8917.0,2121650,POINT (3.602434 43.843007),True,3.602434,43.843007,train,2121650
38981,2019,1.0,,MEDITERRANEAN,France,6226.0,2122466,POINT (6.15995 43.38274),True,6.15995,43.38274,train,2122466
39008,2017,1.0,,MEDITERRANEAN,France,10460.0,2123741,POINT (3.13272 43.75319),True,3.13272,43.75319,train,2123741
39031,2021,10.0,15.0,MEDITERRANEAN,France,2722.0,2123818,POINT (2.229389 43.1965),True,2.229389,43.1965,train,2123818
39037,2021,4.0,30.0,MEDITERRANEAN,France,2075.0,2124101,POINT (4.98432 43.464266),True,4.98432,43.464266,train,2124101
39039,2018,1.0,,MEDITERRANEAN,France,10953.0,2127329,POINT (6.50202 43.67605),True,6.50202,43.67605,train,2127329
39073,2017,0.0,-inf,MEDITERRANEAN,France,5474.0,2128026,POINT (3.789678 44.125984),True,3.789678,44.125984,train,2128026
39090,2021,10.0,9.0,MEDITERRANEAN,France,1300.0,2128175,POINT (5.05107 43.3324),True,5.05107,43.3324,train,2128175
39100,2018,10.0,16.0,MEDITERRANEAN,France,6491.0,2128487,POINT (3.023871 42.857373),True,3.023871,42.857373,train,2128487
39107,2021,10.0,150.0,MEDITERRANEAN,France,4530.0,2129911,POINT (5.09611 44.187959),True,5.09611,44.187959,train,2129911
39120,2020,10.0,50.0,MEDITERRANEAN,France,10347.0,2130600,POINT (3.158334 43.149879),True,3.158334,43.149879,train,2130600
39132,2017,10.0,9.0,MEDITERRANEAN,France,4567.0,2132423,POINT (4.844118 43.380109),True,4.844118,43.380109,train,2132423
39146,2021,10.0,1.0,MEDITERRANEAN,France,3666.0,2133000,POINT (5.15409 43.4566),True,5.15409,43.4566,train,2133000
39150,2019,10.0,20.0,MEDITERRANEAN,France,4653.0,2134117,POINT (6.050969 43.088533),True,6.050969,43.088533,train,2134117
39179,2017,0.0,16.0,MEDITERRANEAN,France,8661.0,2136827,POINT (3.347691 43.272264),True,3.347691,43.272264,train,2136827
39199,2019,1.0,,MEDITERRANEAN,France,2539.0,2136926,POINT (6.27319 43.59462),True,6.27319,43.59462,train,2136926
39213,2017,1.0,,MEDITERRANEAN,France,1619.0,2138432,POINT (7.46059 43.85107),True,7.46059,43.85107,train,2138432
39246,2020,10.0,4.0,MEDITERRANEAN,France,6108.0,2139391,POINT (5.24505 44.1726),True,5.24505,44.1726,train,2139391
39254,2020,10.0,-inf,MEDITERRANEAN,France,5116.0,2139535,POINT (6.4843 43.1559),True,6.4843,43.1559,train,2139535
39270,2019,1.0,,MEDITERRANEAN,France,1276.0,2139869,POINT (4.28681 44.13427),True,4.28681,44.13427,train,2139869
39286,2017,0.0,20.0,MEDITERRANEAN,France,3125.0,2140691,POINT (5.181404 43.403499),True,5.181404,43.403499,train,2140691
39315,2018,10.0,16.0,MEDITERRANEAN,France,71.0,2142459,POINT (3.037075 42.747668),True,3.037075,42.747668,train,2142459
39341,2018,10.0,70.0,MEDITERRANEAN,France,2643.0,2145027,POINT (6.117136 43.082794),True,6.117136,43.082794,train,2145027
39351,2021,10.0,20.0,ALPINE,France,2078.0,2146097,POINT (2.07475 42.611194),True,2.07475,42.611194,train,2146097
39361,2019,10.0,400.0,ALPINE,France,10427.0,2146490,POINT (7.36925 43.9786),True,7.36925,43.9786,train,2146490
39407,2021,10.0,16.0,MEDITERRANEAN,France,11078.0,2148981,POINT (5.18116 43.5155),True,5.18116,43.5155,train,2148981
39410,2020,10.0,50.0,MEDITERRANEAN,France,6836.0,2149327,POINT (3.911475 43.519192),True,3.911475,43.519192,train,2149327
39424,2021,5.0,100.0,MEDITERRANEAN,France,9572.0,2150037,POINT (2.911898 43.364751),True,2.911898,43.364751,train,2150037
39443,2018,1.0,,MEDITERRANEAN,France,7706.0,2151040,POINT (2.88196 43.46712),True,2.88196,43.46712,train,2151040
39457,2020,4.0,16.0,MEDITERRANEAN,France,10506.0,2153086,POINT (7.1462 43.694543),True,7.1462,43.694543,train,2153086
39480,2018,0.0,100.0,MEDITERRANEAN,France,3476.0,2153096,POINT (5.590625 43.660606),True,5.590625,43.660606,train,2153096
39497,2017,1.0,,CONTINENTAL,France,10904.0,2153773,POINT (3.28993 44.25543),True,3.28993,44.25543,train,2153773
39510,2019,10.0,20.0,MEDITERRANEAN,France,3451.0,2153906,POINT (7.07669 43.7555),True,7.07669,43.7555,train,2153906
39543,2017,0.0,11.0,ALPINE,France,4842.0,2154617,POINT (1.976084 42.575136),True,1.976084,42.575136,train,2154617
39545,2020,4.0,200.0,MEDITERRANEAN,France,11195.0,2154941,POINT (3.814954 43.619156),True,3.814954,43.619156,train,2154941
39576,2020,10.0,80.0,MEDITERRANEAN,France,9808.0,2155546,POINT (5.64381 43.8027),True,5.64381,43.8027,train,2155546
39591,2017,10.0,500.0,MEDITERRANEAN,France,6684.0,2156888,POINT (5.690889 43.345092),True,5.690889,43.345092,train,2156888
39615,2020,8.0,-inf,MEDITERRANEAN,France,11193.0,2159202,POINT (6.91849 43.513912),True,6.91849,43.513912,train,2159202
39644,2021,5.0,50.0,MEDITERRANEAN,France,5817.0,2160704,POINT (3.687276 43.653176),True,3.687276,43.653176,train,2160704
39675,2018,10.0,100.0,MEDITERRANEAN,France,11193.0,2161253,POINT (6.116736 43.082887),True,6.116736,43.082887,train,2161253
39695,2018,10.0,16.0,MEDITERRANEAN,France,4130.0,2161262,POINT (3.050652 42.886958),True,3.050652,42.886958,train,2161262
39714,2018,0.0,3.0,MEDITERRANEAN,France,6141.0,2162625,POINT (5.558254 43.357194),True,5.558254,43.357194,train,2162625
39725,2018,10.0,1.0,ALPINE,France,6989.0,2166623,POINT (1.976111 42.864722),True,1.976111,42.864722,train,2166623
39759,2018,10.0,16.0,MEDITERRANEAN,France,9565.0,2167007,POINT (3.022343 42.794509),True,3.022343,42.794509,train,2167007
39763,2019,10.0,-inf,MEDITERRANEAN,France,2885.0,2167640,POINT (3.142394 43.261807),True,3.142394,43.261807,train,2167640
39770,2020,10.0,20.0,MEDITERRANEAN,France,3324.0,2167659,POINT (6.48976 43.1676),True,6.48976,43.1676,train,2167659
39830,2018,10.0,-inf,MEDITERRANEAN,France,8654.0,2168149,POINT (6.303215 43.148462),True,6.303215,43.148462,train,2168149
39843,2019,1.0,,MEDITERRANEAN,France,9458.0,2170476,POINT (6.23256 43.36215),True,6.23256,43.36215,train,2170476
39855,2017,1.0,,MEDITERRANEAN,France,1276.0,2171151,POINT (2.83261 43.46736),True,2.83261,43.46736,train,2171151
39886,2017,10.0,100.0,MEDITERRANEAN,France,9261.0,2171744,POINT (5.603668 43.238113),True,5.603668,43.238113,train,2171744
39891,2021,10.0,16.0,ALPINE,France,3334.0,2172600,POINT (1.96215 42.5641),True,1.96215,42.5641,train,2172600
39894,2018,10.0,50.0,MEDITERRANEAN,France,10728.0,2172687,POINT (6.096763 43.135544),True,6.096763,43.135544,train,2172687
39910,2020,10.0,100.0,MEDITERRANEAN,France,7748.0,2172704,POINT (6.49977 43.157),True,6.49977,43.157,train,2172704
39971,2019,10.0,60.0,MEDITERRANEAN,France,8208.0,2173747,POINT (4.353028 44.333014),True,4.353028,44.333014,train,2173747
39987,2017,1.0,,MEDITERRANEAN,France,2386.0,2174590,POINT (4.31115 44.11584),True,4.31115,44.11584,train,2174590
39999,2017,0.0,-inf,MEDITERRANEAN,France,8643.0,2175428,POINT (4.78659 43.394391),True,4.78659,43.394391,train,2175428
40013,2018,0.0,16.0,MEDITERRANEAN,France,1531.0,2175967,POINT (3.130395 42.499407),True,3.130395,42.499407,train,2175967
40015,2019,1.0,,MEDITERRANEAN,France,3358.0,2176297,POINT (5.49629 43.87201),True,5.49629,43.87201,train,2176297
40037,2017,1.0,,MEDITERRANEAN,France,4530.0,2176518,POINT (6.9238 43.677),True,6.9238,43.677,train,2176518
40057,2017,0.0,4.0,MEDITERRANEAN,France,2643.0,2176819,POINT (6.845239 43.60959),True,6.845239,43.60959,train,2176819
40068,2021,10.0,25.0,MEDITERRANEAN,France,3465.0,2178357,POINT (5.18552 43.4049),True,5.18552,43.4049,train,2178357
40076,2020,10.0,4.0,MEDITERRANEAN,France,8149.0,2178475,POINT (6.50582 43.1806),True,6.50582,43.1806,train,2178475
40088,2018,10.0,16.0,MEDITERRANEAN,France,7090.0,2180570,POINT (3.050766 42.890671),True,3.050766,42.890671,train,2180570
40101,2017,10.0,-inf,MEDITERRANEAN,France,6279.0,2181444,POINT (3.517405 43.318543),True,3.517405,43.318543,train,2181444
40102,2020,10.0,50.0,MEDITERRANEAN,France,9877.0,2181548,POINT (3.040329 42.818051),True,3.040329,42.818051,train,2181548
40113,2020,10.0,4.0,MEDITERRANEAN,France,8091.0,2182834,POINT (4.82706 43.56485),True,4.82706,43.56485,train,2182834
40129,2020,5.0,4.0,MEDITERRANEAN,France,9486.0,2185838,POINT (3.719318 43.66075),True,3.719318,43.66075,train,2185838
40137,2020,10.0,40.0,MEDITERRANEAN,France,5203.0,2185901,POINT (3.035223 42.656053),True,3.035223,42.656053,train,2185901
40144,2019,1.0,,MEDITERRANEAN,France,5071.0,2186640,POINT (3.68679 44.10737),True,3.68679,44.10737,train,2186640
40155,2019,1.0,,CONTINENTAL,France,1276.0,2187999,POINT (3.19039 44.29222),True,3.19039,44.29222,train,2187999
40165,2020,4.0,16.0,MEDITERRANEAN,France,3533.0,2188196,POINT (3.037771 42.563589),True,3.037771,42.563589,train,2188196
40173,2020,4.0,10.0,MEDITERRANEAN,France,11061.0,2188332,POINT (6.750323 43.556453),True,6.750323,43.556453,train,2188332
40194,2020,3.0,16.0,MEDITERRANEAN,France,9877.0,2188544,POINT (3.836057 43.476246),True,3.836057,43.476246,train,2188544
40202,2017,0.0,30.0,MEDITERRANEAN,France,9870.0,2189736,POINT (5.613212 43.227857),True,5.613212,43.227857,train,2189736
40212,2021,5.0,256.0,MEDITERRANEAN,France,11159.0,2190999,POINT (4.192946 43.642187),True,4.192946,43.642187,train,2190999
40235,2018,1.0,,MEDITERRANEAN,France,6679.0,2191194,POINT (4.94322 43.74278),True,4.94322,43.74278,train,2191194
40262,2021,5.0,10.0,MEDITERRANEAN,France,4358.0,2192758,POINT (5.192975 43.366147),True,5.192975,43.366147,train,2192758
40273,2021,10.0,100.0,MEDITERRANEAN,France,10521.0,2193632,POINT (5.62199 43.58827),True,5.62199,43.58827,train,2193632
40287,2020,9.0,4.0,MEDITERRANEAN,France,11078.0,2194341,POINT (4.127938 43.599938),True,4.127938,43.599938,train,2194341
40307,2017,0.0,-inf,MEDITERRANEAN,France,10268.0,2195219,POINT (3.709184 44.162529),True,3.709184,44.162529,train,2195219
40319,2017,0.0,-inf,MEDITERRANEAN,France,661.0,2196017,POINT (3.649906 44.149683),True,3.649906,44.149683,train,2196017
40345,2018,1.0,,MEDITERRANEAN,France,2421.0,2196404,POINT (2.48526 42.74967),True,2.48526,42.74967,train,2196404
40400,2021,5.0,100.0,MEDITERRANEAN,France,3935.0,2197868,POINT (3.16361 43.230972),True,3.16361,43.230972,train,2197868
40415,2021,5.0,250.0,MEDITERRANEAN,France,6909.0,2199433,POINT (3.423352 43.89671),True,3.423352,43.89671,train,2199433
40443,2017,0.0,16.0,MEDITERRANEAN,France,4048.0,2201430,POINT (5.575371 43.178889),True,5.575371,43.178889,train,2201430
40457,2020,10.0,100.0,MEDITERRANEAN,France,6944.0,2202874,POINT (6.29602 43.3256),True,6.29602,43.3256,train,2202874
40477,2021,5.0,5.0,MEDITERRANEAN,France,3161.0,2203711,POINT (6.859647 43.607696),True,6.859647,43.607696,train,2203711
40490,2017,1.0,,MEDITERRANEAN,France,9962.0,2204213,POINT (5.26272 44.16645),True,5.26272,44.16645,train,2204213
40504,2018,10.0,16.0,MEDITERRANEAN,France,5799.0,2204305,POINT (3.03747 42.754367),True,3.03747,42.754367,train,2204305
40509,2018,1.0,,MEDITERRANEAN,France,10073.0,2204355,POINT (6.47338 43.62314),True,6.47338,43.62314,train,2204355
40531,2021,5.0,100.0,MEDITERRANEAN,France,9636.0,2205230,POINT (3.097682 43.129347),True,3.097682,43.129347,train,2205230
40578,2020,4.0,16.0,MEDITERRANEAN,France,1300.0,2207228,POINT (3.844195 43.48268),True,3.844195,43.48268,train,2207228
40584,2019,10.0,-inf,MEDITERRANEAN,France,7051.0,2207844,POINT (3.037667 42.743639),True,3.037667,42.743639,train,2207844
40590,2017,1.0,,MEDITERRANEAN,France,1736.0,2208678,POINT (5.68275 43.23673),True,5.68275,43.23673,train,2208678
40600,2020,4.0,200.0,MEDITERRANEAN,France,868.0,2210129,POINT (6.107932 43.148105),True,6.107932,43.148105,train,2210129
40631,2021,5.0,250.0,MEDITERRANEAN,France,791.0,2211501,POINT (3.446629 44.089169),True,3.446629,44.089169,train,2211501
40635,2019,0.0,8.0,MEDITERRANEAN,France,8033.0,2211882,POINT (3.536817 44.169125),True,3.536817,44.169125,train,2211882
40647,2017,1.0,,MEDITERRANEAN,Spain,4498.0,2213872,POINT (2.58124 42.39032),True,2.58124,42.39032,train,2213872
40665,2020,3.0,16.0,MEDITERRANEAN,France,2926.0,2214889,POINT (3.841152 43.480213),True,3.841152,43.480213,train,2214889
40673,2020,6.0,400.0,CONTINENTAL,France,963.0,2217300,POINT (2.854486 43.602194),True,2.854486,43.602194,train,2217300
40690,2018,1.0,,MEDITERRANEAN,France,2120.0,2219799,POINT (2.43726 43.1809),True,2.43726,43.1809,train,2219799
40729,2021,5.0,250.0,MEDITERRANEAN,France,2634.0,2222210,POINT (4.612618 43.967783),True,4.612618,43.967783,train,2222210
40745,2021,10.0,1.0,MEDITERRANEAN,France,4126.0,2222797,POINT (5.05196 43.3313),True,5.05196,43.3313,train,2222797
40772,2021,4.0,16.0,MEDITERRANEAN,France,1160.0,2224950,POINT (2.890091 43.051596),True,2.890091,43.051596,train,2224950
40794,2019,1.0,,MEDITERRANEAN,France,476.0,2225446,POINT (5.58228 43.63556),True,5.58228,43.63556,train,2225446
40806,2017,1.0,,MEDITERRANEAN,France,11193.0,2225710,POINT (4.02966 43.88677),True,4.02966,43.88677,train,2225710
40836,2020,10.0,100.0,MEDITERRANEAN,France,7576.0,2229153,POINT (6.50103 43.1588),True,6.50103,43.1588,train,2229153
40851,2018,0.0,-inf,MEDITERRANEAN,France,4265.0,2229435,POINT (4.831736 44.035469),True,4.831736,44.035469,train,2229435
40854,2020,10.0,80.0,MEDITERRANEAN,France,2356.0,2230688,POINT (5.14838 44.1686),True,5.14838,44.1686,train,2230688
40877,2017,0.0,4.0,MEDITERRANEAN,France,3839.0,2230731,POINT (5.602472 43.238079),True,5.602472,43.238079,train,2230731
40879,2018,1.0,,MEDITERRANEAN,France,3043.0,2232372,POINT (2.24124 42.92936),True,2.24124,42.92936,train,2232372
40915,2021,5.0,50.0,MEDITERRANEAN,France,6492.0,2233210,POINT (3.191198 43.50369),True,3.191198,43.50369,train,2233210
40945,2017,0.0,50.0,MEDITERRANEAN,France,1304.0,2233662,POINT (5.21979 43.33109),True,5.21979,43.33109,train,2233662
40952,2021,10.0,2.0,MEDITERRANEAN,France,3140.0,2234515,POINT (6.32138 43.1973),True,6.32138,43.1973,train,2234515
40971,2021,6.0,200.0,MEDITERRANEAN,France,9702.0,2234967,POINT (7.136674 43.732165),True,7.136674,43.732165,train,2234967
41025,2017,0.0,-inf,MEDITERRANEAN,France,6205.0,2234999,POINT (3.641151 44.224741),True,3.641151,44.224741,train,2234999
41060,2018,0.0,16.0,MEDITERRANEAN,France,9696.0,2236589,POINT (3.016312 42.795689),True,3.016312,42.795689,train,2236589
41067,2020,3.0,4.0,MEDITERRANEAN,France,5980.0,2237167,POINT (3.734787 43.666862),True,3.734787,43.666862,train,2237167
41083,2017,0.0,5.0,MEDITERRANEAN,France,1770.0,2237450,POINT (5.209836 44.053192),True,5.209836,44.053192,train,2237450
41100,2019,1.0,,CONTINENTAL,France,8818.0,2237493,POINT (3.42507 44.77582),True,3.42507,44.77582,train,2237493
41126,2021,5.0,16.0,MEDITERRANEAN,France,3387.0,2237731,POINT (3.820086 43.611346),True,3.820086,43.611346,train,2237731
41144,2017,1.0,,MEDITERRANEAN,France,5721.0,2237950,POINT (5.6357 43.27416),True,5.6357,43.27416,train,2237950
41170,2017,0.0,150.0,MEDITERRANEAN,France,476.0,2239320,POINT (5.519512 43.320319),True,5.519512,43.320319,train,2239320
41188,2021,10.0,20.0,MEDITERRANEAN,France,6313.0,2239336,POINT (4.39109 43.4639),True,4.39109,43.4639,train,2239336
41198,2020,4.0,50.0,MEDITERRANEAN,France,6836.0,2241533,POINT (2.970391 43.043655),True,2.970391,43.043655,train,2241533
41235,2021,5.0,250.0,MEDITERRANEAN,France,4003.0,2241795,POINT (4.405957 44.169313),True,4.405957,44.169313,train,2241795
41245,2017,0.0,-inf,MEDITERRANEAN,France,981.0,2241797,POINT (3.735635 44.113606),True,3.735635,44.113606,train,2241797
41254,2017,10.0,-inf,MEDITERRANEAN,France,7955.0,2242010,POINT (3.521093 43.32045),True,3.521093,43.32045,train,2242010
41255,2018,0.0,-inf,MEDITERRANEAN,France,2120.0,2242082,POINT (5.445011 43.26956),True,5.445011,43.26956,train,2242082
41276,2020,3.0,200.0,MEDITERRANEAN,France,9261.0,2243075,POINT (5.930362 43.275129),True,5.930362,43.275129,train,2243075
41319,2020,10.0,-inf,MEDITERRANEAN,France,3935.0,2243277,POINT (4.76138 44.2104),True,4.76138,44.2104,train,2243277
41339,2017,0.0,100.0,MEDITERRANEAN,France,3669.0,2244586,POINT (5.568394 43.181288),True,5.568394,43.181288,train,2244586
41356,2021,10.0,200.0,MEDITERRANEAN,France,1254.0,2246425,POINT (5.672464 43.222723),True,5.672464,43.222723,train,2246425
41380,2018,1.0,,MEDITERRANEAN,France,3937.0,2248009,POINT (4.48104 43.98672),True,4.48104,43.98672,train,2248009
41398,2017,0.0,15.0,MEDITERRANEAN,France,6911.0,2250811,POINT (5.211486 44.056472),True,5.211486,44.056472,train,2250811
41411,2020,10.0,10.0,MEDITERRANEAN,France,10108.0,2251365,POINT (6.910997 43.508852),True,6.910997,43.508852,train,2251365
41433,2018,10.0,50.0,MEDITERRANEAN,France,4902.0,2251733,POINT (5.598006 43.660673),True,5.598006,43.660673,train,2251733
41443,2019,10.0,-inf,MEDITERRANEAN,France,11157.0,2252557,POINT (6.583587 43.209123),True,6.583587,43.209123,train,2252557
41455,2020,10.0,8.0,MEDITERRANEAN,France,2282.0,2252779,POINT (7.121146 43.824929),True,7.121146,43.824929,train,2252779
41469,2017,0.0,100.0,MEDITERRANEAN,France,4029.0,2253304,POINT (6.110342 43.033162),True,6.110342,43.033162,train,2253304
41482,2021,5.0,250.0,MEDITERRANEAN,France,11157.0,2254906,POINT (3.80805 43.792236),True,3.80805,43.792236,train,2254906
41493,2020,10.0,50.0,MEDITERRANEAN,France,2932.0,2255062,POINT (6.50231 43.1904),True,6.50231,43.1904,train,2255062
41522,2018,0.0,4.0,ALPINE,France,6497.0,2255958,POINT (6.83783 44.311709),True,6.83783,44.311709,train,2255958
41541,2020,4.0,16.0,MEDITERRANEAN,France,423.0,2256198,POINT (7.035983 43.791299),True,7.035983,43.791299,train,2256198
41573,2021,10.0,20.0,MEDITERRANEAN,France,4184.0,2257046,POINT (5.576694 43.173207),True,5.576694,43.173207,train,2257046
41590,2017,0.0,-inf,MEDITERRANEAN,France,7318.0,2257150,POINT (3.866545 44.140129),True,3.866545,44.140129,train,2257150
41607,2020,11.0,250.0,MEDITERRANEAN,France,146.0,2258391,POINT (3.913206 43.562078),True,3.913206,43.562078,train,2258391
41621,2020,10.0,20.0,MEDITERRANEAN,France,3837.0,2258936,POINT (3.82444 43.4655),True,3.82444,43.4655,train,2258936
41630,2020,4.0,400.0,MEDITERRANEAN,France,7536.0,2259335,POINT (3.619179 43.856999),True,3.619179,43.856999,train,2259335
41646,2017,0.0,16.0,MEDITERRANEAN,France,1702.0,2259916,POINT (3.345363 43.274088),True,3.345363,43.274088,train,2259916
41668,2020,3.0,16.0,MEDITERRANEAN,France,8661.0,2260938,POINT (4.020092 43.554876),True,4.020092,43.554876,train,2260938
41672,2021,5.0,4.0,MEDITERRANEAN,France,154.0,2261563,POINT (6.388921 43.269856),True,6.388921,43.269856,train,2261563
41686,2019,10.0,200.0,MEDITERRANEAN,France,9572.0,2261946,POINT (6.11168 43.0962),True,6.11168,43.0962,train,2261946
41714,2019,1.0,,MEDITERRANEAN,France,10364.0,2262645,POINT (4.25394 43.90103),True,4.25394,43.90103,train,2262645
41747,2020,6.0,16.0,MEDITERRANEAN,France,2474.0,2262897,POINT (7.112775 43.76726),True,7.112775,43.76726,train,2262897
41755,2021,10.0,100.0,MEDITERRANEAN,France,7192.0,2263062,POINT (5.71217 43.54153),True,5.71217,43.54153,train,2263062
41775,2017,10.0,-inf,MEDITERRANEAN,France,7955.0,2263435,POINT (3.516399 43.319078),True,3.516399,43.319078,train,2263435
41776,2019,1.0,,MEDITERRANEAN,France,6684.0,2264793,POINT (6.25712 43.7212),True,6.25712,43.7212,train,2264793
41795,2021,10.0,2.0,MEDITERRANEAN,France,8091.0,2264940,POINT (6.29992 43.2173),True,6.29992,43.2173,train,2264940
41799,2017,0.0,6.0,MEDITERRANEAN,France,2420.0,2266083,POINT (5.652896 43.631277),True,5.652896,43.631277,train,2266083
41823,2017,0.0,3.0,MEDITERRANEAN,France,4130.0,2266284,POINT (4.329229 43.457065),True,4.329229,43.457065,train,2266284
41843,2018,10.0,3.0,MEDITERRANEAN,France,4059.0,2267251,POINT (5.336994 43.214626),True,5.336994,43.214626,train,2267251
41851,2021,5.0,250.0,MEDITERRANEAN,France,2421.0,2267521,POINT (4.071214 43.907706),True,4.071214,43.907706,train,2267521
41869,2020,10.0,50.0,MEDITERRANEAN,France,11222.0,2268935,POINT (3.043451 42.841836),True,3.043451,42.841836,train,2268935
41879,2020,6.0,16.0,MEDITERRANEAN,France,3722.0,2269106,POINT (6.423385 43.269316),True,6.423385,43.269316,train,2269106
41901,2017,10.0,-inf,MEDITERRANEAN,France,6279.0,2269165,POINT (3.518251 43.318179),True,3.518251,43.318179,train,2269165
41902,2021,5.0,50.0,MEDITERRANEAN,France,10305.0,2269744,POINT (2.890132 43.051326),True,2.890132,43.051326,train,2269744
41932,2019,10.0,-inf,MEDITERRANEAN,France,5166.0,2270709,POINT (6.96702 43.9054),True,6.96702,43.9054,train,2270709
41974,2018,10.0,16.0,MEDITERRANEAN,France,9877.0,2272474,POINT (3.037604 42.755365),True,3.037604,42.755365,train,2272474
41978,2020,10.0,-inf,MEDITERRANEAN,France,2839.0,2272787,POINT (6.48471 43.1686),True,6.48471,43.1686,train,2272787
41988,2020,3.0,50.0,MEDITERRANEAN,France,6374.0,2274289,POINT (3.827216 43.468448),True,3.827216,43.468448,train,2274289
41997,2018,10.0,-inf,MEDITERRANEAN,France,146.0,2275097,POINT (4.858463 43.664063),True,4.858463,43.664063,train,2275097
42005,2021,5.0,250.0,MEDITERRANEAN,France,11120.0,2275304,POINT (3.610149 43.929615),True,3.610149,43.929615,train,2275304
42023,2021,4.0,-inf,MEDITERRANEAN,France,5242.0,2275351,POINT (6.973689 43.650373),True,6.973689,43.650373,train,2275351
42051,2021,5.0,50.0,MEDITERRANEAN,France,6874.0,2275521,POINT (2.942372 43.045646),True,2.942372,43.045646,train,2275521
42072,2021,10.0,3.0,MEDITERRANEAN,France,6217.0,2275652,POINT (6.34378 43.221),True,6.34378,43.221,train,2275652
42093,2020,3.0,1.0,MEDITERRANEAN,France,5301.0,2277420,POINT (7.101844 43.789841),True,7.101844,43.789841,train,2277420
42114,2017,0.0,16.0,MEDITERRANEAN,France,245.0,2277923,POINT (3.348454 43.272216),True,3.348454,43.272216,train,2277923
42129,2019,10.0,10.0,MEDITERRANEAN,France,3913.0,2278157,POINT (3.517328 44.106645),True,3.517328,44.106645,train,2278157
42145,2021,10.0,30.0,MEDITERRANEAN,France,7212.0,2279155,POINT (6.90424 43.44473),True,6.90424,43.44473,train,2279155
42155,2020,10.0,30.0,MEDITERRANEAN,France,3423.0,2280607,POINT (2.276 43.164444),True,2.276,43.164444,train,2280607
42163,2017,0.0,-inf,MEDITERRANEAN,France,2474.0,2282897,POINT (3.850714 44.099577),True,3.850714,44.099577,train,2282897
42177,2021,10.0,50.0,MEDITERRANEAN,France,2634.0,2283158,POINT (4.7576 43.5806),True,4.7576,43.5806,train,2283158
42196,2017,10.0,100.0,MEDITERRANEAN,France,245.0,2285172,POINT (3.030806 42.861861),True,3.030806,42.861861,train,2285172
42211,2021,6.0,20.0,MEDITERRANEAN,France,4719.0,2286288,POINT (5.195282 43.365371),True,5.195282,43.365371,train,2286288
42219,2021,10.0,40.0,MEDITERRANEAN,France,963.0,2286562,POINT (2.304333 42.869833),True,2.304333,42.869833,train,2286562
42232,2021,4.0,16.0,MEDITERRANEAN,France,8661.0,2287824,POINT (4.044203 43.557321),True,4.044203,43.557321,train,2287824
42240,2019,1.0,,MEDITERRANEAN,France,9458.0,2287995,POINT (6.03109 43.29728),True,6.03109,43.29728,train,2287995
42258,2017,0.0,20.0,MEDITERRANEAN,France,3900.0,2288844,POINT (5.646919 43.540469),True,5.646919,43.540469,train,2288844
42268,2019,0.0,50.0,MEDITERRANEAN,France,5704.0,2289374,POINT (3.375313 44.057424),True,3.375313,44.057424,train,2289374
42290,2019,0.0,9.0,MEDITERRANEAN,France,1431.0,2289608,POINT (4.494753 44.303036),True,4.494753,44.303036,train,2289608
42321,2021,6.0,200.0,MEDITERRANEAN,France,8549.0,2291191,POINT (7.066239 43.783887),True,7.066239,43.783887,train,2291191
42362,2021,5.0,50.0,MEDITERRANEAN,France,8746.0,2292599,POINT (5.696524 43.293548),True,5.696524,43.293548,train,2292599
42382,2020,10.0,30.0,MEDITERRANEAN,France,6555.0,2293524,POINT (4.944 44.24812),True,4.944,44.24812,train,2293524
42399,2018,10.0,20.0,MEDITERRANEAN,France,9468.0,2295066,POINT (3.796915 43.766748),True,3.796915,43.766748,train,2295066
42403,2019,10.0,30.0,MEDITERRANEAN,France,6560.0,2295470,POINT (6.11343 43.0956),True,6.11343,43.0956,train,2295470
42459,2017,0.0,2.0,MEDITERRANEAN,France,2325.0,2295784,POINT (4.77867 43.350142),True,4.77867,43.350142,train,2295784
42463,2020,4.0,200.0,MEDITERRANEAN,France,8512.0,2295830,POINT (5.90899 43.277301),True,5.90899,43.277301,train,2295830
42503,2017,0.0,-inf,MEDITERRANEAN,France,2211.0,2295848,POINT (3.681592 44.106619),True,3.681592,44.106619,train,2295848
42519,2019,1.0,,MEDITERRANEAN,Spain,4498.0,2295936,POINT (2.55709 42.40832),True,2.55709,42.40832,train,2295936
42549,2017,10.0,10.0,MEDITERRANEAN,France,9555.0,2295946,POINT (5.91932 43.230084),True,5.91932,43.230084,train,2295946
42565,2020,10.0,25.0,MEDITERRANEAN,France,2665.0,2297860,POINT (6.09305 43.09887),True,6.09305,43.09887,train,2297860
42591,2017,10.0,10.0,MEDITERRANEAN,France,462.0,2299199,POINT (5.314904 43.518959),True,5.314904,43.518959,train,2299199
42601,2018,10.0,40.0,MEDITERRANEAN,France,3327.0,2299452,POINT (3.794849 43.770857),True,3.794849,43.770857,train,2299452
42603,2017,0.0,-inf,MEDITERRANEAN,France,5474.0,2302488,POINT (3.76349 44.20168),True,3.76349,44.20168,train,2302488
42627,2020,4.0,20.0,MEDITERRANEAN,France,8149.0,2302577,POINT (6.751204 43.556587),True,6.751204,43.556587,train,2302577
42648,2021,5.0,100.0,MEDITERRANEAN,France,1619.0,2303267,POINT (3.073428 43.131347),True,3.073428,43.131347,train,2303267
42669,2017,1.0,,MEDITERRANEAN,France,10762.0,2303811,POINT (3.20684 43.73464),True,3.20684,43.73464,train,2303811
42696,2017,10.0,-inf,MEDITERRANEAN,France,7955.0,2303893,POINT (3.517365 43.31687),True,3.517365,43.31687,train,2303893
42697,2017,10.0,-inf,MEDITERRANEAN,France,6279.0,2304225,POINT (3.522932 43.319425),True,3.522932,43.319425,train,2304225
42698,2018,10.0,100.0,MEDITERRANEAN,France,1497.0,2304715,POINT (6.8239 43.506942),True,6.8239,43.506942,train,2304715
42721,2017,0.0,250.0,MEDITERRANEAN,France,982.0,2304813,POINT (4.338746 43.466341),True,4.338746,43.466341,train,2304813
42726,2018,0.0,20.0,MEDITERRANEAN,France,473.0,2307859,POINT (3.620079 43.554962),True,3.620079,43.554962,train,2307859
42731,2019,1.0,,CONTINENTAL,France,981.0,2308614,POINT (3.87169 44.48266),True,3.87169,44.48266,train,2308614
42746,2019,1.0,,MEDITERRANEAN,France,51.0,2310838,POINT (5.46848 43.81883),True,5.46848,43.81883,train,2310838
42759,2017,1.0,,CONTINENTAL,France,8428.0,2314541,POINT (3.47448 44.72135),True,3.47448,44.72135,train,2314541
42763,2018,10.0,16.0,MEDITERRANEAN,France,2173.0,2315089,POINT (3.050958 42.88649),True,3.050958,42.88649,train,2315089
42779,2020,3.0,50.0,MEDITERRANEAN,France,10125.0,2316908,POINT (3.77848 43.66519),True,3.77848,43.66519,train,2316908
42799,2020,10.0,400.0,MEDITERRANEAN,France,3251.0,2317040,POINT (4.54792 44.2261),True,4.54792,44.2261,train,2317040
42808,2017,1.0,,MEDITERRANEAN,France,6945.0,2317428,POINT (5.73492 43.70285),True,5.73492,43.70285,train,2317428
42837,2017,0.0,-inf,MEDITERRANEAN,France,4498.0,2318845,POINT (3.694374 44.141598),True,3.694374,44.141598,train,2318845
42863,2017,0.0,-inf,MEDITERRANEAN,France,661.0,2319504,POINT (3.660515 44.17836),True,3.660515,44.17836,train,2319504
42871,2018,0.0,25.0,MEDITERRANEAN,France,3533.0,2320694,POINT (7.058444 43.632337),True,7.058444,43.632337,train,2320694
42894,2018,0.0,3.0,ALPINE,France,5561.0,2321251,POINT (1.952889 42.75075),True,1.952889,42.75075,train,2321251
42926,2018,10.0,100.0,MEDITERRANEAN,France,2771.0,2321707,POINT (5.336781 43.214846),True,5.336781,43.214846,train,2321707
42932,2020,9.0,25.0,MEDITERRANEAN,France,6234.0,2321752,POINT (3.970073 43.566913),True,3.970073,43.566913,train,2321752
42933,2018,0.0,5.0,MEDITERRANEAN,France,9702.0,2324060,POINT (7.083612 43.607797),True,7.083612,43.607797,train,2324060
42938,2018,10.0,50.0,MEDITERRANEAN,France,8737.0,2324378,POINT (5.683958 43.696697),True,5.683958,43.696697,train,2324378
42953,2020,4.0,25.0,MEDITERRANEAN,France,5876.0,2326068,POINT (3.051847 42.891487),True,3.051847,42.891487,train,2326068
42975,2019,0.0,70.0,MEDITERRANEAN,France,2634.0,2327791,POINT (6.051505 43.088923),True,6.051505,43.088923,train,2327791
42991,2020,3.0,16.0,MEDITERRANEAN,France,9547.0,2330234,POINT (3.703981 43.649416),True,3.703981,43.649416,train,2330234
43027,2019,10.0,-inf,MEDITERRANEAN,France,10367.0,2330338,POINT (7.08648 44.0084),True,7.08648,44.0084,train,2330338
43050,2020,10.0,-inf,MEDITERRANEAN,France,2386.0,2330592,POINT (6.910946 43.50729),True,6.910946,43.50729,train,2330592
43071,2017,10.0,-inf,MEDITERRANEAN,France,5868.0,2330812,POINT (3.030833 42.85075),True,3.030833,42.85075,train,2330812
43087,2021,5.0,250.0,MEDITERRANEAN,France,5557.0,2331229,POINT (4.040464 43.887425),True,4.040464,43.887425,train,2331229
43106,2020,3.0,100.0,MEDITERRANEAN,France,4194.0,2334166,POINT (6.779421 43.461608),True,6.779421,43.461608,train,2334166
43136,2020,10.0,60.0,MEDITERRANEAN,France,8632.0,2334869,POINT (5.35758 44.0574),True,5.35758,44.0574,train,2334869
43168,2021,10.0,25.0,MEDITERRANEAN,France,1318.0,2340306,POINT (6.89982 43.44235),True,6.89982,43.44235,train,2340306
43178,2019,1.0,,MEDITERRANEAN,France,636.0,2342852,POINT (3.28211 43.78795),True,3.28211,43.78795,train,2342852
43199,2021,5.0,50.0,MEDITERRANEAN,France,9710.0,2345297,POINT (2.953148 43.044522),True,2.953148,43.044522,train,2345297
43232,2021,10.0,50.0,MEDITERRANEAN,France,6491.0,2348146,POINT (4.39879 43.4915),True,4.39879,43.4915,train,2348146
43237,2018,1.0,,MEDITERRANEAN,France,1304.0,2348753,POINT (4.63622 44.12746),True,4.63622,44.12746,train,2348753
43254,2018,1.0,,MEDITERRANEAN,France,8208.0,2349888,POINT (2.33904 42.96534),True,2.33904,42.96534,train,2349888
43276,2020,3.0,16.0,MEDITERRANEAN,France,8785.0,2350165,POINT (3.824793 43.465725),True,3.824793,43.465725,train,2350165
43284,2020,10.0,40.0,MEDITERRANEAN,France,9877.0,2353718,POINT (3.038945 42.789175),True,3.038945,42.789175,train,2353718
43288,2017,1.0,,MEDITERRANEAN,France,10247.0,2354601,POINT (2.48563 42.89337),True,2.48563,42.89337,train,2354601
43321,2021,4.0,16.0,MEDITERRANEAN,France,5868.0,2354958,POINT (3.407631 43.333587),True,3.407631,43.333587,train,2354958
43353,2017,0.0,50.0,MEDITERRANEAN,France,10521.0,2355483,POINT (5.549391 43.526511),True,5.549391,43.526511,train,2355483
43410,2018,0.0,25.0,MEDITERRANEAN,France,340.0,2355970,POINT (3.681065 43.620146),True,3.681065,43.620146,train,2355970
43416,2018,0.0,40.0,MEDITERRANEAN,France,5842.0,2356308,POINT (5.655425 43.253467),True,5.655425,43.253467,train,2356308
43431,2017,0.0,100.0,MEDITERRANEAN,France,9696.0,2358898,POINT (4.876079 43.352707),True,4.876079,43.352707,train,2358898
43435,2020,10.0,100.0,MEDITERRANEAN,France,2255.0,2359848,POINT (6.48366 43.1709),True,6.48366,43.1709,train,2359848
43449,2019,10.0,100.0,MEDITERRANEAN,France,3669.0,2360477,POINT (6.596374 43.198801),True,6.596374,43.198801,train,2360477
43464,2018,0.0,15.0,MEDITERRANEAN,France,7054.0,2361979,POINT (6.015286 43.119006),True,6.015286,43.119006,train,2361979
43481,2018,10.0,16.0,MEDITERRANEAN,France,9808.0,2362137,POINT (5.673735 43.692474),True,5.673735,43.692474,train,2362137
43488,2017,1.0,,MEDITERRANEAN,France,6235.0,2362216,POINT (2.93169 43.50281),True,2.93169,43.50281,train,2362216
43492,2021,6.0,-inf,MEDITERRANEAN,France,5542.0,2362297,POINT (7.368792 43.924213),True,7.368792,43.924213,train,2362297
43522,2017,0.0,200.0,MEDITERRANEAN,France,5618.0,2362443,POINT (5.695083 43.420257),True,5.695083,43.420257,train,2362443
43548,2019,10.0,12.0,MEDITERRANEAN,France,11078.0,2363103,POINT (3.901713 44.125066),True,3.901713,44.125066,train,2363103
43549,2017,0.0,40.0,MEDITERRANEAN,France,6491.0,2364400,POINT (3.504083 43.322456),True,3.504083,43.322456,train,2364400
43550,2019,0.0,-inf,MEDITERRANEAN,France,6039.0,2364491,POINT (6.023885 43.079738),True,6.023885,43.079738,train,2364491
43580,2018,0.0,15.0,MEDITERRANEAN,France,9243.0,2365404,POINT (3.637157 43.620161),True,3.637157,43.620161,train,2365404
43582,2017,10.0,-inf,MEDITERRANEAN,France,7955.0,2368159,POINT (3.511269 43.324095),True,3.511269,43.324095,train,2368159
43584,2021,5.0,250.0,CONTINENTAL,France,10047.0,2370079,POINT (2.7228 43.574481),True,2.7228,43.574481,train,2370079
43597,2020,10.0,50.0,MEDITERRANEAN,France,10347.0,2373045,POINT (3.21065 43.194367),True,3.21065,43.194367,train,2373045
43610,2017,10.0,-inf,MEDITERRANEAN,France,7955.0,2373864,POINT (3.517429 43.324066),True,3.517429,43.324066,train,2373864
43611,2018,0.0,15.0,MEDITERRANEAN,France,2608.0,2373987,POINT (6.016615 43.117646),True,6.016615,43.117646,train,2373987
43627,2019,10.0,100.0,MEDITERRANEAN,France,5766.0,2374079,POINT (6.876461 43.449407),True,6.876461,43.449407,train,2374079
43638,2019,1.0,,MEDITERRANEAN,France,7536.0,2374469,POINT (2.1175 43.32449),True,2.1175,43.32449,train,2374469
43659,2021,10.0,3.0,ALPINE,Spain,8428.0,2374724,POINT (2.137389 42.487472),True,2.137389,42.487472,train,2374724
43672,2020,3.0,16.0,MEDITERRANEAN,France,10514.0,2374762,POINT (4.08308 43.575459),True,4.08308,43.575459,train,2374762
43685,2017,1.0,,MEDITERRANEAN,France,3935.0,2374991,POINT (3.86001 44.05113),True,3.86001,44.05113,train,2374991
43740,2021,10.0,100.0,MEDITERRANEAN,France,265.0,2377519,POINT (5.68389 43.5459),True,5.68389,43.5459,train,2377519
43753,2021,10.0,100.0,ALPINE,Spain,7706.0,2378060,POINT (2.142111 42.485944),True,2.142111,42.485944,train,2378060
43759,2017,0.0,-inf,MEDITERRANEAN,France,981.0,2378091,POINT (3.728955 44.093434),True,3.728955,44.093434,train,2378091
43769,2020,10.0,50.0,MEDITERRANEAN,France,4194.0,2378827,POINT (6.911791 43.509193),True,6.911791,43.509193,train,2378827
43787,2017,1.0,,MEDITERRANEAN,France,11045.0,2382077,POINT (5.2351 43.62743),True,5.2351,43.62743,train,2382077
43806,2017,0.0,4.0,MEDITERRANEAN,France,9053.0,2382608,POINT (5.536941 43.530043),True,5.536941,43.530043,train,2382608
43823,2021,5.0,100.0,MEDITERRANEAN,France,476.0,2383247,POINT (3.184621 43.192329),True,3.184621,43.192329,train,2383247
43841,2017,0.0,10.0,MEDITERRANEAN,France,8908.0,2384043,POINT (3.49973 43.6206),True,3.49973,43.6206,train,2384043
43843,2017,0.0,30.0,MEDITERRANEAN,France,3125.0,2384436,POINT (5.578171 43.243),True,5.578171,43.243,train,2384436
43872,2018,10.0,16.0,MEDITERRANEAN,France,1174.0,2389017,POINT (3.035856 42.768682),True,3.035856,42.768682,train,2389017
43890,2021,5.0,-inf,MEDITERRANEAN,France,4349.0,2390473,POINT (7.148477 43.721919),True,7.148477,43.721919,train,2390473
43904,2017,1.0,,MEDITERRANEAN,France,11157.0,2390486,POINT (3.82893 43.81778),True,3.82893,43.81778,train,2390486
43943,2020,3.0,25.0,MEDITERRANEAN,France,1381.0,2393378,POINT (3.84608 43.483902),True,3.84608,43.483902,train,2393378
43947,2021,5.0,15.0,MEDITERRANEAN,France,272.0,2393856,POINT (5.708936 43.317895),True,5.708936,43.317895,train,2393856
43957,2017,0.0,-inf,MEDITERRANEAN,France,4871.0,2394534,POINT (3.871778 44.090942),True,3.871778,44.090942,train,2394534
43990,2017,0.0,-inf,MEDITERRANEAN,France,4498.0,2397328,POINT (3.663028 44.160028),True,3.663028,44.160028,train,2397328
44005,2017,0.0,50.0,MEDITERRANEAN,France,2120.0,2398286,POINT (5.541817 43.52785),True,5.541817,43.52785,train,2398286
44019,2021,5.0,25.0,MEDITERRANEAN,France,6192.0,2398513,POINT (5.271429 44.174372),True,5.271429,44.174372,train,2398513
44028,2018,0.0,20.0,MEDITERRANEAN,France,4013.0,2399474,POINT (5.683826 43.697312),True,5.683826,43.697312,train,2399474
44047,2020,10.0,-inf,MEDITERRANEAN,France,11013.0,2400845,POINT (5.148 44.1709),True,5.148,44.1709,train,2400845
44063,2018,1.0,,MEDITERRANEAN,France,9572.0,2403326,POINT (6.44479 43.57023),True,6.44479,43.57023,train,2403326
44081,2019,0.0,-inf,MEDITERRANEAN,France,7824.0,2403826,POINT (3.4892 44.198421),True,3.4892,44.198421,train,2403826
44082,2019,10.0,-inf,MEDITERRANEAN,France,1959.0,2405168,POINT (3.144293 43.265889),True,3.144293,43.265889,train,2405168
44089,2021,5.0,-inf,MEDITERRANEAN,France,9936.0,2406309,POINT (7.01384 43.867468),True,7.01384,43.867468,train,2406309
44118,2017,0.0,16.0,MEDITERRANEAN,France,9820.0,2407140,POINT (3.349111 43.272925),True,3.349111,43.272925,train,2407140
44133,2020,3.0,16.0,MEDITERRANEAN,France,9877.0,2407402,POINT (4.019176 43.554359),True,4.019176,43.554359,train,2407402
44137,2019,1.0,,MEDITERRANEAN,France,1254.0,2407523,POINT (2.80368 42.94636),True,2.80368,42.94636,train,2407523
44164,2019,10.0,10.0,MEDITERRANEAN,France,6684.0,2408167,POINT (2.161917 43.183556),True,2.161917,43.183556,train,2408167
44174,2017,10.0,50.0,MEDITERRANEAN,France,10286.0,2408500,POINT (1.979111 42.831889),True,1.979111,42.831889,train,2408500
44219,2018,0.0,5.0,MEDITERRANEAN,France,1431.0,2408965,POINT (5.618723 43.407684),True,5.618723,43.407684,train,2408965
44234,2017,0.0,-inf,MEDITERRANEAN,France,11157.0,2409688,POINT (3.841105 44.093387),True,3.841105,44.093387,train,2409688
44247,2021,10.0,40.0,MEDITERRANEAN,France,8785.0,2410443,POINT (6.09334 43.0371),True,6.09334,43.0371,train,2410443
44255,2019,10.0,-inf,ALPINE,France,5724.0,2412918,POINT (6.80242 44.3111),True,6.80242,44.3111,train,2412918
44264,2019,10.0,30.0,MEDITERRANEAN,France,3464.0,2413053,POINT (3.035778 42.628667),True,3.035778,42.628667,train,2413053
44272,2020,10.0,-inf,MEDITERRANEAN,France,5237.0,2415821,POINT (6.899988 43.502812),True,6.899988,43.502812,train,2415821
44287,2021,4.0,50.0,MEDITERRANEAN,France,2474.0,2416732,POINT (2.953237 43.04438),True,2.953237,43.04438,train,2416732
44316,2021,5.0,4.0,MEDITERRANEAN,France,9890.0,2417058,POINT (4.05054 43.562374),True,4.05054,43.562374,train,2417058
44318,2020,6.0,400.0,MEDITERRANEAN,France,2025.0,2418185,POINT (2.789325 43.553649),True,2.789325,43.553649,train,2418185
44348,2021,4.0,250.0,MEDITERRANEAN,France,8887.0,2418861,POINT (3.295209 43.475547),True,3.295209,43.475547,train,2418861
44371,2018,0.0,10.0,MEDITERRANEAN,France,8287.0,2419609,POINT (7.058548 43.632234),True,7.058548,43.632234,train,2419609
44386,2021,5.0,16.0,MEDITERRANEAN,France,11141.0,2420166,POINT (6.456941 43.270724),True,6.456941,43.270724,train,2420166
44439,2017,0.0,3.0,MEDITERRANEAN,France,949.0,2420622,POINT (5.022321 43.340453),True,5.022321,43.340453,train,2420622
44442,2021,5.0,250.0,MEDITERRANEAN,France,7862.0,2421171,POINT (3.462035 43.747017),True,3.462035,43.747017,train,2421171
44452,2017,10.0,-inf,MEDITERRANEAN,France,6279.0,2421287,POINT (3.522168 43.318025),True,3.522168,43.318025,train,2421287
44453,2021,5.0,250.0,CONTINENTAL,France,5542.0,2421720,POINT (2.756465 43.5448),True,2.756465,43.5448,train,2421720
44461,2018,10.0,10.0,MEDITERRANEAN,France,6279.0,2422389,POINT (3.018387 42.831458),True,3.018387,42.831458,train,2422389
44462,2020,6.0,400.0,MEDITERRANEAN,France,9458.0,2422509,POINT (6.935922 43.52481),True,6.935922,43.52481,train,2422509
44497,2017,0.0,-inf,MEDITERRANEAN,France,4229.0,2423655,POINT (4.322893 43.457646),True,4.322893,43.457646,train,2423655
44502,2017,0.0,-inf,MEDITERRANEAN,France,7854.0,2423731,POINT (6.171441 43.033106),True,6.171441,43.033106,train,2423731
44526,2018,10.0,50.0,MEDITERRANEAN,France,2576.0,2424201,POINT (5.345459 43.222208),True,5.345459,43.222208,train,2424201
44541,2017,0.0,100.0,MEDITERRANEAN,France,3125.0,2425842,POINT (5.585376 43.169722),True,5.585376,43.169722,train,2425842
44553,2017,1.0,,MEDITERRANEAN,France,9458.0,2426121,POINT (2.68259 43.14445),True,2.68259,43.14445,train,2426121
44574,2018,10.0,10.0,MEDITERRANEAN,France,6279.0,2426316,POINT (3.018583 42.832672),True,3.018583,42.832672,train,2426316
44575,2019,1.0,,CONTINENTAL,France,8208.0,2427435,POINT (3.31713 44.38109),True,3.31713,44.38109,train,2427435
44593,2017,10.0,-inf,MEDITERRANEAN,France,8512.0,2427468,POINT (3.853354 44.073211),True,3.853354,44.073211,train,2427468
44615,2021,5.0,50.0,MEDITERRANEAN,France,6491.0,2429193,POINT (2.831888 43.011564),True,2.831888,43.011564,train,2429193
44639,2017,10.0,-inf,MEDITERRANEAN,France,7955.0,2429869,POINT (3.513717 43.322285),True,3.513717,43.322285,train,2429869
44641,2019,1.0,,ALPINE,France,8949.0,2431014,POINT (7.48334 44.10226),True,7.48334,44.10226,train,2431014
44650,2017,0.0,-inf,MEDITERRANEAN,France,1085.0,2431594,POINT (3.65433 44.199541),True,3.65433,44.199541,train,2431594
44668,2017,0.0,9.0,ALPINE,France,4842.0,2432128,POINT (2.012647 42.618538),True,2.012647,42.618538,train,2432128
44669,2019,10.0,150.0,MEDITERRANEAN,France,3476.0,2432463,POINT (5.62798 43.6669),True,5.62798,43.6669,train,2432463
44684,2017,0.0,-inf,MEDITERRANEAN,France,11157.0,2432703,POINT (3.77685 44.150189),True,3.77685,44.150189,train,2432703
44696,2017,1.0,,CONTINENTAL,France,1539.0,2432708,POINT (3.59859 44.63005),True,3.59859,44.63005,train,2432708
44705,2018,10.0,16.0,MEDITERRANEAN,France,1894.0,2434239,POINT (3.018084 42.798691),True,3.018084,42.798691,train,2434239
44713,2020,10.0,20.0,MEDITERRANEAN,France,3669.0,2436351,POINT (6.51032 43.1838),True,6.51032,43.1838,train,2436351
44731,2018,0.0,25.0,ALPINE,Spain,7986.0,2436654,POINT (2.151847 42.442206),True,2.151847,42.442206,train,2436654
44746,2020,4.0,50.0,MEDITERRANEAN,France,1416.0,2437967,POINT (6.766553 43.551805),True,6.766553,43.551805,train,2437967
44766,2018,10.0,20.0,MEDITERRANEAN,France,7748.0,2438041,POINT (5.673343 43.692852),True,5.673343,43.692852,train,2438041
44776,2017,10.0,4.0,MEDITERRANEAN,France,4349.0,2438255,POINT (7.129961 43.564932),True,7.129961,43.564932,train,2438255
44802,2021,10.0,-inf,MEDITERRANEAN,France,6880.0,2440036,POINT (6.33681 43.2114),True,6.33681,43.2114,train,2440036
44820,2020,10.0,50.0,MEDITERRANEAN,France,3837.0,2440450,POINT (3.850184 43.486385),True,3.850184,43.486385,train,2440450
44834,2017,0.0,-inf,MEDITERRANEAN,France,7113.0,2440473,POINT (3.828284 44.11524),True,3.828284,44.11524,train,2440473
44848,2020,10.0,-inf,MEDITERRANEAN,France,10340.0,2441473,POINT (6.48225 43.1675),True,6.48225,43.1675,train,2441473
44864,2017,0.0,-inf,MEDITERRANEAN,France,981.0,2441796,POINT (3.734685 44.223867),True,3.734685,44.223867,train,2441796
44888,2021,5.0,100.0,MEDITERRANEAN,France,6874.0,2441909,POINT (4.033694 43.811832),True,4.033694,43.811832,train,2441909
44899,2019,1.0,,MEDITERRANEAN,France,476.0,2442286,POINT (7.26222 43.86026),True,7.26222,43.86026,train,2442286
44924,2017,0.0,100.0,MEDITERRANEAN,France,2075.0,2442478,POINT (4.850659 43.367507),True,4.850659,43.367507,train,2442478
44929,2018,0.0,-inf,MEDITERRANEAN,France,114.0,2442586,POINT (4.452475 43.460828),True,4.452475,43.460828,train,2442586
44949,2017,10.0,-inf,MEDITERRANEAN,France,7955.0,2442640,POINT (3.516606 43.314678),True,3.516606,43.314678,train,2442640
44950,2020,12.0,50.0,MEDITERRANEAN,France,6548.0,2442985,POINT (3.190837 43.512285),True,3.190837,43.512285,train,2442985
44972,2021,10.0,1.0,MEDITERRANEAN,France,2369.0,2443595,POINT (5.16593 43.6847),True,5.16593,43.6847,train,2443595
44989,2020,10.0,30.0,MEDITERRANEAN,France,10914.0,2444067,POINT (6.5045 43.1836),True,6.5045,43.1836,train,2444067
45009,2018,10.0,20.0,MEDITERRANEAN,France,6840.0,2447697,POINT (6.618206 43.560332),True,6.618206,43.560332,train,2447697
45041,2019,10.0,-inf,MEDITERRANEAN,France,11125.0,2449186,POINT (3.044306 42.584111),True,3.044306,42.584111,train,2449186
45071,2018,10.0,16.0,MEDITERRANEAN,France,2243.0,2449209,POINT (3.048909 42.892714),True,3.048909,42.892714,train,2449209
45082,2017,0.0,10.0,MEDITERRANEAN,France,7748.0,2450245,POINT (5.021471 43.34153),True,5.021471,43.34153,train,2450245
45095,2017,0.0,20.0,MEDITERRANEAN,France,5982.0,2452158,POINT (6.096622 43.028301),True,6.096622,43.028301,train,2452158
45101,2017,0.0,16.0,ALPINE,France,8353.0,2452205,POINT (1.959245 42.576008),True,1.959245,42.576008,train,2452205
45103,2017,0.0,-inf,MEDITERRANEAN,France,11157.0,2454487,POINT (3.701213 44.184327),True,3.701213,44.184327,train,2454487
45119,2017,0.0,16.0,MEDITERRANEAN,France,4892.0,2457290,POINT (3.348399 43.275302),True,3.348399,43.275302,train,2457290
45146,2020,17.0,-inf,MEDITERRANEAN,France,3878.0,2457556,POINT (7.485921 43.82435),True,7.485921,43.82435,train,2457556
45152,2018,10.0,16.0,MEDITERRANEAN,France,10239.0,2459112,POINT (3.011491 42.804213),True,3.011491,42.804213,train,2459112
45161,2021,10.0,25.0,MEDITERRANEAN,France,4404.0,2460549,POINT (2.266222 43.187167),True,2.266222,43.187167,train,2460549
45163,2017,0.0,20.0,MEDITERRANEAN,France,7515.0,2461416,POINT (5.611001 43.236397),True,5.611001,43.236397,train,2461416
45172,2017,0.0,100.0,MEDITERRANEAN,France,10364.0,2461434,POINT (5.440818 43.237985),True,5.440818,43.237985,train,2461434
45191,2018,0.0,100.0,MEDITERRANEAN,France,2539.0,2461874,POINT (5.59533 43.659621),True,5.59533,43.659621,train,2461874
45204,2021,5.0,25.0,MEDITERRANEAN,France,2075.0,2462065,POINT (3.805526 43.460641),True,3.805526,43.460641,train,2462065
45205,2017,10.0,250.0,MEDITERRANEAN,France,1539.0,2462209,POINT (5.671035 43.319355),True,5.671035,43.319355,train,2462209
45211,2017,10.0,25.0,MEDITERRANEAN,France,2806.0,2462220,POINT (1.985056 42.854028),True,1.985056,42.854028,train,2462220
45247,2021,10.0,80.0,MEDITERRANEAN,France,6788.0,2462239,POINT (2.267167 42.872889),True,2.267167,42.872889,train,2462239
45259,2017,1.0,,ALPINE,France,5071.0,2462706,POINT (7.47682 44.03049),True,7.47682,44.03049,train,2462706
45279,2017,0.0,-inf,MEDITERRANEAN,France,10268.0,2463195,POINT (3.67485 44.176427),True,3.67485,44.176427,train,2463195
45286,2018,10.0,16.0,MEDITERRANEAN,France,5203.0,2464385,POINT (3.020227 42.851645),True,3.020227,42.851645,train,2464385
45292,2020,10.0,1.0,MEDITERRANEAN,France,4719.0,2465122,POINT (6.48212 43.1674),True,6.48212,43.1674,train,2465122
45306,2017,1.0,,MEDITERRANEAN,France,384.0,2468846,POINT (2.31461 42.87551),True,2.31461,42.87551,train,2468846
45348,2017,1.0,,MEDITERRANEAN,Spain,9647.0,2468882,POINT (2.50863 42.40841),True,2.50863,42.40841,train,2468882
45381,2020,10.0,50.0,MEDITERRANEAN,France,669.0,2468952,POINT (3.039794 42.815006),True,3.039794,42.815006,train,2468952
45392,2021,10.0,100.0,MEDITERRANEAN,France,1304.0,2469353,POINT (5.00745 43.3757),True,5.00745,43.3757,train,2469353
45410,2018,1.0,,MEDITERRANEAN,France,7536.0,2470019,POINT (2.09403 43.05489),True,2.09403,43.05489,train,2470019
45428,2017,10.0,100.0,MEDITERRANEAN,France,351.0,2470350,POINT (5.798412 43.741957),True,5.798412,43.741957,train,2470350
45481,2021,10.0,1.0,ALPINE,France,8307.0,2472496,POINT (2.091389 42.608306),True,2.091389,42.608306,train,2472496
45492,2018,10.0,16.0,MEDITERRANEAN,France,5829.0,2472957,POINT (3.014419 42.791166),True,3.014419,42.791166,train,2472957
45500,2019,1.0,,MEDITERRANEAN,France,5130.0,2476701,POINT (5.49418 43.38632),True,5.49418,43.38632,train,2476701
45515,2018,1.0,,ALPINE,France,5173.0,2476826,POINT (2.12002 42.65974),True,2.12002,42.65974,train,2476826
45531,2020,4.0,200.0,MEDITERRANEAN,France,9647.0,2477589,POINT (6.73062 43.583201),True,6.73062,43.583201,train,2477589
45577,2017,1.0,,MEDITERRANEAN,France,1736.0,2477766,POINT (5.77468 43.53966),True,5.77468,43.53966,train,2477766
45595,2017,0.0,-inf,MEDITERRANEAN,France,7113.0,2477882,POINT (3.773976 44.10804),True,3.773976,44.10804,train,2477882
45607,2020,4.0,400.0,MEDITERRANEAN,France,6384.0,2479514,POINT (3.625543 43.862387),True,3.625543,43.862387,train,2479514
45631,2021,10.0,50.0,ALPINE,France,4946.0,2480757,POINT (2.092083 42.609),True,2.092083,42.609,train,2480757
45658,2020,10.0,15.0,MEDITERRANEAN,France,1712.0,2482025,POINT (4.77778 44.2111),True,4.77778,44.2111,train,2482025
45667,2019,10.0,250.0,MEDITERRANEAN,France,53.0,2482160,POINT (7.05508 44.0775),True,7.05508,44.0775,train,2482160
45714,2018,0.0,100.0,MEDITERRANEAN,France,3747.0,2482732,POINT (6.015518 43.113572),True,6.015518,43.113572,train,2482732
45744,2017,0.0,-inf,MEDITERRANEAN,France,10600.0,2483358,POINT (3.680085 44.105909),True,3.680085,44.105909,train,2483358
45763,2018,10.0,10.0,ALPINE,France,6331.0,2483693,POINT (1.975028 42.864667),True,1.975028,42.864667,train,2483693
45768,2019,10.0,-inf,MEDITERRANEAN,France,3501.0,2484932,POINT (6.548609 43.211828),True,6.548609,43.211828,train,2484932
45782,2021,4.0,100.0,MEDITERRANEAN,France,10895.0,2485990,POINT (3.180294 43.193421),True,3.180294,43.193421,train,2485990
45839,2017,1.0,,CONTINENTAL,France,10145.0,2486226,POINT (3.54783 44.61263),True,3.54783,44.61263,train,2486226
45852,2020,10.0,4.0,MEDITERRANEAN,France,5116.0,2488056,POINT (5.0872 44.17855),True,5.0872,44.17855,train,2488056
45868,2017,0.0,-inf,MEDITERRANEAN,France,5412.0,2488206,POINT (3.828002 44.103586),True,3.828002,44.103586,train,2488206
45899,2017,0.0,200.0,MEDITERRANEAN,France,10684.0,2488791,POINT (5.652678 43.63139),True,5.652678,43.63139,train,2488791
45904,2019,1.0,,MEDITERRANEAN,France,8089.0,2492154,POINT (7.20473 44.06102),True,7.20473,44.06102,train,2492154
45942,2018,0.0,50.0,MEDITERRANEAN,France,9688.0,2492944,POINT (5.431522 43.212204),True,5.431522,43.212204,train,2492944
45955,2020,10.0,40.0,MEDITERRANEAN,France,1531.0,2493105,POINT (3.528842 43.292458),True,3.528842,43.292458,train,2493105
46013,2019,0.0,50.0,MEDITERRANEAN,France,3177.0,2495343,POINT (3.372093 43.765238),True,3.372093,43.765238,train,2495343
46031,2021,5.0,-inf,MEDITERRANEAN,France,8632.0,2496311,POINT (6.75013 43.782426),True,6.75013,43.782426,train,2496311
46083,2017,0.0,3.0,MEDITERRANEAN,France,1534.0,2496999,POINT (4.676429 43.495949),True,4.676429,43.495949,train,2496999
46097,2018,0.0,-inf,MEDITERRANEAN,France,405.0,2497317,POINT (4.442521 43.456012),True,4.442521,43.456012,train,2497317
46114,2019,10.0,-inf,MEDITERRANEAN,France,6915.0,2497780,POINT (3.117857 43.265681),True,3.117857,43.265681,train,2497780
46132,2017,1.0,,CONTINENTAL,France,1539.0,2498930,POINT (3.7223 44.53861),True,3.7223,44.53861,train,2498930
46137,2021,5.0,25.0,MEDITERRANEAN,France,876.0,2499911,POINT (5.123467 44.136758),True,5.123467,44.136758,train,2499911
46151,2017,10.0,2.0,ALPINE,France,9816.0,2500178,POINT (1.957972 42.743639),True,1.957972,42.743639,train,2500178
46158,2021,5.0,200.0,MEDITERRANEAN,France,2474.0,2500396,POINT (3.216917 43.462713),True,3.216917,43.462713,train,2500396
46201,2020,10.0,-inf,MEDITERRANEAN,France,10364.0,2500894,POINT (4.94539 44.2464),True,4.94539,44.2464,train,2500894
46221,2021,5.0,-inf,MEDITERRANEAN,France,3979.0,2501005,POINT (7.194348 43.745814),True,7.194348,43.745814,train,2501005
46240,2018,10.0,-inf,MEDITERRANEAN,France,9458.0,2501107,POINT (7.463586 43.893372),True,7.463586,43.893372,train,2501107
46277,2021,5.0,16.0,MEDITERRANEAN,France,7529.0,2501357,POINT (7.098092 43.782157),True,7.098092,43.782157,train,2501357
46298,2017,0.0,12.0,MEDITERRANEAN,France,8421.0,2501875,POINT (5.706094 43.548804),True,5.706094,43.548804,train,2501875
46322,2018,1.0,,MEDITERRANEAN,France,8508.0,2502037,POINT (2.58367 42.96505),True,2.58367,42.96505,train,2502037
46353,2021,5.0,250.0,MEDITERRANEAN,France,8770.0,2502511,POINT (3.762781 43.879914),True,3.762781,43.879914,train,2502511
46372,2017,1.0,,MEDITERRANEAN,France,2036.0,2504399,POINT (6.89444 43.93036),True,6.89444,43.93036,train,2504399
46389,2017,10.0,15.0,MEDITERRANEAN,France,9246.0,2504818,POINT (5.159336 44.129858),True,5.159336,44.129858,train,2504818
46397,2018,1.0,,MEDITERRANEAN,France,305.0,2504886,POINT (3.73404 43.99887),True,3.73404,43.99887,train,2504886
46422,2019,10.0,-inf,MEDITERRANEAN,France,5656.0,2505467,POINT (6.9505 44.196061),True,6.9505,44.196061,train,2505467
46462,2020,5.0,16.0,MEDITERRANEAN,France,10082.0,2505838,POINT (3.040843 42.589662),True,3.040843,42.589662,train,2505838
46483,2021,6.0,20.0,MEDITERRANEAN,France,1519.0,2506465,POINT (6.744531 43.476162),True,6.744531,43.476162,train,2506465
46500,2017,0.0,5.0,MEDITERRANEAN,France,9555.0,2508493,POINT (5.568358 43.181306),True,5.568358,43.181306,train,2508493
46523,2017,0.0,-inf,MEDITERRANEAN,France,5071.0,2509214,POINT (3.756276 44.195537),True,3.756276,44.195537,train,2509214
46540,2017,0.0,16.0,MEDITERRANEAN,France,4567.0,2509255,POINT (4.548998 43.455145),True,4.548998,43.455145,train,2509255
46554,2021,5.0,250.0,MEDITERRANEAN,France,146.0,2511074,POINT (3.661457 43.660556),True,3.661457,43.660556,train,2511074
46572,2020,10.0,-inf,MEDITERRANEAN,France,5980.0,2511284,POINT (3.221321 43.201511),True,3.221321,43.201511,train,2511284
46586,2020,10.0,-inf,MEDITERRANEAN,France,1160.0,2512928,POINT (6.49422 43.1761),True,6.49422,43.1761,train,2512928
46602,2021,10.0,20.0,MEDITERRANEAN,France,6152.0,2513160,POINT (6.14868 43.0268),True,6.14868,43.0268,train,2513160
46611,2017,0.0,16.0,MEDITERRANEAN,France,6141.0,2514321,POINT (5.706104 43.551388),True,5.706104,43.551388,train,2514321
46645,2017,10.0,-inf,MEDITERRANEAN,France,7955.0,2515530,POINT (3.514981 43.325877),True,3.514981,43.325877,train,2515530
46646,2021,5.0,-inf,MEDITERRANEAN,France,3251.0,2515671,POINT (7.034166 43.667007),True,7.034166,43.667007,train,2515671
46676,2020,4.0,400.0,MEDITERRANEAN,France,8208.0,2517603,POINT (2.998771 43.605415),True,2.998771,43.605415,train,2517603
46689,2021,5.0,10.0,MEDITERRANEAN,France,9376.0,2518485,POINT (5.114173 44.133279),True,5.114173,44.133279,train,2518485
46707,2018,1.0,,MEDITERRANEAN,France,5412.0,2519404,POINT (3.48862 44.18158),True,3.48862,44.18158,train,2519404
46749,2020,10.0,10.0,MEDITERRANEAN,France,6560.0,2520825,POINT (4.75782 44.2061),True,4.75782,44.2061,train,2520825
46772,2020,10.0,50.0,MEDITERRANEAN,France,2932.0,2522935,POINT (6.49773 43.1584),True,6.49773,43.1584,train,2522935
46786,2018,1.0,,MEDITERRANEAN,France,2783.0,2523410,POINT (3.32986 43.67965),True,3.32986,43.67965,train,2523410
46804,2017,10.0,-inf,MEDITERRANEAN,France,6279.0,2526322,POINT (3.519749 43.317524),True,3.519749,43.317524,train,2526322
46805,2021,4.0,50.0,MEDITERRANEAN,France,3935.0,2527915,POINT (7.136272 43.733972),True,7.136272,43.733972,train,2527915
46833,2021,5.0,250.0,MEDITERRANEAN,France,4003.0,2529284,POINT (3.905989 43.985476),True,3.905989,43.985476,train,2529284
46850,2018,0.0,100.0,MEDITERRANEAN,France,4431.0,2531038,POINT (5.485559 43.280208),True,5.485559,43.280208,train,2531038
46863,2021,6.0,20.0,MEDITERRANEAN,France,3330.0,2534594,POINT (7.009803 43.702981),True,7.009803,43.702981,train,2534594
46880,2018,1.0,,MEDITERRANEAN,France,2421.0,2534878,POINT (4.7457 43.76533),True,4.7457,43.76533,train,2534878
46893,2017,10.0,16.0,MEDITERRANEAN,France,3837.0,2534926,POINT (3.347383 43.272166),True,3.347383,43.272166,train,2534926
46922,2019,1.0,,CONTINENTAL,France,7942.0,2536711,POINT (3.8983 44.53625),True,3.8983,44.53625,train,2536711
46950,2020,3.0,25.0,MEDITERRANEAN,France,2075.0,2537925,POINT (3.770817 43.458229),True,3.770817,43.458229,train,2537925
46951,2020,4.0,-inf,MEDITERRANEAN,France,1103.0,2538694,POINT (6.750954 43.58022),True,6.750954,43.58022,train,2538694
47023,2021,5.0,16.0,MEDITERRANEAN,France,6410.0,2539711,POINT (4.022172 43.555138),True,4.022172,43.555138,train,2539711
47032,2018,1.0,,MEDITERRANEAN,France,661.0,2540179,POINT (2.8581 43.55711),True,2.8581,43.55711,train,2540179
47047,2019,1.0,,MEDITERRANEAN,France,6039.0,2540207,POINT (6.47854 43.35296),True,6.47854,43.35296,train,2540207
47058,2017,0.0,16.0,MEDITERRANEAN,France,8924.0,2541256,POINT (4.85323 43.368066),True,4.85323,43.368066,train,2541256
47064,2021,5.0,250.0,MEDITERRANEAN,France,1254.0,2542307,POINT (3.96269 43.982098),True,3.96269,43.982098,train,2542307
47081,2018,1.0,,MEDITERRANEAN,France,5474.0,2543390,POINT (6.49143 43.1905),True,6.49143,43.1905,train,2543390
47100,2020,10.0,50.0,MEDITERRANEAN,France,3837.0,2543620,POINT (3.215987 43.197665),True,3.215987,43.197665,train,2543620
47110,2021,5.0,100.0,MEDITERRANEAN,France,6874.0,2543951,POINT (3.103185 43.182758),True,3.103185,43.182758,train,2543951
47128,2019,10.0,10.0,MEDITERRANEAN,France,876.0,2544555,POINT (7.33308 43.721),True,7.33308,43.721,train,2544555
47144,2020,10.0,-inf,MEDITERRANEAN,France,8921.0,2544717,POINT (6.48433 43.1559),True,6.48433,43.1559,train,2544717
47162,2017,10.0,-inf,MEDITERRANEAN,France,7955.0,2545390,POINT (3.512525 43.326788),True,3.512525,43.326788,train,2545390
47163,2020,4.0,50.0,MEDITERRANEAN,France,2386.0,2547099,POINT (5.995483 43.249841),True,5.995483,43.249841,train,2547099
47190,2017,1.0,,MEDITERRANEAN,France,2386.0,2547354,POINT (2.68152 42.96478),True,2.68152,42.96478,train,2547354
47219,2017,0.0,-inf,MEDITERRANEAN,France,1611.0,2548777,POINT (4.456485 43.586981),True,4.456485,43.586981,train,2548777
47223,2020,4.0,50.0,MEDITERRANEAN,France,1195.0,2549462,POINT (2.957941 43.053014),True,2.957941,43.053014,train,2549462
47239,2018,10.0,-inf,MEDITERRANEAN,France,2031.0,2549548,POINT (6.364951 43.10352),True,6.364951,43.10352,train,2549548
47249,2021,5.0,250.0,MEDITERRANEAN,France,10728.0,2551738,POINT (3.280833 43.567579),True,3.280833,43.567579,train,2551738
47281,2018,1.0,,MEDITERRANEAN,France,10909.0,2554634,POINT (5.9865 43.37077),True,5.9865,43.37077,train,2554634
47299,2020,10.0,50.0,MEDITERRANEAN,France,3998.0,2554915,POINT (5.24414 44.17263),True,5.24414,44.17263,train,2554915
47329,2017,10.0,300.0,MEDITERRANEAN,France,340.0,2556225,POINT (6.866937 43.451549),True,6.866937,43.451549,train,2556225
47352,2021,5.0,16.0,MEDITERRANEAN,France,3109.0,2559541,POINT (3.81913 43.611201),True,3.81913,43.611201,train,2559541
47367,2020,10.0,-inf,MEDITERRANEAN,France,5249.0,2559594,POINT (7.118395 43.817844),True,7.118395,43.817844,train,2559594
47383,2019,1.0,,MEDITERRANEAN,France,6226.0,2560991,POINT (6.13177 43.32976),True,6.13177,43.32976,train,2560991
47400,2017,0.0,50.0,MEDITERRANEAN,France,2683.0,2561430,POINT (4.811653 43.3756),True,4.811653,43.3756,train,2561430
47401,2020,6.0,16.0,MEDITERRANEAN,France,4755.0,2564322,POINT (5.930238 43.27502),True,5.930238,43.27502,train,2564322
47425,2021,10.0,200.0,MEDITERRANEAN,France,3251.0,2564401,POINT (5.72142 43.54823),True,5.72142,43.54823,train,2564401
47449,2020,3.0,16.0,MEDITERRANEAN,France,9820.0,2565546,POINT (3.837784 43.478),True,3.837784,43.478,train,2565546
47462,2018,1.0,,MEDITERRANEAN,France,11193.0,2566537,POINT (7.18629 43.84567),True,7.18629,43.84567,train,2566537
47532,2017,0.0,-inf,MEDITERRANEAN,France,2764.0,2571011,POINT (3.679092 44.167121),True,3.679092,44.167121,train,2571011
47561,2019,10.0,100.0,MEDITERRANEAN,France,6339.0,2572066,POINT (5.362059 43.208662),True,5.362059,43.208662,train,2572066
47577,2020,4.0,200.0,MEDITERRANEAN,France,2474.0,2572249,POINT (7.075637 43.779203),True,7.075637,43.779203,train,2572249
47618,2020,10.0,2.0,MEDITERRANEAN,France,216.0,2572669,POINT (6.48464 43.1686),True,6.48464,43.1686,train,2572669
47625,2018,10.0,3.0,ALPINE,France,7999.0,2573714,POINT (1.973333 42.751806),True,1.973333,42.751806,train,2573714
47654,2020,6.0,400.0,CONTINENTAL,France,5398.0,2577574,POINT (2.890927 43.602145),True,2.890927,43.602145,train,2577574
47674,2018,0.0,-inf,MEDITERRANEAN,France,8027.0,2577893,POINT (4.454204 43.494036),True,4.454204,43.494036,train,2577893
47675,2020,10.0,30.0,MEDITERRANEAN,France,10347.0,2580014,POINT (3.117284 43.104308),True,3.117284,43.104308,train,2580014
47684,2018,1.0,,MEDITERRANEAN,France,476.0,2581761,POINT (6.89477 43.6242),True,6.89477,43.6242,train,2581761
47703,2019,10.0,100.0,MEDITERRANEAN,France,2847.0,2585183,POINT (4.72183 43.53094),True,4.72183,43.53094,train,2585183
47713,2018,10.0,50.0,MEDITERRANEAN,France,9458.0,2586376,POINT (5.588465 43.170593),True,5.588465,43.170593,train,2586376
47738,2018,0.0,20.0,MEDITERRANEAN,France,10051.0,2587004,POINT (6.019252 43.115907),True,6.019252,43.115907,train,2587004
47761,2021,5.0,250.0,MEDITERRANEAN,France,963.0,2587515,POINT (3.483115 44.102151),True,3.483115,44.102151,train,2587515
47770,2018,0.0,25.0,MEDITERRANEAN,France,3729.0,2587698,POINT (3.64432 43.574184),True,3.64432,43.574184,train,2587698
47775,2019,10.0,20.0,MEDITERRANEAN,France,2370.0,2587945,POINT (7.07664 43.7647),True,7.07664,43.7647,train,2587945
47808,2021,5.0,25.0,MEDITERRANEAN,France,857.0,2588149,POINT (3.779971 43.462512),True,3.779971,43.462512,train,2588149
47810,2017,0.0,100.0,MEDITERRANEAN,France,1187.0,2588594,POINT (4.846573 43.380112),True,4.846573,43.380112,train,2588594
47814,2021,4.0,250.0,MEDITERRANEAN,France,1986.0,2589168,POINT (3.430699 43.863335),True,3.430699,43.863335,train,2589168
47827,2018,0.0,25.0,MEDITERRANEAN,France,3327.0,2589461,POINT (3.697739 43.772098),True,3.697739,43.772098,train,2589461
47830,2018,10.0,12.0,ALPINE,France,167.0,2592289,POINT (1.952279 42.529683),True,1.952279,42.529683,train,2592289
47855,2020,10.0,200.0,MEDITERRANEAN,France,11140.0,2593227,POINT (6.02196 43.121),True,6.02196,43.121,train,2593227
47871,2017,10.0,-inf,MEDITERRANEAN,France,7955.0,2593302,POINT (3.516495 43.318817),True,3.516495,43.318817,train,2593302
47872,2019,10.0,250.0,ALPINE,Spain,1292.0,2594260,POINT (2.116619 42.439466),True,2.116619,42.439466,train,2594260
47904,2017,0.0,100.0,MEDITERRANEAN,France,9572.0,2594712,POINT (6.097635 43.031863),True,6.097635,43.031863,train,2594712
47916,2020,4.0,400.0,MEDITERRANEAN,France,8926.0,2597120,POINT (3.0431 42.583561),True,3.0431,42.583561,train,2597120
47933,2021,5.0,100.0,MEDITERRANEAN,France,3610.0,2597793,POINT (6.738438 43.818516),True,6.738438,43.818516,train,2597793
47961,2018,1.0,,CONTINENTAL,France,8428.0,2598018,POINT (3.09653 44.76058),True,3.09653,44.76058,train,2598018
47986,2021,10.0,25.0,MEDITERRANEAN,France,3958.0,2600456,POINT (2.276694 43.176917),True,2.276694,43.176917,train,2600456
47991,2018,0.0,15.0,MEDITERRANEAN,France,3327.0,2603327,POINT (3.645837 43.619947),True,3.645837,43.619947,train,2603327
47995,2017,10.0,30.0,MEDITERRANEAN,France,4190.0,2603586,POINT (6.590215 43.493227),True,6.590215,43.493227,train,2603586
48025,2021,10.0,200.0,MEDITERRANEAN,France,11157.0,2605895,POINT (5.77801 43.71678),True,5.77801,43.71678,train,2605895
48046,2019,1.0,,MEDITERRANEAN,France,9513.0,2606522,POINT (5.6833 43.66847),True,5.6833,43.66847,train,2606522
48072,2021,7.0,-inf,CONTINENTAL,France,8782.0,2607084,POINT (3.176294 44.40021),True,3.176294,44.40021,train,2607084
48090,2018,10.0,60.0,MEDITERRANEAN,France,9458.0,2608049,POINT (6.303916 43.146109),True,6.303916,43.146109,train,2608049
48105,2017,10.0,-inf,MEDITERRANEAN,France,6279.0,2608248,POINT (3.521066 43.316069),True,3.521066,43.316069,train,2608248
48106,2020,10.0,25.0,MEDITERRANEAN,France,8737.0,2609303,POINT (5.65783 43.6868),True,5.65783,43.6868,train,2609303
48113,2019,10.0,200.0,MEDITERRANEAN,France,7868.0,2610125,POINT (6.034394 43.082764),True,6.034394,43.082764,train,2610125
48131,2018,1.0,,MEDITERRANEAN,France,11193.0,2613053,POINT (2.97665 43.10717),True,2.97665,43.10717,train,2613053
48151,2017,10.0,100.0,MEDITERRANEAN,France,6264.0,2613432,POINT (5.801665 43.743206),True,5.801665,43.743206,train,2613432
48217,2020,4.0,16.0,MEDITERRANEAN,France,10281.0,2613573,POINT (6.476431 43.270687),True,6.476431,43.270687,train,2613573
48233,2017,0.0,-inf,MEDITERRANEAN,France,11157.0,2616671,POINT (3.845225 44.148829),True,3.845225,44.148829,train,2616671
48245,2019,0.0,100.0,MEDITERRANEAN,France,3642.0,2619482,POINT (6.603182 43.178918),True,6.603182,43.178918,train,2619482
48265,2021,5.0,25.0,MEDITERRANEAN,France,2676.0,2620506,POINT (3.943098 44.359336),True,3.943098,44.359336,train,2620506
48291,2021,10.0,25.0,ALPINE,France,4492.0,2620670,POINT (2.01498 42.5696),True,2.01498,42.5696,train,2620670
48292,2017,0.0,100.0,MEDITERRANEAN,France,2949.0,2621339,POINT (5.353119 43.210577),True,5.353119,43.210577,train,2621339
48301,2020,10.0,100.0,MEDITERRANEAN,France,2255.0,2621987,POINT (6.50444 43.18303),True,6.50444,43.18303,train,2621987
48323,2019,0.0,50.0,MEDITERRANEAN,France,1716.0,2622456,POINT (3.481086 43.931838),True,3.481086,43.931838,train,2622456
48340,2018,0.0,5.0,MEDITERRANEAN,France,4892.0,2622563,POINT (5.533934 43.380574),True,5.533934,43.380574,train,2622563
48349,2017,0.0,100.0,MEDITERRANEAN,France,3837.0,2623060,POINT (4.552351 43.453532),True,4.552351,43.453532,train,2623060
48350,2017,0.0,40.0,MEDITERRANEAN,France,1160.0,2624201,POINT (5.22058 43.329193),True,5.22058,43.329193,train,2624201
48362,2020,3.0,25.0,MEDITERRANEAN,France,1069.0,2624670,POINT (3.782887 43.462295),True,3.782887,43.462295,train,2624670
48363,2021,0.0,8.0,ALPINE,France,462.0,2624856,POINT (7.473997 44.082511),True,7.473997,44.082511,train,2624856
48375,2018,10.0,16.0,MEDITERRANEAN,France,10289.0,2625416,POINT (3.036116 42.755077),True,3.036116,42.755077,train,2625416
48385,2018,1.0,,MEDITERRANEAN,France,1473.0,2627849,POINT (6.16956 43.52636),True,6.16956,43.52636,train,2627849
48395,2020,4.0,200.0,MEDITERRANEAN,France,2747.0,2629928,POINT (5.946428 43.266216),True,5.946428,43.266216,train,2629928
48436,2021,5.0,25.0,MEDITERRANEAN,France,7330.0,2630456,POINT (5.271161 44.174379),True,5.271161,44.174379,train,2630456
48453,2019,1.0,,CONTINENTAL,France,8180.0,2630813,POINT (3.82573 44.6452),True,3.82573,44.6452,train,2630813
48465,2017,0.0,-inf,MEDITERRANEAN,France,2488.0,2631615,POINT (3.673544 44.121034),True,3.673544,44.121034,train,2631615
48479,2017,1.0,,MEDITERRANEAN,France,1539.0,2634881,POINT (7.06678 43.90498),True,7.06678,43.90498,train,2634881
48498,2020,10.0,50.0,MEDITERRANEAN,France,2926.0,2636365,POINT (3.5726 43.33225),True,3.5726,43.33225,train,2636365
48503,2021,6.0,-inf,MEDITERRANEAN,France,4617.0,2637904,POINT (6.859386 43.585567),True,6.859386,43.585567,train,2637904
48512,2018,0.0,100.0,MEDITERRANEAN,France,10073.0,2638111,POINT (5.382178 43.209966),True,5.382178,43.209966,train,2638111
48521,2017,10.0,-inf,MEDITERRANEAN,France,7955.0,2639085,POINT (3.518613 43.318663),True,3.518613,43.318663,train,2639085
48523,2019,10.0,120.0,MEDITERRANEAN,France,5483.0,2640502,POINT (5.62198 43.6655),True,5.62198,43.6655,train,2640502
48546,2020,3.0,-inf,MEDITERRANEAN,France,5076.0,2642381,POINT (7.10069 43.639178),True,7.10069,43.639178,train,2642381
48580,2017,10.0,-inf,MEDITERRANEAN,France,7955.0,2643932,POINT (3.524822 43.32403),True,3.524822,43.32403,train,2643932
48581,2017,1.0,,CONTINENTAL,France,53.0,2644159,POINT (3.50083 44.77504),True,3.50083,44.77504,train,2644159
48591,2017,0.0,-inf,MEDITERRANEAN,France,661.0,2644617,POINT (3.764834 44.105467),True,3.764834,44.105467,train,2644617
48614,2017,0.0,-inf,MEDITERRANEAN,France,10255.0,2646682,POINT (3.730776 44.168193),True,3.730776,44.168193,train,2646682
48624,2021,5.0,-inf,MEDITERRANEAN,France,8208.0,2646773,POINT (7.101885 43.670603),True,7.101885,43.670603,train,2646773
48669,2019,0.0,50.0,MEDITERRANEAN,France,3177.0,2648773,POINT (3.393846 43.855287),True,3.393846,43.855287,train,2648773
48687,2018,10.0,30.0,ALPINE,France,3161.0,2649316,POINT (1.978083 42.865222),True,1.978083,42.865222,train,2649316
48727,2018,10.0,16.0,MEDITERRANEAN,France,1587.0,2649855,POINT (3.031266 42.744811),True,3.031266,42.744811,train,2649855
48734,2021,5.0,250.0,MEDITERRANEAN,France,10073.0,2652463,POINT (3.592103 43.936958),True,3.592103,43.936958,train,2652463
48760,2021,4.0,250.0,MEDITERRANEAN,France,11193.0,2652722,POINT (4.016484 43.82389),True,4.016484,43.82389,train,2652722
48778,2017,10.0,16.0,MEDITERRANEAN,France,7748.0,2652832,POINT (3.348509 43.275284),True,3.348509,43.275284,train,2652832
48806,2021,5.0,50.0,MEDITERRANEAN,France,10684.0,2654225,POINT (2.83304 43.033887),True,2.83304,43.033887,train,2654225
48825,2017,0.0,4.0,MEDITERRANEAN,France,5016.0,2654446,POINT (4.546927 43.455283),True,4.546927,43.455283,train,2654446
48832,2017,0.0,-inf,MEDITERRANEAN,France,7113.0,2655986,POINT (3.809354 44.078244),True,3.809354,44.078244,train,2655986
48862,2021,10.0,200.0,MEDITERRANEAN,France,476.0,2656412,POINT (5.03947 43.4617),True,5.03947,43.4617,train,2656412
48874,2017,10.0,30.0,ALPINE,France,5749.0,2656430,POINT (1.976583 42.811417),True,1.976583,42.811417,train,2656430
48898,2020,10.0,50.0,MEDITERRANEAN,France,4349.0,2656547,POINT (6.31928 43.3419),True,6.31928,43.3419,train,2656547
48914,2018,0.0,-inf,MEDITERRANEAN,France,1069.0,2656665,POINT (4.404446 43.536184),True,4.404446,43.536184,train,2656665
48920,2020,10.0,300.0,MEDITERRANEAN,France,8482.0,2657489,POINT (6.01711 43.1146),True,6.01711,43.1146,train,2657489
48957,2019,0.0,50.0,MEDITERRANEAN,France,146.0,2658021,POINT (3.816161 43.719621),True,3.816161,43.719621,train,2658021
48969,2021,4.0,250.0,MEDITERRANEAN,France,1276.0,2659440,POINT (3.98384 43.970778),True,3.98384,43.970778,train,2659440
48984,2017,10.0,-inf,CONTINENTAL,France,9647.0,2660404,POINT (2.433333 43.416667),True,2.433333,43.416667,train,2660404
48990,2021,4.0,250.0,MEDITERRANEAN,France,3251.0,2661529,POINT (4.536541 43.938664),True,4.536541,43.938664,train,2661529
49009,2019,10.0,250.0,MEDITERRANEAN,France,1497.0,2662562,POINT (7.09028 43.8582),True,7.09028,43.8582,train,2662562
49069,2019,0.0,50.0,MEDITERRANEAN,France,3309.0,2664311,POINT (3.467216 43.763315),True,3.467216,43.763315,train,2664311
49092,2017,0.0,-inf,MEDITERRANEAN,France,5071.0,2666640,POINT (3.684086 44.117657),True,3.684086,44.117657,train,2666640
49105,2018,0.0,-inf,MEDITERRANEAN,France,249.0,2666798,POINT (7.084395 43.609551),True,7.084395,43.609551,train,2666798
49232,2017,10.0,20.0,MEDITERRANEAN,France,6141.0,2669241,POINT (5.13243 43.397617),True,5.13243,43.397617,train,2669241
49251,2017,0.0,-inf,MEDITERRANEAN,France,8154.0,2669245,POINT (4.787304 43.397511),True,4.787304,43.397511,train,2669245
49263,2017,10.0,-inf,MEDITERRANEAN,France,7955.0,2672710,POINT (3.5202 43.317009),True,3.5202,43.317009,train,2672710
49265,2019,1.0,,MEDITERRANEAN,France,10073.0,2672913,POINT (3.80457 43.83609),True,3.80457,43.83609,train,2672913
49284,2017,0.0,-inf,MEDITERRANEAN,France,6205.0,2673466,POINT (3.785466 44.199221),True,3.785466,44.199221,train,2673466
49314,2021,5.0,100.0,MEDITERRANEAN,France,9458.0,2674946,POINT (3.099567 43.134411),True,3.099567,43.134411,train,2674946
49334,2017,10.0,-inf,MEDITERRANEAN,France,7955.0,2676010,POINT (3.512533 43.327688),True,3.512533,43.327688,train,2676010
49336,2020,10.0,400.0,MEDITERRANEAN,France,3019.0,2676245,POINT (6.49979 43.1558),True,6.49979,43.1558,train,2676245
49375,2017,10.0,-inf,MEDITERRANEAN,France,7955.0,2676247,POINT (3.522391 43.327641),True,3.522391,43.327641,train,2676247
49377,2018,10.0,-inf,MEDITERRANEAN,France,5130.0,2676681,POINT (6.900338 43.512497),True,6.900338,43.512497,train,2676681
49410,2021,5.0,4.0,MEDITERRANEAN,France,6267.0,2678321,POINT (2.760246 42.985145),True,2.760246,42.985145,train,2678321
49413,2020,10.0,5.0,MEDITERRANEAN,France,305.0,2678435,POINT (2.288444 43.154),True,2.288444,43.154,train,2678435
49419,2017,0.0,-inf,MEDITERRANEAN,France,4498.0,2678686,POINT (3.727145 44.19126),True,3.727145,44.19126,train,2678686
49435,2017,10.0,10.0,MEDITERRANEAN,France,10788.0,2679248,POINT (4.676929 43.49532),True,4.676929,43.49532,train,2679248
49440,2019,1.0,,MEDITERRANEAN,France,2474.0,2679631,POINT (4.23328 44.02729),True,4.23328,44.02729,train,2679631
49453,2017,0.0,6.0,MEDITERRANEAN,France,4349.0,2679981,POINT (5.38819 43.277977),True,5.38819,43.277977,train,2679981
49469,2021,4.0,250.0,MEDITERRANEAN,France,4326.0,2682246,POINT (3.353151 43.58415),True,3.353151,43.58415,train,2682246
49485,2018,0.0,-inf,MEDITERRANEAN,France,1051.0,2682519,POINT (4.461709 43.522802),True,4.461709,43.522802,train,2682519
49527,2018,10.0,100.0,ALPINE,France,3958.0,2683045,POINT (1.983333 42.75),True,1.983333,42.75,train,2683045
49556,2019,1.0,,MEDITERRANEAN,France,7706.0,2683072,POINT (5.68858 43.75828),True,5.68858,43.75828,train,2683072
49576,2021,4.0,200.0,MEDITERRANEAN,France,3020.0,2683202,POINT (3.726205 43.666936),True,3.726205,43.666936,train,2683202
49635,2017,10.0,16.0,MEDITERRANEAN,France,11222.0,2684599,POINT (3.350565 43.273154),True,3.350565,43.273154,train,2684599
49648,2017,0.0,20.0,MEDITERRANEAN,France,6152.0,2686676,POINT (6.097439 43.031653),True,6.097439,43.031653,train,2686676
49660,2020,4.0,16.0,MEDITERRANEAN,France,6759.0,2687069,POINT (2.788471 42.993443),True,2.788471,42.993443,train,2687069
49688,2020,10.0,-inf,MEDITERRANEAN,France,11193.0,2687195,POINT (6.50791 43.1594),True,6.50791,43.1594,train,2687195
49698,2017,10.0,100.0,MEDITERRANEAN,France,4326.0,2687467,POINT (5.67117 43.319351),True,5.67117,43.319351,train,2687467
49706,2019,0.0,100.0,MEDITERRANEAN,France,11157.0,2689479,POINT (6.613605 43.168124),True,6.613605,43.168124,train,2689479
49720,2018,1.0,,CONTINENTAL,France,2025.0,2689556,POINT (3.51849 44.41508),True,3.51849,44.41508,train,2689556
49748,2017,1.0,,MEDITERRANEAN,France,9190.0,2690231,POINT (2.21661 43.01917),True,2.21661,43.01917,train,2690231
49789,2019,1.0,,MEDITERRANEAN,France,3935.0,2692516,POINT (6.89764 43.6601),True,6.89764,43.6601,train,2692516
49807,2021,5.0,250.0,MEDITERRANEAN,France,7565.0,2692718,POINT (3.201603 43.622912),True,3.201603,43.622912,train,2692718
49827,2017,10.0,-inf,MEDITERRANEAN,France,7955.0,2692813,POINT (3.522325 43.320444),True,3.522325,43.320444,train,2692813
49829,2017,0.0,16.0,MEDITERRANEAN,France,1734.0,2693307,POINT (3.348665 43.272522),True,3.348665,43.272522,train,2693307
49840,2021,5.0,30.0,MEDITERRANEAN,France,8076.0,2693346,POINT (6.238627 43.345679),True,6.238627,43.345679,train,2693346
49858,2017,0.0,-inf,MEDITERRANEAN,France,8792.0,2694623,POINT (3.724669 44.152149),True,3.724669,44.152149,train,2694623
49873,2017,0.0,-inf,MEDITERRANEAN,France,7968.0,2695390,POINT (4.322098 43.45905),True,4.322098,43.45905,train,2695390
49886,2020,10.0,300.0,MEDITERRANEAN,France,476.0,2695630,POINT (6.1098 43.1017),True,6.1098,43.1017,train,2695630
49930,2018,0.0,20.0,MEDITERRANEAN,France,10950.0,2699486,POINT (6.117825 43.082126),True,6.117825,43.082126,train,2699486
49956,2019,1.0,,MEDITERRANEAN,France,10909.0,2700224,POINT (5.56703 43.36618),True,5.56703,43.36618,train,2700224
49995,2020,10.0,200.0,MEDITERRANEAN,France,3438.0,2707124,POINT (6.62975 43.4652),True,6.62975,43.4652,train,2707124
50028,2020,6.0,200.0,MEDITERRANEAN,France,9261.0,2707615,POINT (7.110672 43.774227),True,7.110672,43.774227,train,2707615
50064,2020,4.0,50.0,MEDITERRANEAN,France,10305.0,2708425,POINT (6.007623 43.236145),True,6.007623,43.236145,train,2708425
50088,2019,0.0,50.0,MEDITERRANEAN,France,9261.0,2709197,POINT (3.410722 43.778993),True,3.410722,43.778993,train,2709197
50108,2018,10.0,16.0,MEDITERRANEAN,France,7526.0,2709439,POINT (3.639006 43.577086),True,3.639006,43.577086,train,2709439
50113,2020,10.0,4.0,MEDITERRANEAN,France,10400.0,2709763,POINT (5.24526 44.1727),True,5.24526,44.1727,train,2709763
50119,2018,0.0,100.0,MEDITERRANEAN,France,4087.0,2710064,POINT (6.019183 43.115531),True,6.019183,43.115531,train,2710064
50137,2017,0.0,-inf,MEDITERRANEAN,France,540.0,2710356,POINT (3.645504 44.175992),True,3.645504,44.175992,train,2710356
50159,2019,0.0,-inf,MEDITERRANEAN,France,8785.0,2712669,POINT (6.025268 43.078952),True,6.025268,43.078952,train,2712669
50164,2019,1.0,,MEDITERRANEAN,France,10364.0,2713692,POINT (3.42346 43.39113),True,3.42346,43.39113,train,2713692
50175,2018,10.0,50.0,MEDITERRANEAN,France,3327.0,2714250,POINT (3.731632 43.749001),True,3.731632,43.749001,train,2714250
50178,2020,3.0,3.0,MEDITERRANEAN,France,7805.0,2714614,POINT (7.091538 43.793416),True,7.091538,43.793416,train,2714614
50227,2017,10.0,-inf,MEDITERRANEAN,France,6279.0,2716555,POINT (3.522018 43.31781),True,3.522018,43.31781,train,2716555
50228,2020,10.0,-inf,MEDITERRANEAN,France,6669.0,2716800,POINT (6.54401 43.1897),True,6.54401,43.1897,train,2716800
50238,2021,10.0,15.0,MEDITERRANEAN,France,2722.0,2716864,POINT (2.2705 43.163),True,2.2705,43.163,train,2716864
50245,2017,0.0,-inf,MEDITERRANEAN,France,2120.0,2717247,POINT (5.352146 43.231692),True,5.352146,43.231692,train,2717247
50264,2017,0.0,100.0,MEDITERRANEAN,France,3696.0,2718400,POINT (5.611572 43.241945),True,5.611572,43.241945,train,2718400
50284,2017,10.0,-inf,MEDITERRANEAN,France,3322.0,2720529,POINT (3.030833 42.861861),True,3.030833,42.861861,train,2720529
50308,2021,5.0,100.0,MEDITERRANEAN,France,8229.0,2721036,POINT (6.757895 43.821914),True,6.757895,43.821914,train,2721036
50337,2020,10.0,10.0,MEDITERRANEAN,France,1871.0,2721865,POINT (6.48385 43.1654),True,6.48385,43.1654,train,2721865
50359,2018,0.0,-inf,MEDITERRANEAN,France,4325.0,2723022,POINT (5.475415 43.67015),True,5.475415,43.67015,train,2723022
50366,2018,10.0,16.0,MEDITERRANEAN,France,1300.0,2724209,POINT (3.052603 42.893737),True,3.052603,42.893737,train,2724209
50375,2019,0.0,-inf,MEDITERRANEAN,France,101.0,2726294,POINT (6.95099 44.196449),True,6.95099,44.196449,train,2726294
50423,2020,10.0,2.0,MEDITERRANEAN,France,7192.0,2726604,POINT (6.478517 43.723313),True,6.478517,43.723313,train,2726604
50436,2017,0.0,-inf,MEDITERRANEAN,France,981.0,2728609,POINT (3.838655 44.245842),True,3.838655,44.245842,train,2728609
50450,2017,10.0,-inf,CONTINENTAL,France,661.0,2729812,POINT (2.295972 43.389083),True,2.295972,43.389083,train,2729812
50456,2021,5.0,200.0,MEDITERRANEAN,France,146.0,2729889,POINT (3.81172 43.625926),True,3.81172,43.625926,train,2729889
50497,2017,0.0,-inf,MEDITERRANEAN,France,10460.0,2730577,POINT (3.796069 44.159431),True,3.796069,44.159431,train,2730577
50510,2017,0.0,16.0,MEDITERRANEAN,France,10289.0,2731482,POINT (3.348387 43.275365),True,3.348387,43.275365,train,2731482
50539,2017,0.0,100.0,MEDITERRANEAN,France,6226.0,2732267,POINT (5.649333 43.540491),True,5.649333,43.540491,train,2732267
50546,2021,5.0,25.0,MEDITERRANEAN,France,2075.0,2733457,POINT (3.801525 43.46038),True,3.801525,43.46038,train,2733457
50548,2020,4.0,200.0,MEDITERRANEAN,France,2109.0,2735845,POINT (5.965838 43.264866),True,5.965838,43.264866,train,2735845
50574,2017,0.0,100.0,MEDITERRANEAN,France,7571.0,2736974,POINT (5.764128 43.709419),True,5.764128,43.709419,train,2736974
50613,2021,3.0,10.0,MEDITERRANEAN,France,10347.0,2740635,POINT (4.851011 43.96357),True,4.851011,43.96357,train,2740635
50617,2018,10.0,100.0,MEDITERRANEAN,France,6652.0,2742402,POINT (5.623808 43.321258),True,5.623808,43.321258,train,2742402
50634,2021,10.0,200.0,MEDITERRANEAN,France,3464.0,2742568,POINT (5.12126 43.5093),True,5.12126,43.5093,train,2742568
50669,2021,10.0,1.0,MEDITERRANEAN,France,6855.0,2746188,POINT (5.16598 43.6846),True,5.16598,43.6846,train,2746188
50690,2021,4.0,4.0,MEDITERRANEAN,Monaco,5451.0,2747034,POINT (7.411527 43.746938),True,7.411527,43.746938,train,2747034
50714,2020,10.0,4.0,MEDITERRANEAN,France,795.0,2748058,POINT (6.48142 43.166),True,6.48142,43.166,train,2748058
50735,2021,5.0,-inf,MEDITERRANEAN,France,8324.0,2748501,POINT (5.34387 43.902284),True,5.34387,43.902284,train,2748501
50749,2017,0.0,-inf,MEDITERRANEAN,France,5071.0,2749011,POINT (3.734003 44.088819),True,3.734003,44.088819,train,2749011
50760,2018,10.0,16.0,MEDITERRANEAN,France,2243.0,2750469,POINT (3.038152 42.771756),True,3.038152,42.771756,train,2750469
50764,2017,1.0,,MEDITERRANEAN,France,1473.0,2751083,POINT (5.80264 43.59274),True,5.80264,43.59274,train,2751083
50784,2020,9.0,16.0,CONTINENTAL,France,704.0,2751621,POINT (2.979582 43.630235),True,2.979582,43.630235,train,2751621
50795,2020,10.0,200.0,MEDITERRANEAN,France,10899.0,2753752,POINT (6.5096 43.1648),True,6.5096,43.1648,train,2753752
50803,2021,5.0,100.0,MEDITERRANEAN,France,9572.0,2754666,POINT (3.002188 43.486784),True,3.002188,43.486784,train,2754666
50817,2017,10.0,-inf,MEDITERRANEAN,France,7955.0,2754692,POINT (3.518629 43.320462),True,3.518629,43.320462,train,2754692
50837,2018,10.0,16.0,MEDITERRANEAN,France,1300.0,2756259,POINT (3.037992 42.769256),True,3.037992,42.769256,train,2756259
50841,2017,0.0,25.0,MEDITERRANEAN,France,6141.0,2757305,POINT (5.050294 43.335202),True,5.050294,43.335202,train,2757305
50868,2017,0.0,-inf,MEDITERRANEAN,France,661.0,2757677,POINT (3.763329 44.206488),True,3.763329,44.206488,train,2757677
50879,2021,5.0,250.0,MEDITERRANEAN,France,476.0,2761565,POINT (4.058438 43.850102),True,4.058438,43.850102,train,2761565
50907,2019,0.0,25.0,MEDITERRANEAN,France,7748.0,2762101,POINT (4.159843 44.312075),True,4.159843,44.312075,train,2762101
50928,2020,4.0,25.0,MEDITERRANEAN,France,8661.0,2763817,POINT (3.837158 43.477522),True,3.837158,43.477522,train,2763817
50931,2020,9.0,200.0,MEDITERRANEAN,France,2291.0,2765972,POINT (3.873365 43.545566),True,3.873365,43.545566,train,2765972
50959,2020,4.0,50.0,MEDITERRANEAN,France,8512.0,2768535,POINT (7.110761 43.774225),True,7.110761,43.774225,train,2768535
50988,2017,10.0,-inf,MEDITERRANEAN,France,8424.0,2768577,POINT (1.983333 42.833333),True,1.983333,42.833333,train,2768577
51004,2017,0.0,100.0,MEDITERRANEAN,France,4029.0,2769261,POINT (5.558512 43.186409),True,5.558512,43.186409,train,2769261
51019,2020,4.0,5.0,MEDITERRANEAN,France,9922.0,2771366,POINT (7.484002 43.894498),True,7.484002,43.894498,train,2771366
51033,2018,0.0,20.0,MEDITERRANEAN,France,7211.0,2771706,POINT (5.351693 43.212407),True,5.351693,43.212407,train,2771706
51077,2021,10.0,20.0,MEDITERRANEAN,France,7550.0,2772644,POINT (5.22821 43.4589),True,5.22821,43.4589,train,2772644
51088,2017,0.0,40.0,MEDITERRANEAN,France,10874.0,2773773,POINT (5.614999 43.2445),True,5.614999,43.2445,train,2773773
51096,2017,0.0,16.0,MEDITERRANEAN,France,1734.0,2774871,POINT (3.349346 43.273203),True,3.349346,43.273203,train,2774871
51107,2021,5.0,200.0,MEDITERRANEAN,France,3893.0,2775614,POINT (3.302147 43.669216),True,3.302147,43.669216,train,2775614
51130,2017,10.0,-inf,MEDITERRANEAN,France,6279.0,2775994,POINT (3.523611 43.320942),True,3.523611,43.320942,train,2775994
51131,2017,10.0,16.0,MEDITERRANEAN,France,7968.0,2779113,POINT (3.347407 43.272202),True,3.347407,43.272202,train,2779113
51152,2017,10.0,-inf,MEDITERRANEAN,France,7955.0,2780367,POINT (3.512541 43.328587),True,3.512541,43.328587,train,2780367
51154,2017,1.0,,MEDITERRANEAN,France,2756.0,2780382,POINT (3.03089 43.53817),True,3.03089,43.53817,train,2780382
51168,2017,0.0,-inf,MEDITERRANEAN,France,3722.0,2781078,POINT (3.718555 44.209445),True,3.718555,44.209445,train,2781078
51181,2019,1.0,,MEDITERRANEAN,France,5249.0,2781716,POINT (2.5842 43.09082),True,2.5842,43.09082,train,2781716
51208,2018,0.0,40.0,MEDITERRANEAN,France,8711.0,2781796,POINT (6.137474 43.031438),True,6.137474,43.031438,train,2781796
51221,2019,1.0,,MEDITERRANEAN,France,5249.0,2782805,POINT (6.18406 43.74182),True,6.18406,43.74182,train,2782805
51236,2020,10.0,-inf,MEDITERRANEAN,France,5412.0,2783209,POINT (4.76324 44.2119),True,4.76324,44.2119,train,2783209
51256,2019,10.0,20.0,MEDITERRANEAN,France,2355.0,2785085,POINT (4.84475 44.1892),True,4.84475,44.1892,train,2785085
51270,2018,10.0,16.0,MEDITERRANEAN,France,1300.0,2785259,POINT (3.051681 42.888944),True,3.051681,42.888944,train,2785259
51277,2018,0.0,16.0,MEDITERRANEAN,France,8075.0,2786706,POINT (3.029772 42.756626),True,3.029772,42.756626,train,2786706
51294,2019,10.0,100.0,MEDITERRANEAN,France,10520.0,2789294,POINT (6.118 43.0921),True,6.118,43.0921,train,2789294
51312,2017,1.0,,CONTINENTAL,France,10600.0,2791388,POINT (3.32374 44.75878),True,3.32374,44.75878,train,2791388
51322,2020,10.0,200.0,MEDITERRANEAN,France,3999.0,2791408,POINT (6.49686 43.166),True,6.49686,43.166,train,2791408
51345,2020,10.0,40.0,MEDITERRANEAN,France,2243.0,2792839,POINT (4.02326 43.555042),True,4.02326,43.555042,train,2792839
51351,2020,10.0,50.0,MEDITERRANEAN,France,5799.0,2793550,POINT (3.259488 43.227543),True,3.259488,43.227543,train,2793550
51395,2020,10.0,40.0,MEDITERRANEAN,France,2243.0,2799574,POINT (3.203853 43.188968),True,3.203853,43.188968,train,2799574
51409,2020,10.0,30.0,MEDITERRANEAN,France,2634.0,2799730,POINT (6.49632 43.1536),True,6.49632,43.1536,train,2799730
51431,2017,10.0,16.0,MEDITERRANEAN,France,5829.0,2799809,POINT (3.348891 43.275282),True,3.348891,43.275282,train,2799809
51455,2018,0.0,-inf,MEDITERRANEAN,France,7955.0,2800197,POINT (4.451293 43.493778),True,4.451293,43.493778,train,2800197
51456,2019,0.0,50.0,MEDITERRANEAN,France,7536.0,2803655,POINT (3.352632 43.855266),True,3.352632,43.855266,train,2803655
51474,2019,10.0,-inf,MEDITERRANEAN,France,9669.0,2804796,POINT (6.956495 44.197062),True,6.956495,44.197062,train,2804796
51491,2020,10.0,50.0,MEDITERRANEAN,France,1300.0,2805936,POINT (3.206852 43.19136),True,3.206852,43.19136,train,2805936
51500,2018,1.0,,CONTINENTAL,France,5542.0,2805969,POINT (3.80054 44.64554),True,3.80054,44.64554,train,2805969
51524,2018,0.0,40.0,MEDITERRANEAN,France,9595.0,2806603,POINT (5.685535 43.697783),True,5.685535,43.697783,train,2806603
51546,2017,1.0,,MEDITERRANEAN,France,3935.0,2807753,POINT (5.83064 43.64582),True,5.83064,43.64582,train,2807753
51566,2020,10.0,-inf,MEDITERRANEAN,France,5618.0,2808306,POINT (6.48026 43.1679),True,6.48026,43.1679,train,2808306
51569,2021,10.0,16.0,MEDITERRANEAN,France,4013.0,2808725,POINT (4.759609 43.937194),True,4.759609,43.937194,train,2808725
51577,2017,0.0,250.0,MEDITERRANEAN,France,476.0,2809144,POINT (5.56326 43.204422),True,5.56326,43.204422,train,2809144
51590,2017,0.0,-inf,MEDITERRANEAN,France,11014.0,2810567,POINT (5.131331 43.504936),True,5.131331,43.504936,train,2810567
51598,2018,10.0,16.0,MEDITERRANEAN,France,9877.0,2812423,POINT (3.052384 42.895257),True,3.052384,42.895257,train,2812423
51611,2018,0.0,25.0,ALPINE,France,4590.0,2814283,POINT (1.992153 42.523756),True,1.992153,42.523756,train,2814283
51639,2021,5.0,16.0,MEDITERRANEAN,France,3837.0,2814529,POINT (3.878444 43.502766),True,3.878444,43.502766,train,2814529
51642,2020,10.0,50.0,MEDITERRANEAN,France,11193.0,2815402,POINT (6.43294 43.1547),True,6.43294,43.1547,train,2815402
51651,2021,5.0,100.0,MEDITERRANEAN,France,2120.0,2815698,POINT (3.114284 43.172673),True,3.114284,43.172673,train,2815698
51671,2021,6.0,250.0,MEDITERRANEAN,France,6235.0,2816071,POINT (3.043646 43.521138),True,3.043646,43.521138,train,2816071
51677,2021,4.0,250.0,MEDITERRANEAN,France,7288.0,2817197,POINT (3.401166 43.858395),True,3.401166,43.858395,train,2817197
51698,2021,10.0,200.0,MEDITERRANEAN,France,9388.0,2817303,POINT (5.70392 43.68833),True,5.70392,43.68833,train,2817303
51732,2018,0.0,-inf,MEDITERRANEAN,France,4460.0,2818336,POINT (5.442351 43.268108),True,5.442351,43.268108,train,2818336
51743,2018,10.0,50.0,MEDITERRANEAN,France,6491.0,2818361,POINT (4.409216 43.530957),True,4.409216,43.530957,train,2818361
51747,2017,0.0,50.0,MEDITERRANEAN,France,1734.0,2819891,POINT (4.322327 43.458787),True,4.322327,43.458787,train,2819891
51754,2017,0.0,10.0,MEDITERRANEAN,France,3958.0,2820567,POINT (6.097004 43.03063),True,6.097004,43.03063,train,2820567
51767,2021,4.0,250.0,MEDITERRANEAN,France,9458.0,2821343,POINT (4.483355 44.132214),True,4.483355,44.132214,train,2821343
51779,2021,5.0,250.0,MEDITERRANEAN,France,6788.0,2821876,POINT (3.473217 44.091559),True,3.473217,44.091559,train,2821876
51806,2017,10.0,10.0,MEDITERRANEAN,France,5166.0,2822437,POINT (2.082389 42.838333),True,2.082389,42.838333,train,2822437
51830,2018,0.0,16.0,MEDITERRANEAN,France,9243.0,2822711,POINT (3.641596 43.850889),True,3.641596,43.850889,train,2822711
51831,2021,5.0,5.0,ALPINE,Spain,8397.0,2824452,POINT (2.146725 42.445557),True,2.146725,42.445557,train,2824452
51842,2019,10.0,30.0,MEDITERRANEAN,France,2539.0,2827795,POINT (6.11672 43.0922),True,6.11672,43.0922,train,2827795
51870,2021,4.0,100.0,MEDITERRANEAN,France,3993.0,2828122,POINT (4.119873 43.873549),True,4.119873,43.873549,train,2828122
51893,2018,10.0,16.0,MEDITERRANEAN,France,6491.0,2828835,POINT (3.02162 42.851816),True,3.02162,42.851816,train,2828835
51900,2018,10.0,-inf,ALPINE,France,8151.0,2828899,POINT (1.976889 42.864583),True,1.976889,42.864583,train,2828899
51905,2021,4.0,250.0,CONTINENTAL,France,1677.0,2829047,POINT (3.245721 44.407677),True,3.245721,44.407677,train,2829047
51941,2021,5.0,16.0,MEDITERRANEAN,France,6855.0,2830822,POINT (2.889998 43.052051),True,2.889998,43.052051,train,2830822
51962,2019,10.0,5.0,MEDITERRANEAN,France,9555.0,2831242,POINT (4.805861 43.540641),True,4.805861,43.540641,train,2831242
51989,2021,4.0,25.0,MEDITERRANEAN,France,11159.0,2831691,POINT (7.123011 43.824337),True,7.123011,43.824337,train,2831691
52009,2019,1.0,,MEDITERRANEAN,France,7862.0,2835094,POINT (7.02861 43.74454),True,7.02861,43.74454,train,2835094
52026,2017,1.0,,MEDITERRANEAN,France,2932.0,2835123,POINT (5.31773 43.7871),True,5.31773,43.7871,train,2835123
52041,2019,10.0,-inf,MEDITERRANEAN,France,2474.0,2835499,POINT (7.07976 43.7314),True,7.07976,43.7314,train,2835499
52077,2017,0.0,100.0,MEDITERRANEAN,France,4814.0,2835722,POINT (5.19145 44.063349),True,5.19145,44.063349,train,2835722
52081,2021,5.0,100.0,MEDITERRANEAN,France,8784.0,2837037,POINT (3.119383 43.211374),True,3.119383,43.211374,train,2837037
52125,2017,1.0,,MEDITERRANEAN,France,2386.0,2839953,POINT (2.41236 42.91141),True,2.41236,42.91141,train,2839953
52154,2021,5.0,250.0,MEDITERRANEAN,France,981.0,2840801,POINT (3.591575 43.922243),True,3.591575,43.922243,train,2840801
52167,2018,1.0,,MEDITERRANEAN,France,9458.0,2841429,POINT (4.27941 43.91856),True,4.27941,43.91856,train,2841429
52185,2019,1.0,,MEDITERRANEAN,France,2421.0,2841693,POINT (3.65224 43.6942),True,3.65224,43.6942,train,2841693
52204,2017,10.0,-inf,MEDITERRANEAN,France,7955.0,2842725,POINT (3.514933 43.32048),True,3.514933,43.32048,train,2842725
52205,2017,0.0,-inf,MEDITERRANEAN,France,7113.0,2842954,POINT (3.824775 44.17912),True,3.824775,44.17912,train,2842954
52216,2020,10.0,30.0,MEDITERRANEAN,France,2926.0,2843045,POINT (3.821904 43.463126),True,3.821904,43.463126,train,2843045
52228,2021,10.0,2.0,MEDITERRANEAN,France,6880.0,2844708,POINT (6.32223 43.1957),True,6.32223,43.1957,train,2844708
52253,2018,1.0,,MEDITERRANEAN,France,3894.0,2845417,POINT (2.53498 43.03702),True,2.53498,43.03702,train,2845417
52273,2017,0.0,30.0,MEDITERRANEAN,France,1254.0,2846172,POINT (5.510208 43.405294),True,5.510208,43.405294,train,2846172
52288,2021,10.0,10.0,MEDITERRANEAN,France,6491.0,2846427,POINT (4.804166 43.953095),True,4.804166,43.953095,train,2846427
52298,2018,1.0,,MEDITERRANEAN,France,1736.0,2846468,POINT (5.52981 43.58315),True,5.52981,43.58315,train,2846468
52319,2018,1.0,,MEDITERRANEAN,France,7113.0,2848312,POINT (2.7339 43.46777),True,2.7339,43.46777,train,2848312
52333,2017,0.0,3.0,MEDITERRANEAN,France,114.0,2849032,POINT (4.553674 43.453585),True,4.553674,43.453585,train,2849032
52351,2020,10.0,100.0,MEDITERRANEAN,France,6836.0,2849670,POINT (4.95283 44.0549),True,4.95283,44.0549,train,2849670
52412,2018,0.0,40.0,MEDITERRANEAN,France,4349.0,2851629,POINT (6.118276 43.082077),True,6.118276,43.082077,train,2851629
52427,2021,10.0,4.0,MEDITERRANEAN,France,3835.0,2851694,POINT (6.33867 43.2141),True,6.33867,43.2141,train,2851694
52451,2017,0.0,150.0,MEDITERRANEAN,France,11013.0,2853460,POINT (5.172401 44.083761),True,5.172401,44.083761,train,2853460
52468,2018,1.0,,MEDITERRANEAN,France,9636.0,2853566,POINT (5.55249 43.5465),True,5.55249,43.5465,train,2853566
52489,2018,0.0,200.0,MEDITERRANEAN,France,1753.0,2853698,POINT (6.023296 43.112409),True,6.023296,43.112409,train,2853698
52526,2017,10.0,-inf,MEDITERRANEAN,France,7955.0,2854246,POINT (3.517357 43.31597),True,3.517357,43.31597,train,2854246
52527,2021,5.0,100.0,MEDITERRANEAN,France,1018.0,2855212,POINT (6.747092 43.822044),True,6.747092,43.822044,train,2855212
52551,2017,1.0,,ALPINE,Spain,661.0,2855851,POINT (2.48426 42.35458),True,2.48426,42.35458,train,2855851
52572,2018,10.0,3.0,MEDITERRANEAN,France,1051.0,2857405,POINT (6.306639 43.144918),True,6.306639,43.144918,train,2857405
52604,2018,1.0,,MEDITERRANEAN,France,11120.0,2858834,POINT (6.63244 43.76097),True,6.63244,43.76097,train,2858834
52639,2017,0.0,-inf,MEDITERRANEAN,France,4498.0,2864753,POINT (3.65178 44.179024),True,3.65178,44.179024,train,2864753
52649,2020,3.0,25.0,MEDITERRANEAN,France,2075.0,2868499,POINT (3.783255 43.460583),True,3.783255,43.460583,train,2868499
52651,2020,9.0,16.0,MEDITERRANEAN,France,4397.0,2869240,POINT (6.40386 43.265065),True,6.40386,43.265065,train,2869240
52683,2020,10.0,150.0,MEDITERRANEAN,France,3935.0,2870348,POINT (6.09654 43.09964),True,6.09654,43.09964,train,2870348
52697,2017,1.0,,MEDITERRANEAN,France,1254.0,2870997,POINT (4.10366 43.8676),True,4.10366,43.8676,train,2870997
52725,2021,4.0,16.0,MEDITERRANEAN,France,2075.0,2872081,POINT (3.876693 43.53864),True,3.876693,43.53864,train,2872081
52726,2019,10.0,-inf,MEDITERRANEAN,France,9261.0,2873061,POINT (3.138462 43.247859),True,3.138462,43.247859,train,2873061
52732,2020,10.0,1.0,MEDITERRANEAN,France,5016.0,2875454,POINT (6.48217 43.1675),True,6.48217,43.1675,train,2875454
52741,2021,5.0,-inf,MEDITERRANEAN,France,1300.0,2875974,POINT (4.599854 43.403883),True,4.599854,43.403883,train,2875974
52750,2021,10.0,5.0,MEDITERRANEAN,France,4511.0,2876719,POINT (5.10336 44.1871),True,5.10336,44.1871,train,2876719
52760,2018,10.0,400.0,MEDITERRANEAN,France,9702.0,2878030,POINT (7.046042 43.634655),True,7.046042,43.634655,train,2878030
52789,2019,1.0,,MEDITERRANEAN,France,2474.0,2879542,POINT (3.62625 43.64057),True,3.62625,43.64057,train,2879542
52801,2021,4.0,50.0,MEDITERRANEAN,France,9234.0,2879663,POINT (2.81231 42.994402),True,2.81231,42.994402,train,2879663
52817,2021,5.0,100.0,MEDITERRANEAN,France,6039.0,2879878,POINT (3.075731 43.175375),True,3.075731,43.175375,train,2879878
52827,2017,0.0,12.0,ALPINE,France,4790.0,2880303,POINT (1.97646 42.577307),True,1.97646,42.577307,train,2880303
52831,2018,0.0,-inf,MEDITERRANEAN,France,8924.0,2882047,POINT (4.452443 43.493798),True,4.452443,43.493798,train,2882047
52846,2018,0.0,-inf,MEDITERRANEAN,France,10510.0,2882329,POINT (4.454664 43.461429),True,4.454664,43.461429,train,2882329
52858,2018,0.0,-inf,MEDITERRANEAN,France,822.0,2882545,POINT (4.843274 44.011787),True,4.843274,44.011787,train,2882545
52873,2017,0.0,10.0,MEDITERRANEAN,France,4368.0,2883782,POINT (5.645067 43.187894),True,5.645067,43.187894,train,2883782
52890,2020,4.0,16.0,MEDITERRANEAN,France,2922.0,2885070,POINT (7.077091 43.779143),True,7.077091,43.779143,train,2885070
52916,2021,10.0,100.0,MEDITERRANEAN,France,10329.0,2886727,POINT (5.10841 43.7278),True,5.10841,43.7278,train,2886727
52945,2017,10.0,-inf,MEDITERRANEAN,France,7955.0,2887369,POINT (3.524855 43.327629),True,3.524855,43.327629,train,2887369
52947,2020,10.0,50.0,MEDITERRANEAN,France,9412.0,2887426,POINT (4.74408 44.2037),True,4.74408,44.2037,train,2887426
52979,2021,4.0,250.0,MEDITERRANEAN,France,9458.0,2887660,POINT (3.67877 43.658552),True,3.67877,43.658552,train,2887660
52994,2021,10.0,25.0,ALPINE,France,540.0,2889586,POINT (2.13043 42.6343),True,2.13043,42.6343,train,2889586
53013,2018,10.0,25.0,CONTINENTAL,France,10969.0,2894064,POINT (3.696229 44.40029),True,3.696229,44.40029,train,2894064
53037,2021,10.0,100.0,MEDITERRANEAN,France,1304.0,2894294,POINT (5.57887 43.1958),True,5.57887,43.1958,train,2894294
53057,2017,0.0,2.0,MEDITERRANEAN,France,8332.0,2894821,POINT (5.023774 43.339337),True,5.023774,43.339337,train,2894821
53060,2017,0.0,-inf,MEDITERRANEAN,France,10268.0,2895324,POINT (3.647596 44.233308),True,3.647596,44.233308,train,2895324
53075,2020,4.0,50.0,MEDITERRANEAN,France,2474.0,2895864,POINT (3.211994 43.538564),True,3.211994,43.538564,train,2895864
53091,2020,10.0,-inf,MEDITERRANEAN,France,2421.0,2896729,POINT (6.50803 43.1567),True,6.50803,43.1567,train,2896729
53099,2018,10.0,16.0,MEDITERRANEAN,France,5799.0,2898463,POINT (3.038564 42.749268),True,3.038564,42.749268,train,2898463
53103,2018,0.0,50.0,MEDITERRANEAN,France,3723.0,2901046,POINT (5.623824 43.319989),True,5.623824,43.319989,train,2901046
53113,2021,5.0,250.0,CONTINENTAL,France,963.0,2901982,POINT (2.736861 43.539843),True,2.736861,43.539843,train,2901982
53124,2019,10.0,200.0,MEDITERRANEAN,France,2421.0,2902236,POINT (6.031809 43.080991),True,6.031809,43.080991,train,2902236
53139,2018,1.0,,MEDITERRANEAN,France,4748.0,2902822,POINT (7.15693 43.79294),True,7.15693,43.79294,train,2902822
53189,2020,3.0,16.0,MEDITERRANEAN,France,11222.0,2906598,POINT (3.832177 43.473332),True,3.832177,43.473332,train,2906598
53192,2019,1.0,,MEDITERRANEAN,France,6874.0,2906615,POINT (4.18579 44.10005),True,4.18579,44.10005,train,2906615
53214,2017,10.0,-inf,MEDITERRANEAN,France,6279.0,2907482,POINT (3.523273 43.320314),True,3.523273,43.320314,train,2907482
53215,2020,10.0,250.0,MEDITERRANEAN,France,8904.0,2909228,POINT (3.907885 43.559462),True,3.907885,43.559462,train,2909228
53229,2017,0.0,50.0,MEDITERRANEAN,France,6874.0,2910438,POINT (5.60122 43.237596),True,5.60122,43.237596,train,2910438
53256,2018,10.0,16.0,MEDITERRANEAN,France,4229.0,2910481,POINT (3.016984 42.796722),True,3.016984,42.796722,train,2910481
53262,2021,0.0,15.0,ALPINE,France,3442.0,2910832,POINT (7.48128 44.08386),True,7.48128,44.08386,train,2910832
53272,2017,0.0,12.0,ALPINE,France,6905.0,2912111,POINT (2.011099 42.618649),True,2.011099,42.618649,train,2912111
53274,2021,5.0,4.0,MEDITERRANEAN,France,7118.0,2912907,POINT (6.395806 43.266686),True,6.395806,43.266686,train,2912907
53290,2019,10.0,100.0,MEDITERRANEAN,France,3251.0,2913307,POINT (7.38066 43.7437),True,7.38066,43.7437,train,2913307
53315,2017,0.0,-inf,MEDITERRANEAN,France,981.0,2914240,POINT (3.807948 44.231625),True,3.807948,44.231625,train,2914240
53326,2021,10.0,100.0,MEDITERRANEAN,France,3278.0,2914373,POINT (5.23927 43.4619),True,5.23927,43.4619,train,2914373
53346,2019,10.0,300.0,MEDITERRANEAN,France,2474.0,2917739,POINT (7.09739 43.7818),True,7.09739,43.7818,train,2917739
53401,2017,0.0,200.0,MEDITERRANEAN,France,982.0,2918021,POINT (5.499194 43.408663),True,5.499194,43.408663,train,2918021
53421,2018,10.0,16.0,MEDITERRANEAN,France,3466.0,2918442,POINT (3.017618 42.83216),True,3.017618,42.83216,train,2918442
53435,2017,0.0,-inf,MEDITERRANEAN,France,6205.0,2922884,POINT (3.727777 44.08635),True,3.727777,44.08635,train,2922884
53452,2018,10.0,20.0,MEDITERRANEAN,France,9642.0,2923839,POINT (5.685423 43.69432),True,5.685423,43.69432,train,2923839
53464,2019,10.0,-inf,MEDITERRANEAN,France,8208.0,2924124,POINT (3.145065 43.268147),True,3.145065,43.268147,train,2924124
53470,2020,10.0,50.0,MEDITERRANEAN,France,5203.0,2924512,POINT (3.153716 43.146161),True,3.153716,43.146161,train,2924512
53484,2017,10.0,10.0,MEDITERRANEAN,France,10281.0,2924523,POINT (5.209572 44.053801),True,5.209572,44.053801,train,2924523
53497,2021,4.0,50.0,MEDITERRANEAN,France,5220.0,2925670,POINT (2.833912 43.033621),True,2.833912,43.033621,train,2925670
53513,2017,0.0,5.0,MEDITERRANEAN,France,5301.0,2926820,POINT (5.577993 43.243148),True,5.577993,43.243148,train,2926820
53536,2017,10.0,-inf,MEDITERRANEAN,France,7955.0,2927608,POINT (3.515224 43.314433),True,3.515224,43.314433,train,2927608
53537,2021,6.0,20.0,MEDITERRANEAN,France,4341.0,2928501,POINT (5.234981 43.623974),True,5.234981,43.623974,train,2928501
53548,2021,10.0,300.0,MEDITERRANEAN,France,8208.0,2928814,POINT (4.78174 43.6612),True,4.78174,43.6612,train,2928814
53573,2020,10.0,-inf,MEDITERRANEAN,France,6669.0,2929334,POINT (6.5058 43.1597),True,6.5058,43.1597,train,2929334
53619,2021,10.0,80.0,MEDITERRANEAN,France,4029.0,2930303,POINT (5.10323 44.1871),True,5.10323,44.1871,train,2930303
53633,2020,4.0,50.0,MEDITERRANEAN,France,1910.0,2930514,POINT (6.4371 43.272746),True,6.4371,43.272746,train,2930514
53642,2017,10.0,16.0,MEDITERRANEAN,France,949.0,2931168,POINT (4.85055 43.367581),True,4.85055,43.367581,train,2931168
53646,2019,10.0,25.0,MEDITERRANEAN,France,6840.0,2934553,POINT (6.034291 43.081506),True,6.034291,43.081506,train,2934553
53650,2017,0.0,100.0,MEDITERRANEAN,France,9714.0,2935494,POINT (5.667685 43.318348),True,5.667685,43.318348,train,2935494
53661,2020,10.0,300.0,MEDITERRANEAN,France,10268.0,2936566,POINT (5.47065 43.985),True,5.47065,43.985,train,2936566
53688,2018,10.0,16.0,MEDITERRANEAN,France,10166.0,2941204,POINT (3.017483 42.832519),True,3.017483,42.832519,train,2941204
53704,2021,5.0,-inf,MEDITERRANEAN,France,522.0,2942798,POINT (7.030346 43.668783),True,7.030346,43.668783,train,2942798
53730,2018,10.0,100.0,MEDITERRANEAN,France,2702.0,2946710,POINT (6.137479 43.031978),True,6.137479,43.031978,train,2946710
53740,2020,4.0,25.0,MEDITERRANEAN,France,5219.0,2946858,POINT (2.934795 42.846997),True,2.934795,42.846997,train,2946858
53754,2018,1.0,,MEDITERRANEAN,France,6925.0,2948792,POINT (2.11866 43.01901),True,2.11866,43.01901,train,2948792
53775,2019,1.0,,CONTINENTAL,France,8428.0,2949201,POINT (3.47594 44.79329),True,3.47594,44.79329,train,2949201
53791,2018,10.0,16.0,MEDITERRANEAN,France,5018.0,2952517,POINT (3.014849 42.802235),True,3.014849,42.802235,train,2952517
53799,2021,5.0,50.0,MEDITERRANEAN,France,7199.0,2953098,POINT (2.931495 43.049132),True,2.931495,43.049132,train,2953098
53827,2021,4.0,15.0,MEDITERRANEAN,France,6560.0,2953102,POINT (6.737108 43.4596),True,6.737108,43.4596,train,2953102
53877,2020,6.0,400.0,MEDITERRANEAN,France,10600.0,2954380,POINT (2.765118 43.536579),True,2.765118,43.536579,train,2954380
53882,2021,5.0,100.0,MEDITERRANEAN,France,4003.0,2954951,POINT (3.070644 43.184645),True,3.070644,43.184645,train,2954951
53890,2021,5.0,4.0,MEDITERRANEAN,France,3958.0,2955986,POINT (3.746703 43.665732),True,3.746703,43.665732,train,2955986
53922,2018,0.0,20.0,MEDITERRANEAN,France,5219.0,2956455,POINT (3.645838 43.619965),True,3.645838,43.619965,train,2956455
53941,2017,0.0,-inf,MEDITERRANEAN,France,2474.0,2956955,POINT (3.878633 44.187127),True,3.878633,44.187127,train,2956955
53956,2018,10.0,16.0,MEDITERRANEAN,France,6136.0,2957294,POINT (5.687233 43.694293),True,5.687233,43.694293,train,2957294
53967,2021,10.0,100.0,MEDITERRANEAN,France,6925.0,2957950,POINT (5.02185 43.4662),True,5.02185,43.4662,train,2957950
53985,2018,10.0,16.0,MEDITERRANEAN,France,4404.0,2958383,POINT (3.021938 42.851438),True,3.021938,42.851438,train,2958383
53993,2020,4.0,-inf,MEDITERRANEAN,France,11078.0,2962429,POINT (3.190706 43.512328),True,3.190706,43.512328,train,2962429
53994,2019,10.0,400.0,MEDITERRANEAN,France,3792.0,2963115,POINT (7.05243 44.07843),True,7.05243,44.07843,train,2963115
54029,2019,10.0,-inf,MEDITERRANEAN,France,4370.0,2963731,POINT (7.07577 43.763),True,7.07577,43.763,train,2963731
54080,2018,10.0,150.0,MEDITERRANEAN,France,9702.0,2963963,POINT (6.027903 43.115223),True,6.027903,43.115223,train,2963963
54121,2017,0.0,1.0,MEDITERRANEAN,France,6342.0,2964134,POINT (5.029405 43.336459),True,5.029405,43.336459,train,2964134
54124,2018,0.0,50.0,MEDITERRANEAN,France,10520.0,2964391,POINT (5.655887 43.254149),True,5.655887,43.254149,train,2964391
54143,2021,10.0,9.0,MEDITERRANEAN,France,1160.0,2966170,POINT (6.74086 43.4147),True,6.74086,43.4147,train,2966170
54153,2019,1.0,,MEDITERRANEAN,France,1497.0,2967074,POINT (6.9558 43.76568),True,6.9558,43.76568,train,2967074
54172,2018,0.0,30.0,MEDITERRANEAN,France,1314.0,2967477,POINT (6.019987 43.118218),True,6.019987,43.118218,train,2967477
54190,2020,4.0,400.0,MEDITERRANEAN,France,1831.0,2967953,POINT (2.969867 43.589961),True,2.969867,43.589961,train,2967953
54207,2017,1.0,,MEDITERRANEAN,France,2634.0,2969309,POINT (2.55955 43.05494),True,2.55955,43.05494,train,2969309
54224,2021,5.0,250.0,MEDITERRANEAN,France,3937.0,2970122,POINT (4.019952 43.824839),True,4.019952,43.824839,train,2970122
54243,2017,0.0,100.0,MEDITERRANEAN,France,8742.0,2971798,POINT (5.497669 43.227604),True,5.497669,43.227604,train,2971798
54252,2020,4.0,16.0,MEDITERRANEAN,France,7924.0,2972593,POINT (3.873516 43.54586),True,3.873516,43.54586,train,2972593
54295,2017,10.0,4.0,MEDITERRANEAN,France,8785.0,2973334,POINT (5.019664 43.343094),True,5.019664,43.343094,train,2973334
54317,2019,1.0,,MEDITERRANEAN,France,5412.0,2973791,POINT (3.15674 43.69908),True,3.15674,43.69908,train,2973791
54326,2021,4.0,250.0,MEDITERRANEAN,France,6384.0,2974653,POINT (3.631617 43.728944),True,3.631617,43.728944,train,2974653
54340,2021,5.0,-inf,MEDITERRANEAN,France,10364.0,2975242,POINT (6.978489 43.653271),True,6.978489,43.653271,train,2975242
54376,2017,0.0,16.0,MEDITERRANEAN,France,1176.0,2975262,POINT (3.348456 43.276678),True,3.348456,43.276678,train,2975262
54398,2017,0.0,16.0,MEDITERRANEAN,France,8324.0,2975278,POINT (3.347974 43.276365),True,3.347974,43.276365,train,2975278
54421,2021,10.0,25.0,MEDITERRANEAN,France,7442.0,2975331,POINT (3.05764 43.0839),True,3.05764,43.0839,train,2975331
54430,2020,4.0,15.0,MEDITERRANEAN,France,6039.0,2978291,POINT (6.735913 43.581451),True,6.735913,43.581451,train,2978291
54461,2020,10.0,-inf,MEDITERRANEAN,France,8482.0,2979040,POINT (6.55015 43.1872),True,6.55015,43.1872,train,2979040
54477,2018,10.0,-inf,MEDITERRANEAN,France,8328.0,2979290,POINT (6.355575 43.144567),True,6.355575,43.144567,train,2979290
54507,2021,4.0,250.0,MEDITERRANEAN,France,3935.0,2981805,POINT (4.408438 44.165987),True,4.408438,44.165987,train,2981805
54515,2020,4.0,50.0,MEDITERRANEAN,France,3020.0,2982480,POINT (6.096442 43.146491),True,6.096442,43.146491,train,2982480
54531,2019,10.0,40.0,MEDITERRANEAN,France,11107.0,2982732,POINT (5.99199 43.1037),True,5.99199,43.1037,train,2982732
54547,2021,10.0,200.0,MEDITERRANEAN,France,6925.0,2983500,POINT (5.77979 43.7174),True,5.77979,43.7174,train,2983500
54575,2018,0.0,25.0,ALPINE,France,1757.0,2983561,POINT (1.959086 42.518782),True,1.959086,42.518782,train,2983561
54600,2021,5.0,200.0,MEDITERRANEAN,France,9547.0,2983769,POINT (2.712741 42.971254),True,2.712741,42.971254,train,2983769
54663,2021,5.0,16.0,MEDITERRANEAN,France,10822.0,2984050,POINT (2.831546 43.011892),True,2.831546,43.011892,train,2984050
54676,2019,1.0,,MEDITERRANEAN,France,4755.0,2985782,POINT (2.60687 42.69554),True,2.60687,42.69554,train,2985782
54700,2017,10.0,-inf,MEDITERRANEAN,France,7955.0,2986623,POINT (3.522399 43.32854),True,3.522399,43.32854,train,2986623
54701,2019,1.0,,MEDITERRANEAN,France,1736.0,2987143,POINT (5.12813 43.97205),True,5.12813,43.97205,train,2987143
54717,2020,10.0,1.5,MEDITERRANEAN,France,10530.0,2987724,POINT (7.130768 43.814752),True,7.130768,43.814752,train,2987724
54728,2019,10.0,-inf,ALPINE,France,4397.0,2989400,POINT (6.79192 44.221),True,6.79192,44.221,train,2989400
54736,2017,0.0,25.0,CONTINENTAL,France,540.0,2990087,POINT (3.199432 44.629563),True,3.199432,44.629563,train,2990087
54754,2017,10.0,4.0,MEDITERRANEAN,France,7315.0,2992222,POINT (4.838542 43.372771),True,4.838542,43.372771,train,2992222
54762,2020,10.0,5.0,MEDITERRANEAN,France,365.0,2992563,POINT (4.75466 44.2193),True,4.75466,44.2193,train,2992563
54775,2021,5.0,250.0,MEDITERRANEAN,France,1276.0,2993179,POINT (3.623391 43.626862),True,3.623391,43.626862,train,2993179
54790,2018,1.0,,MEDITERRANEAN,France,4530.0,2993701,POINT (5.4111 43.67654),True,5.4111,43.67654,train,2993701
54811,2017,10.0,-inf,MEDITERRANEAN,France,7955.0,2995195,POINT (3.518621 43.319562),True,3.518621,43.319562,train,2995195
54812,2017,10.0,16.0,MEDITERRANEAN,France,11222.0,2996683,POINT (3.349724 43.272581),True,3.349724,43.272581,train,2996683
54838,2020,10.0,10.0,MEDITERRANEAN,France,2386.0,2998181,POINT (6.48368 43.1655),True,6.48368,43.1655,train,2998181
54874,2017,0.0,5.0,MEDITERRANEAN,France,5907.0,2999795,POINT (4.333645 43.47066),True,4.333645,43.47066,train,2999795
54883,2017,10.0,-inf,MEDITERRANEAN,France,7955.0,3003047,POINT (3.523623 43.327635),True,3.523623,43.327635,train,3003047
54884,2019,0.0,30.0,MEDITERRANEAN,France,6836.0,3003318,POINT (6.60836 43.172973),True,6.60836,43.172973,train,3003318
54908,2017,10.0,80.0,ALPINE,France,8431.0,3003867,POINT (1.975778 42.864278),True,1.975778,42.864278,train,3003867
54936,2018,1.0,,MEDITERRANEAN,France,2421.0,3004784,POINT (6.34351 43.53804),True,6.34351,43.53804,train,3004784
54960,2018,1.0,,CONTINENTAL,France,53.0,3004863,POINT (3.8973 44.50029),True,3.8973,44.50029,train,3004863
54967,2021,4.0,16.0,MEDITERRANEAN,France,6874.0,3005322,POINT (2.942713 43.046417),True,2.942713,43.046417,train,3005322
54995,2019,1.0,,MEDITERRANEAN,France,2386.0,3005741,POINT (6.62163 43.61737),True,6.62163,43.61737,train,3005741
55014,2021,3.0,16.0,MEDITERRANEAN,France,7199.0,3006113,POINT (7.144968 43.699143),True,7.144968,43.699143,train,3006113
55027,2020,4.0,200.0,MEDITERRANEAN,France,6684.0,3006545,POINT (5.966044 43.264439),True,5.966044,43.264439,train,3006545
55067,2017,0.0,30.0,MEDITERRANEAN,France,5630.0,3009965,POINT (5.649489 43.540388),True,5.649489,43.540388,train,3009965
55095,2017,1.0,,MEDITERRANEAN,France,876.0,3011254,POINT (4.73985 44.21519),True,4.73985,44.21519,train,3011254
55118,2018,1.0,,MEDITERRANEAN,France,10953.0,3011462,POINT (6.29914 43.61167),True,6.29914,43.61167,train,3011462
55130,2019,1.0,,MEDITERRANEAN,France,4498.0,3012798,POINT (2.31447 43.21688),True,2.31447,43.21688,train,3012798
55152,2020,10.0,10.0,MEDITERRANEAN,France,10281.0,3015662,POINT (5.46669 43.9119),True,5.46669,43.9119,train,3015662
55183,2021,10.0,40.0,MEDITERRANEAN,France,6925.0,3016943,POINT (2.198972 43.160694),True,2.198972,43.160694,train,3016943
55210,2020,5.0,50.0,MEDITERRANEAN,France,9458.0,3017145,POINT (3.189537 43.495776),True,3.189537,43.495776,train,3017145
55238,2019,10.0,250.0,MEDITERRANEAN,France,10711.0,3020928,POINT (4.144005 44.303851),True,4.144005,44.303851,train,3020928
55247,2019,0.0,50.0,MEDITERRANEAN,France,1099.0,3022020,POINT (3.379256 43.926029),True,3.379256,43.926029,train,3022020
55264,2017,0.0,-inf,MEDITERRANEAN,France,4498.0,3023170,POINT (3.762681 44.211344),True,3.762681,44.211344,train,3023170
55288,2020,10.0,40.0,MEDITERRANEAN,France,5203.0,3023497,POINT (3.267691 43.23257),True,3.267691,43.23257,train,3023497
55301,2019,10.0,200.0,MEDITERRANEAN,France,10427.0,3023864,POINT (7.08981 43.7808),True,7.08981,43.7808,train,3023864
55348,2018,10.0,10.0,ALPINE,France,694.0,3024388,POINT (1.978694 42.751167),True,1.978694,42.751167,train,3024388
55354,2018,10.0,-inf,ALPINE,France,1498.0,3025895,POINT (7.40544 43.974226),True,7.40544,43.974226,train,3025895
55383,2021,5.0,100.0,MEDITERRANEAN,France,3935.0,3027644,POINT (3.117018 43.16975),True,3.117018,43.16975,train,3027644
55398,2017,10.0,-inf,MEDITERRANEAN,France,6279.0,3028002,POINT (3.523607 43.325836),True,3.523607,43.325836,train,3028002
55400,2018,10.0,16.0,MEDITERRANEAN,France,2173.0,3028015,POINT (3.064873 42.535083),True,3.064873,42.535083,train,3028015
55407,2018,1.0,,CONTINENTAL,France,1888.0,3029681,POINT (2.78409 43.57542),True,2.78409,43.57542,train,3029681
55417,2020,10.0,100.0,MEDITERRANEAN,France,3109.0,3030695,POINT (6.02767 43.1151),True,6.02767,43.1151,train,3030695
55434,2018,10.0,16.0,MEDITERRANEAN,France,9341.0,3031058,POINT (3.052003 42.892739),True,3.052003,42.892739,train,3031058
55455,2017,0.0,6.0,MEDITERRANEAN,France,4541.0,3031201,POINT (2.39788 42.89253),True,2.39788,42.89253,train,3031201
55498,2021,5.0,250.0,MEDITERRANEAN,France,6039.0,3031607,POINT (2.98537 43.51717),True,2.98537,43.51717,train,3031607
55509,2019,0.0,60.0,MEDITERRANEAN,France,11132.0,3032031,POINT (6.056544 43.091327),True,6.056544,43.091327,train,3032031
55558,2021,5.0,250.0,MEDITERRANEAN,France,8340.0,3032669,POINT (2.728512 43.416053),True,2.728512,43.416053,train,3032669
55579,2017,10.0,20.0,MEDITERRANEAN,France,5203.0,3033938,POINT (5.159191 44.128024),True,5.159191,44.128024,train,3033938
55587,2020,4.0,200.0,MEDITERRANEAN,France,2386.0,3034369,POINT (5.95559 43.26605),True,5.95559,43.26605,train,3034369
55618,2018,0.0,100.0,MEDITERRANEAN,France,6643.0,3036302,POINT (4.400868 43.529967),True,4.400868,43.529967,train,3036302
55632,2019,10.0,-inf,MEDITERRANEAN,France,9569.0,3036722,POINT (3.183667 43.258446),True,3.183667,43.258446,train,3036722
55671,2020,10.0,100.0,MEDITERRANEAN,France,5618.0,3037921,POINT (6.43036 43.1541),True,6.43036,43.1541,train,3037921
55688,2021,6.0,-inf,MEDITERRANEAN,France,4122.0,3039293,POINT (7.034043 43.84664),True,7.034043,43.84664,train,3039293
55732,2021,4.0,4.0,MEDITERRANEAN,France,154.0,3039924,POINT (6.448248 43.270748),True,6.448248,43.270748,train,3039924
55755,2018,1.0,,MEDITERRANEAN,France,5635.0,3041412,POINT (2.85679 43.41332),True,2.85679,43.41332,train,3041412
55776,2017,10.0,200.0,MEDITERRANEAN,France,3669.0,3041806,POINT (5.217488 44.063437),True,5.217488,44.063437,train,3041806
55789,2020,4.0,200.0,MEDITERRANEAN,France,2747.0,3042482,POINT (5.908512 43.276787),True,5.908512,43.276787,train,3042482
55821,2021,5.0,16.0,MEDITERRANEAN,France,2075.0,3043178,POINT (3.876586 43.538394),True,3.876586,43.538394,train,3043178
55822,2019,1.0,,MEDITERRANEAN,France,5474.0,3043470,POINT (6.49155 43.53245),True,6.49155,43.53245,train,3043470
55850,2017,0.0,12.0,MEDITERRANEAN,France,7278.0,3044263,POINT (5.114682 43.506801),True,5.114682,43.506801,train,3044263
55860,2019,1.0,,MEDITERRANEAN,France,10460.0,3044744,POINT (2.5345 42.89329),True,2.5345,42.89329,train,3044744
55872,2020,6.0,16.0,MEDITERRANEAN,France,1195.0,3048528,POINT (6.423433 43.269362),True,6.423433,43.269362,train,3048528
55889,2019,10.0,80.0,MEDITERRANEAN,France,5907.0,3049526,POINT (5.99135 43.1044),True,5.99135,43.1044,train,3049526
55906,2019,10.0,-inf,MEDITERRANEAN,France,1531.0,3050529,POINT (3.037917 42.729694),True,3.037917,42.729694,train,3050529
55933,2020,10.0,100.0,MEDITERRANEAN,France,8908.0,3051759,POINT (6.02747 43.1155),True,6.02747,43.1155,train,3051759
55945,2021,6.0,5.0,MEDITERRANEAN,France,2643.0,3053146,POINT (6.724083 43.480589),True,6.724083,43.480589,train,3053146
55951,2017,0.0,30.0,MEDITERRANEAN,France,10073.0,3053161,POINT (5.218871 43.331568),True,5.218871,43.331568,train,3053161
55994,2020,10.0,50.0,MEDITERRANEAN,France,1160.0,3054063,POINT (6.4942 43.1604),True,6.4942,43.1604,train,3054063
56004,2021,4.0,250.0,MEDITERRANEAN,France,1276.0,3054224,POINT (3.971374 44.003439),True,3.971374,44.003439,train,3054224
56020,2018,0.0,25.0,ALPINE,France,1872.0,3055585,POINT (1.885394 42.512194),True,1.885394,42.512194,train,3055585
56036,2017,0.0,20.0,MEDITERRANEAN,France,10803.0,3057060,POINT (5.277767 43.53502),True,5.277767,43.53502,train,3057060
56051,2020,10.0,40.0,MEDITERRANEAN,France,1236.0,3058854,POINT (5.08752 44.1786),True,5.08752,44.1786,train,3058854
56071,2017,1.0,,MEDITERRANEAN,France,10247.0,3061067,POINT (3.91286 44.15829),True,3.91286,44.15829,train,3061067
56077,2021,5.0,-inf,MEDITERRANEAN,France,10909.0,3062385,POINT (6.788859 43.700173),True,6.788859,43.700173,train,3062385
56088,2017,1.0,,MEDITERRANEAN,France,9936.0,3063039,POINT (4.02432 43.70702),True,4.02432,43.70702,train,3063039
56122,2020,10.0,10.0,MEDITERRANEAN,France,6374.0,3063496,POINT (5.46561 43.9117),True,5.46561,43.9117,train,3063496
56141,2017,0.0,100.0,MEDITERRANEAN,France,3993.0,3063521,POINT (5.549466 43.530695),True,5.549466,43.530695,train,3063521
56149,2021,5.0,200.0,MEDITERRANEAN,France,11157.0,3063631,POINT (3.288698 43.370073),True,3.288698,43.370073,train,3063631
56175,2021,5.0,15.0,MEDITERRANEAN,France,11195.0,3063641,POINT (5.115373 44.134094),True,5.115373,44.134094,train,3063641
56184,2017,1.0,,MEDITERRANEAN,France,9572.0,3064533,POINT (5.43716 43.2441),True,5.43716,43.2441,train,3064533
56204,2019,10.0,-inf,ALPINE,France,7862.0,3065603,POINT (7.36137 43.97436),True,7.36137,43.97436,train,3065603
56241,2017,0.0,3.0,MEDITERRANEAN,France,3255.0,3067223,POINT (6.122413 43.035188),True,6.122413,43.035188,train,3067223
56255,2020,10.0,50.0,MEDITERRANEAN,France,5220.0,3068017,POINT (4.96172 44.2595),True,4.96172,44.2595,train,3068017
56273,2018,10.0,-inf,MEDITERRANEAN,France,1497.0,3068383,POINT (7.083306 43.629252),True,7.083306,43.629252,train,3068383
56317,2017,0.0,20.0,MEDITERRANEAN,France,2765.0,3068754,POINT (5.596365 43.166632),True,5.596365,43.166632,train,3068754
56336,2019,10.0,200.0,MEDITERRANEAN,France,9994.0,3069412,POINT (5.18189 43.7383),True,5.18189,43.7383,train,3069412
56366,2017,0.0,200.0,MEDITERRANEAN,France,6487.0,3069674,POINT (5.514323 43.40708),True,5.514323,43.40708,train,3069674
56377,2020,3.0,25.0,MEDITERRANEAN,France,10281.0,3071377,POINT (3.827944 43.469391),True,3.827944,43.469391,train,3071377
56384,2020,4.0,400.0,CONTINENTAL,France,7942.0,3074059,POINT (2.723119 43.5227),True,2.723119,43.5227,train,3074059
56399,2020,3.0,16.0,MEDITERRANEAN,France,669.0,3074558,POINT (3.875796 43.501294),True,3.875796,43.501294,train,3074558
56407,2017,0.0,15.0,MEDITERRANEAN,France,9231.0,3076188,POINT (4.84227 43.493951),True,4.84227,43.493951,train,3076188
56423,2017,0.0,-inf,MEDITERRANEAN,France,6235.0,3076656,POINT (3.845635 44.198233),True,3.845635,44.198233,train,3076656
56438,2017,0.0,16.0,MEDITERRANEAN,France,10910.0,3077232,POINT (3.348035 43.276302),True,3.348035,43.276302,train,3077232
56456,2021,5.0,250.0,MEDITERRANEAN,France,6874.0,3077962,POINT (2.977498 43.356567),True,2.977498,43.356567,train,3077962
56477,2021,10.0,4.0,ALPINE,Spain,2078.0,3078430,POINT (2.136722 42.487),True,2.136722,42.487,train,3078430
56490,2018,0.0,25.0,MEDITERRANEAN,France,7770.0,3078957,POINT (5.38089 43.21066),True,5.38089,43.21066,train,3078957
56501,2017,1.0,,MEDITERRANEAN,France,9261.0,3079589,POINT (2.43689 42.96529),True,2.43689,42.96529,train,3079589
56530,2021,6.0,5.0,MEDITERRANEAN,France,7644.0,3080041,POINT (6.741604 43.482842),True,6.741604,43.482842,train,3080041
56543,2019,10.0,10.0,MEDITERRANEAN,France,5876.0,3080924,POINT (3.044139 42.586917),True,3.044139,42.586917,train,3080924
56567,2018,10.0,200.0,MEDITERRANEAN,France,8549.0,3081141,POINT (7.232032 43.784408),True,7.232032,43.784408,train,3081141
56605,2021,5.0,100.0,CONTINENTAL,France,3177.0,3082683,POINT (3.239783 44.408541),True,3.239783,44.408541,train,3082683
56638,2017,10.0,-inf,MEDITERRANEAN,France,7955.0,3083737,POINT (3.516254 43.330369),True,3.516254,43.330369,train,3083737
56640,2020,10.0,50.0,MEDITERRANEAN,France,4404.0,3084748,POINT (6.49797 43.1588),True,6.49797,43.1588,train,3084748
56655,2017,0.0,-inf,MEDITERRANEAN,France,10600.0,3086953,POINT (3.769054 44.084033),True,3.769054,44.084033,train,3086953
56665,2021,5.0,4.0,MEDITERRANEAN,France,6267.0,3088506,POINT (2.74448 42.988696),True,2.74448,42.988696,train,3088506
56667,2021,5.0,100.0,MEDITERRANEAN,France,2634.0,3089684,POINT (3.092275 43.123931),True,3.092275,43.123931,train,3089684
56682,2018,10.0,100.0,MEDITERRANEAN,France,4431.0,3091679,POINT (5.58563 43.169617),True,5.58563,43.169617,train,3091679
56703,2019,1.0,,MEDITERRANEAN,France,1910.0,3092195,POINT (3.97632 43.76171),True,3.97632,43.76171,train,3092195
56716,2021,5.0,50.0,MEDITERRANEAN,France,2756.0,3092472,POINT (6.456861 43.270544),True,6.456861,43.270544,train,3092472
56733,2021,5.0,200.0,MEDITERRANEAN,France,305.0,3092697,POINT (6.188377 43.338565),True,6.188377,43.338565,train,3092697
56737,2021,5.0,12.0,MEDITERRANEAN,France,8149.0,3092704,POINT (6.757077 43.509132),True,6.757077,43.509132,train,3092704
56753,2017,1.0,,ALPINE,France,3722.0,3092743,POINT (2.169 42.55207),True,2.169,42.55207,train,3092743
56776,2019,10.0,-inf,MEDITERRANEAN,France,8283.0,3093059,POINT (3.203879 43.189847),True,3.203879,43.189847,train,3093059
56784,2019,10.0,-inf,MEDITERRANEAN,France,544.0,3095357,POINT (7.203164 44.055587),True,7.203164,44.055587,train,3095357
56815,2021,5.0,2.0,MEDITERRANEAN,France,9922.0,3095907,POINT (4.87686 43.463175),True,4.87686,43.463175,train,3095907
56819,2019,1.0,,MEDITERRANEAN,France,3935.0,3095991,POINT (2.48628 43.1449),True,2.48628,43.1449,train,3095991
56838,2020,10.0,-inf,MEDITERRANEAN,France,9194.0,3098770,POINT (6.50254 43.1593),True,6.50254,43.1593,train,3098770
56846,2021,5.0,250.0,MEDITERRANEAN,France,3937.0,3099959,POINT (3.729874 43.831618),True,3.729874,43.831618,train,3099959
56860,2019,0.0,100.0,MEDITERRANEAN,France,10073.0,3101461,POINT (5.605466 43.160707),True,5.605466,43.160707,train,3101461
56872,2017,1.0,,CONTINENTAL,France,963.0,3101606,POINT (2.7098 43.55773),True,2.7098,43.55773,train,3101606
56884,2017,10.0,25.0,MEDITERRANEAN,France,2753.0,3103571,POINT (5.714929 43.548241),True,5.714929,43.548241,train,3103571
56915,2021,6.0,-inf,MEDITERRANEAN,France,6235.0,3107775,POINT (7.367124 43.930437),True,7.367124,43.930437,train,3107775
56939,2019,1.0,,MEDITERRANEAN,France,9873.0,3107820,POINT (4.38796 44.16839),True,4.38796,44.16839,train,3107820
56954,2018,0.0,100.0,MEDITERRANEAN,France,9766.0,3110272,POINT (7.23027 43.781782),True,7.23027,43.781782,train,3110272
56999,2020,10.0,5.0,MEDITERRANEAN,France,2539.0,3111022,POINT (7.116319 43.818685),True,7.116319,43.818685,train,3111022
57011,2019,1.0,,MEDITERRANEAN,France,5412.0,3111673,POINT (3.90986 44.05042),True,3.90986,44.05042,train,3111673
57026,2021,4.0,250.0,MEDITERRANEAN,France,6226.0,3111766,POINT (3.591837 43.916181),True,3.591837,43.916181,train,3111766
57037,2019,1.0,,CONTINENTAL,France,10728.0,3111817,POINT (2.09273 43.36038),True,2.09273,43.36038,train,3111817
57061,2018,10.0,16.0,MEDITERRANEAN,France,1894.0,3111981,POINT (3.019291 42.795643),True,3.019291,42.795643,train,3111981
57075,2017,10.0,30.0,MEDITERRANEAN,France,473.0,3112775,POINT (6.590626 43.492079),True,6.590626,43.492079,train,3112775
57084,2017,10.0,50.0,ALPINE,France,1276.0,3112843,POINT (1.966667 42.816667),True,1.966667,42.816667,train,3112843
57137,2019,10.0,-inf,MEDITERRANEAN,France,82.0,3113445,POINT (7.07061 43.7596),True,7.07061,43.7596,train,3113445
57169,2017,0.0,100.0,MEDITERRANEAN,France,10073.0,3114943,POINT (5.353063 43.211019),True,5.353063,43.211019,train,3114943
57194,2021,5.0,100.0,MEDITERRANEAN,France,2634.0,3116233,POINT (3.129616 43.149444),True,3.129616,43.149444,train,3116233
57210,2021,1.0,16.0,MEDITERRANEAN,France,9581.0,3116277,POINT (7.135048 43.737734),True,7.135048,43.737734,train,3116277
57241,2017,0.0,50.0,MEDITERRANEAN,France,3262.0,3116345,POINT (5.176585 43.402057),True,5.176585,43.402057,train,3116345
57290,2018,1.0,,MEDITERRANEAN,France,2474.0,3117791,POINT (6.34677 43.23199),True,6.34677,43.23199,train,3117791
57304,2018,0.0,100.0,MEDITERRANEAN,France,9572.0,3118505,POINT (5.597493 43.165741),True,5.597493,43.165741,train,3118505
57340,2021,4.0,250.0,MEDITERRANEAN,France,4530.0,3120395,POINT (4.499337 44.230452),True,4.499337,44.230452,train,3120395
57358,2020,10.0,200.0,MEDITERRANEAN,France,2386.0,3121161,POINT (5.46478 43.9114),True,5.46478,43.9114,train,3121161
57379,2019,10.0,50.0,MEDITERRANEAN,France,3958.0,3122071,POINT (6.551076 43.191298),True,6.551076,43.191298,train,3122071
57402,2017,10.0,-inf,MEDITERRANEAN,France,7955.0,3122213,POINT (3.513733 43.324084),True,3.513733,43.324084,train,3122213
57404,2018,0.0,30.0,MEDITERRANEAN,France,4368.0,3122315,POINT (6.015493 43.120621),True,6.015493,43.120621,train,3122315
57428,2017,1.0,,MEDITERRANEAN,France,10145.0,3124256,POINT (3.51025 44.01949),True,3.51025,44.01949,train,3124256
57438,2020,4.0,1.0,MEDITERRANEAN,France,5451.0,3125850,POINT (7.112051 43.818189),True,7.112051,43.818189,train,3125850
57460,2018,10.0,200.0,MEDITERRANEAN,France,4530.0,3127512,POINT (5.490242 43.278543),True,5.490242,43.278543,train,3127512
57487,2019,1.0,,MEDITERRANEAN,France,11157.0,3128616,POINT (6.53562 43.45874),True,6.53562,43.45874,train,3128616
57501,2021,5.0,16.0,MEDITERRANEAN,France,9877.0,3128685,POINT (4.040998 43.557082),True,4.040998,43.557082,train,3128685
57505,2017,1.0,,MEDITERRANEAN,France,6039.0,3129832,POINT (5.96531 43.42546),True,5.96531,43.42546,train,3129832
57519,2019,10.0,-inf,MEDITERRANEAN,France,661.0,3130457,POINT (2.362944 43.357028),True,2.362944,43.357028,train,3130457
57527,2021,10.0,200.0,MEDITERRANEAN,France,6652.0,3130727,POINT (5.58953 43.1685),True,5.58953,43.1685,train,3130727
57545,2017,10.0,12.0,MEDITERRANEAN,France,5882.0,3130905,POINT (5.651529 43.632003),True,5.651529,43.632003,train,3130905
57564,2021,5.0,25.0,MEDITERRANEAN,France,1195.0,3132310,POINT (3.051579 42.892176),True,3.051579,42.892176,train,3132310
57579,2019,0.0,20.0,MEDITERRANEAN,France,4477.0,3132877,POINT (6.044488 43.085566),True,6.044488,43.085566,train,3132877
57595,2019,10.0,100.0,MEDITERRANEAN,France,4431.0,3133786,POINT (5.36857 43.208439),True,5.36857,43.208439,train,3133786
57611,2021,5.0,250.0,MEDITERRANEAN,France,10073.0,3133882,POINT (3.289538 44.074321),True,3.289538,44.074321,train,3133882
57631,2021,6.0,25.0,ALPINE,Andorra,7883.0,3135256,POINT (1.729671 42.521918),True,1.729671,42.521918,train,3135256
57641,2019,1.0,,MEDITERRANEAN,France,9873.0,3135675,POINT (3.93631 44.10399),True,3.93631,44.10399,train,3135675
57661,2017,10.0,30.0,ALPINE,France,8422.0,3136514,POINT (1.977861 42.864972),True,1.977861,42.864972,train,3136514
57678,2018,10.0,16.0,MEDITERRANEAN,France,10364.0,3137889,POINT (3.03549 42.768835),True,3.03549,42.768835,train,3137889
57698,2020,10.0,40.0,MEDITERRANEAN,France,4773.0,3138063,POINT (3.033984 42.667364),True,3.033984,42.667364,train,3138063
57703,2018,1.0,,MEDITERRANEAN,France,9647.0,3138149,POINT (2.16837 42.76759),True,2.16837,42.76759,train,3138149
57718,2017,1.0,,MEDITERRANEAN,France,10715.0,3140955,POINT (2.19226 42.96524),True,2.19226,42.96524,train,3140955
57752,2018,1.0,,MEDITERRANEAN,France,5474.0,3141278,POINT (2.60796 42.92906),True,2.60796,42.92906,train,3141278
57778,2018,10.0,16.0,MEDITERRANEAN,France,10021.0,3144363,POINT (3.031082 42.743003),True,3.031082,42.743003,train,3144363
57782,2020,10.0,15.0,MEDITERRANEAN,France,7854.0,3145350,POINT (4.74519 44.2036),True,4.74519,44.2036,train,3145350
57807,2019,10.0,150.0,MEDITERRANEAN,France,6874.0,3147581,POINT (4.83797 44.2044),True,4.83797,44.2044,train,3147581
57841,2018,0.0,10.0,MEDITERRANEAN,France,4265.0,3147862,POINT (3.740497 43.92281),True,3.740497,43.92281,train,3147862
57842,2017,10.0,100.0,MEDITERRANEAN,France,2608.0,3147974,POINT (6.213166 43.765879),True,6.213166,43.765879,train,3147974
57856,2021,5.0,16.0,MEDITERRANEAN,France,5924.0,3148871,POINT (7.141809 43.703665),True,7.141809,43.703665,train,3148871
57870,2020,4.0,4.0,MEDITERRANEAN,France,4675.0,3149673,POINT (7.056415 43.78589),True,7.056415,43.78589,train,3149673
57893,2021,5.0,50.0,MEDITERRANEAN,France,9388.0,3150286,POINT (2.868579 43.047244),True,2.868579,43.047244,train,3150286
57928,2020,4.0,400.0,MEDITERRANEAN,France,3958.0,3151110,POINT (2.73963 43.52908),True,2.73963,43.52908,train,3151110
57944,2021,5.0,-inf,MEDITERRANEAN,France,982.0,3151942,POINT (7.243447 43.698571),True,7.243447,43.698571,train,3151942
57981,2021,5.0,16.0,ALPINE,Andorra,4207.0,3152205,POINT (1.729607 42.521708),True,1.729607,42.521708,train,3152205
58017,2020,12.0,4.0,MEDITERRANEAN,France,10305.0,3153893,POINT (3.211923 43.5384),True,3.211923,43.5384,train,3153893
58019,2019,10.0,-inf,MEDITERRANEAN,France,9595.0,3155510,POINT (6.551083 43.191613),True,6.551083,43.191613,train,3155510
58031,2021,5.0,200.0,MEDITERRANEAN,France,3669.0,3155544,POINT (4.03149 43.558778),True,4.03149,43.558778,train,3155544
58043,2021,5.0,250.0,MEDITERRANEAN,France,5412.0,3155873,POINT (4.007808 43.863079),True,4.007808,43.863079,train,3155873
58053,2019,1.0,,MEDITERRANEAN,France,7706.0,3155985,POINT (6.53336 43.76485),True,6.53336,43.76485,train,3155985
58063,2019,10.0,100.0,MEDITERRANEAN,France,5412.0,3156020,POINT (5.18159 43.7384),True,5.18159,43.7384,train,3156020
58074,2018,10.0,50.0,MEDITERRANEAN,France,3438.0,3158746,POINT (6.671409 43.313267),True,6.671409,43.313267,train,3158746
58099,2017,0.0,100.0,MEDITERRANEAN,France,8784.0,3159006,POINT (5.498337 43.227975),True,5.498337,43.227975,train,3159006
58106,2018,10.0,16.0,MEDITERRANEAN,France,6491.0,3159080,POINT (3.01939 42.797136),True,3.01939,42.797136,train,3159080
58110,2021,10.0,5.0,MEDITERRANEAN,France,2940.0,3160342,POINT (5.09395 44.1854),True,5.09395,44.1854,train,3160342
58124,2017,1.0,,MEDITERRANEAN,France,1276.0,3163503,POINT (5.3827 44.07319),True,5.3827,44.07319,train,3163503
58140,2018,10.0,16.0,MEDITERRANEAN,France,10347.0,3164503,POINT (5.690736 43.694098),True,5.690736,43.694098,train,3164503
58148,2017,1.0,,CONTINENTAL,France,5969.0,3166260,POINT (2.38834 43.39659),True,2.38834,43.39659,train,3166260
58158,2019,1.0,,MEDITERRANEAN,Spain,713.0,3167148,POINT (2.62968 42.39019),True,2.62968,42.39019,train,3167148
58191,2020,3.0,-inf,MEDITERRANEAN,France,11146.0,3167969,POINT (7.121587 43.649398),True,7.121587,43.649398,train,3167969
58225,2021,4.0,250.0,MEDITERRANEAN,France,5474.0,3168393,POINT (4.030131 43.85351),True,4.030131,43.85351,train,3168393
58239,2019,1.0,,MEDITERRANEAN,France,6235.0,3168783,POINT (3.86194 44.12304),True,3.86194,44.12304,train,3168783
58253,2019,10.0,-inf,MEDITERRANEAN,France,7805.0,3168786,POINT (6.034471 43.085399),True,6.034471,43.085399,train,3168786
58274,2020,4.0,50.0,MEDITERRANEAN,France,6492.0,3170533,POINT (2.714342 42.978661),True,2.714342,42.978661,train,3170533
58291,2020,10.0,-inf,MEDITERRANEAN,France,1176.0,3170673,POINT (6.52779 43.1982),True,6.52779,43.1982,train,3170673
58313,2018,0.0,40.0,MEDITERRANEAN,France,10803.0,3171980,POINT (5.596029 43.476056),True,5.596029,43.476056,train,3171980
58328,2021,5.0,50.0,MEDITERRANEAN,France,8489.0,3172112,POINT (3.895747 43.539407),True,3.895747,43.539407,train,3172112
58331,2021,5.0,200.0,MEDITERRANEAN,France,9702.0,3172381,POINT (3.217763 43.46296),True,3.217763,43.46296,train,3172381
58366,2020,4.0,4.0,MEDITERRANEAN,France,9261.0,3175827,POINT (5.908874 43.277246),True,5.908874,43.277246,train,3175827
58378,2019,1.0,,MEDITERRANEAN,France,9458.0,3177227,POINT (5.1743 43.89889),True,5.1743,43.89889,train,3177227
58396,2019,1.0,,ALPINE,Spain,4342.0,3177544,POINT (1.95076 42.49763),True,1.95076,42.49763,train,3177544
58463,2018,0.0,20.0,MEDITERRANEAN,France,9243.0,3177590,POINT (3.705307 43.777548),True,3.705307,43.777548,train,3177590
58465,2021,4.0,16.0,MEDITERRANEAN,France,5829.0,3177923,POINT (2.812735 42.993862),True,2.812735,42.993862,train,3177923
58491,2021,4.0,100.0,MEDITERRANEAN,France,5016.0,3178914,POINT (3.099385 43.133746),True,3.099385,43.133746,train,3178914
58514,2020,10.0,50.0,MEDITERRANEAN,France,2926.0,3181432,POINT (3.32676 43.261701),True,3.32676,43.261701,train,3181432
58527,2020,4.0,400.0,MEDITERRANEAN,France,8208.0,3181853,POINT (2.782903 43.547771),True,2.782903,43.547771,train,3181853
58531,2021,10.0,9.0,MEDITERRANEAN,France,10051.0,3181873,POINT (2.327611 43.213972),True,2.327611,43.213972,train,3181873
58535,2018,10.0,16.0,MEDITERRANEAN,France,4229.0,3182181,POINT (3.015691 42.799222),True,3.015691,42.799222,train,3182181
58541,2021,5.0,200.0,MEDITERRANEAN,France,2474.0,3182901,POINT (7.145574 43.682841),True,7.145574,43.682841,train,3182901
58565,2018,0.0,5.0,MEDITERRANEAN,France,4299.0,3183075,POINT (5.351605 43.231703),True,5.351605,43.231703,train,3183075
58585,2017,1.0,,MEDITERRANEAN,France,476.0,3185551,POINT (5.24425 43.80708),True,5.24425,43.80708,train,3185551
58610,2020,10.0,40.0,MEDITERRANEAN,France,2173.0,3187080,POINT (3.044422 42.584571),True,3.044422,42.584571,train,3187080
58622,2021,5.0,20.0,MEDITERRANEAN,France,857.0,3187597,POINT (3.779466 43.461949),True,3.779466,43.461949,train,3187597
58625,2018,0.0,30.0,MEDITERRANEAN,France,2109.0,3187932,POINT (6.899204 43.510916),True,6.899204,43.510916,train,3187932
58643,2018,1.0,,MEDITERRANEAN,France,8818.0,3188921,POINT (5.29667 43.85964),True,5.29667,43.85964,train,3188921
58651,2018,0.0,16.0,MEDITERRANEAN,France,5799.0,3189637,POINT (3.075835 42.533287),True,3.075835,42.533287,train,3189637
58652,2020,3.0,25.0,MEDITERRANEAN,France,8027.0,3190019,POINT (3.769587 43.459208),True,3.769587,43.459208,train,3190019
58677,2019,10.0,-inf,MEDITERRANEAN,France,3465.0,3190326,POINT (3.15132 43.261626),True,3.15132,43.261626,train,3190326
58683,2021,5.0,3.0,MEDITERRANEAN,France,6067.0,3191161,POINT (7.100342 43.673138),True,7.100342,43.673138,train,3191161
58714,2017,1.0,,CONTINENTAL,France,8472.0,3191711,POINT (3.54396 44.43279),True,3.54396,44.43279,train,3191711
58741,2017,10.0,10.0,ALPINE,France,10255.0,3192195,POINT (1.967111 42.778306),True,1.967111,42.778306,train,3192195
58799,2018,10.0,16.0,MEDITERRANEAN,France,11222.0,3194737,POINT (3.038261 42.770578),True,3.038261,42.770578,train,3194737
58803,2017,10.0,16.0,MEDITERRANEAN,France,2539.0,3196175,POINT (3.348891 43.275318),True,3.348891,43.275318,train,3196175
58828,2018,10.0,30.0,MEDITERRANEAN,France,1519.0,3197698,POINT (6.713306 43.34984),True,6.713306,43.34984,train,3197698
58839,2020,10.0,200.0,MEDITERRANEAN,France,11140.0,3203359,POINT (6.02089 43.1207),True,6.02089,43.1207,train,3203359
58854,2020,10.0,40.0,MEDITERRANEAN,France,1160.0,3203623,POINT (6.50393 43.1865),True,6.50393,43.1865,train,3203623
58887,2021,10.0,2.0,MEDITERRANEAN,France,7193.0,3203764,POINT (6.34228 43.2202),True,6.34228,43.2202,train,3203764
58901,2017,1.0,,MEDITERRANEAN,France,11045.0,3205094,POINT (5.48237 43.62052),True,5.48237,43.62052,train,3205094
58922,2018,0.0,100.0,MEDITERRANEAN,France,2809.0,3207723,POINT (4.676512 43.494148),True,4.676512,43.494148,train,3207723
58929,2021,5.0,50.0,MEDITERRANEAN,France,6039.0,3208578,POINT (2.943312 43.047216),True,2.943312,43.047216,train,3208578
58945,2021,4.0,16.0,MEDITERRANEAN,France,10073.0,3208746,POINT (3.87641 43.537935),True,3.87641,43.537935,train,3208746
58961,2018,10.0,16.0,MEDITERRANEAN,France,3125.0,3209240,POINT (3.020458 42.849478),True,3.020458,42.849478,train,3209240
58965,2021,5.0,25.0,MEDITERRANEAN,France,6874.0,3210589,POINT (5.122955 44.137122),True,5.122955,44.137122,train,3210589
58978,2020,10.0,50.0,MEDITERRANEAN,France,4659.0,3211895,POINT (3.134679 43.127078),True,3.134679,43.127078,train,3211895
58991,2017,0.0,3.0,MEDITERRANEAN,France,2643.0,3212286,POINT (5.578316 43.243492),True,5.578316,43.243492,train,3212286
58999,2019,1.0,,MEDITERRANEAN,France,963.0,3212657,POINT (3.51174 44.09141),True,3.51174,44.09141,train,3212657
59001,2020,10.0,-inf,MEDITERRANEAN,France,6048.0,3213307,POINT (7.120747 43.824314),True,7.120747,43.824314,train,3213307
59037,2020,10.0,-inf,MEDITERRANEAN,France,3722.0,3214580,POINT (6.49962 43.1633),True,6.49962,43.1633,train,3214580
59059,2021,5.0,250.0,MEDITERRANEAN,France,9873.0,3215385,POINT (3.232715 43.639673),True,3.232715,43.639673,train,3215385
59081,2017,1.0,,CONTINENTAL,France,661.0,3215774,POINT (3.42368 44.70387),True,3.42368,44.70387,train,3215774
59090,2021,5.0,250.0,MEDITERRANEAN,France,7862.0,3216522,POINT (3.199298 43.629157),True,3.199298,43.629157,train,3216522
59107,2017,1.0,,MEDITERRANEAN,France,2396.0,3216996,POINT (6.86245 43.84165),True,6.86245,43.84165,train,3216996
59140,2020,10.0,40.0,MEDITERRANEAN,France,4659.0,3220920,POINT (4.212716 43.463944),True,4.212716,43.463944,train,3220920
59154,2021,5.0,50.0,MEDITERRANEAN,France,9458.0,3222376,POINT (2.829488 43.027756),True,2.829488,43.027756,train,3222376
59169,2017,1.0,,MEDITERRANEAN,France,51.0,3223342,POINT (5.68066 43.20082),True,5.68066,43.20082,train,3223342
59187,2020,10.0,50.0,MEDITERRANEAN,France,2173.0,3224029,POINT (3.07718 43.05074),True,3.07718,43.05074,train,3224029
59199,2021,5.0,-inf,MEDITERRANEAN,France,7805.0,3224506,POINT (6.803699 43.699591),True,6.803699,43.699591,train,3224506
59219,2019,10.0,-inf,MEDITERRANEAN,France,11240.0,3224604,POINT (3.031972 42.659417),True,3.031972,42.659417,train,3224604
59258,2021,5.0,20.0,MEDITERRANEAN,France,3958.0,3224695,POINT (6.190325 43.339957),True,6.190325,43.339957,train,3224695
59269,2021,5.0,100.0,MEDITERRANEAN,France,2421.0,3225543,POINT (3.172847 43.234748),True,3.172847,43.234748,train,3225543
59281,2017,1.0,,MEDITERRANEAN,France,1304.0,3226443,POINT (4.2956 43.6665),True,4.2956,43.6665,train,3226443
59307,2018,0.0,20.0,ALPINE,France,3037.0,3227307,POINT (1.993653 42.524202),True,1.993653,42.524202,train,3227307
59322,2019,10.0,100.0,MEDITERRANEAN,France,51.0,3228308,POINT (6.054266 43.090969),True,6.054266,43.090969,train,3228308
59342,2020,10.0,-inf,ALPINE,France,10073.0,3228468,POINT (7.50327 44.086),True,7.50327,44.086,train,3228468
59375,2019,10.0,5.0,MEDITERRANEAN,France,9936.0,3229184,POINT (7.07501 43.7566),True,7.07501,43.7566,train,3229184
59410,2021,10.0,7.0,MEDITERRANEAN,France,887.0,3232795,POINT (6.34156 43.2397),True,6.34156,43.2397,train,3232795
59428,2021,6.0,16.0,MEDITERRANEAN,France,9877.0,3234174,POINT (4.043429 43.557286),True,4.043429,43.557286,train,3234174
59434,2017,0.0,6.0,MEDITERRANEAN,France,129.0,3234466,POINT (5.120219 43.510068),True,5.120219,43.510068,train,3234466
59457,2021,4.0,4.0,MEDITERRANEAN,France,4325.0,3235349,POINT (2.878775 43.048678),True,2.878775,43.048678,train,3235349
59460,2019,1.0,,MEDITERRANEAN,France,10520.0,3236243,POINT (3.90489 43.87065),True,3.90489,43.87065,train,3236243
59481,2019,10.0,16.0,MEDITERRANEAN,France,8489.0,3236816,POINT (3.680898 43.39326),True,3.680898,43.39326,train,3236816
59491,2017,10.0,100.0,MEDITERRANEAN,France,10998.0,3237290,POINT (5.671282 43.319376),True,5.671282,43.319376,train,3237290
59517,2017,0.0,-inf,MEDITERRANEAN,France,10600.0,3238256,POINT (3.714716 44.135121),True,3.714716,44.135121,train,3238256
59531,2018,10.0,16.0,MEDITERRANEAN,France,7315.0,3238966,POINT (3.050267 42.89417),True,3.050267,42.89417,train,3238966
59539,2018,1.0,,MEDITERRANEAN,France,2386.0,3240801,POINT (2.46154 43.0551),True,2.46154,43.0551,train,3240801
59563,2021,4.0,250.0,CONTINENTAL,France,5071.0,3241712,POINT (2.696867 43.554286),True,2.696867,43.554286,train,3241712
59575,2017,1.0,,CONTINENTAL,France,8428.0,3242664,POINT (3.40255 44.91996),True,3.40255,44.91996,train,3242664
59597,2021,0.0,-inf,MEDITERRANEAN,France,2002.0,3244869,POINT (7.358377 43.913433),True,7.358377,43.913433,train,3244869
59623,2017,0.0,-inf,MEDITERRANEAN,France,981.0,3246731,POINT (3.751926 44.190148),True,3.751926,44.190148,train,3246731
59638,2019,10.0,100.0,MEDITERRANEAN,France,9513.0,3247740,POINT (5.369841 43.208222),True,5.369841,43.208222,train,3247740
59650,2021,10.0,20.0,MEDITERRANEAN,France,1933.0,3249499,POINT (6.899884 43.442252),True,6.899884,43.442252,train,3249499
59657,2018,0.0,100.0,MEDITERRANEAN,France,10347.0,3249892,POINT (5.671795 43.69371),True,5.671795,43.69371,train,3249892
59678,2017,10.0,-inf,MEDITERRANEAN,France,7955.0,3250583,POINT (3.514917 43.31868),True,3.514917,43.31868,train,3250583
59679,2017,0.0,100.0,MEDITERRANEAN,France,5721.0,3251399,POINT (5.353292 43.211212),True,5.353292,43.211212,train,3251399
59692,2017,1.0,,CONTINENTAL,France,8512.0,3253559,POINT (2.63575 43.57593),True,2.63575,43.57593,train,3253559
59709,2019,1.0,,MEDITERRANEAN,France,6874.0,3254146,POINT (5.53182 43.61907),True,5.53182,43.61907,train,3254146
59724,2020,10.0,50.0,MEDITERRANEAN,France,1300.0,3254721,POINT (3.213283 43.195964),True,3.213283,43.195964,train,3254721
59758,2019,1.0,,MEDITERRANEAN,France,2386.0,3256828,POINT (3.63441 44.0001),True,3.63441,44.0001,train,3256828
59770,2018,1.0,,MEDITERRANEAN,Spain,3581.0,3257849,POINT (2.654 42.40808),True,2.654,42.40808,train,3257849
59795,2020,10.0,200.0,MEDITERRANEAN,France,1160.0,3258181,POINT (6.45998 43.1647),True,6.45998,43.1647,train,3258181
59802,2017,10.0,-inf,MEDITERRANEAN,France,7955.0,3258870,POINT (3.513781 43.329481),True,3.513781,43.329481,train,3258870
59813,2017,10.0,-inf,MEDITERRANEAN,France,7955.0,3259033,POINT (3.523582 43.323137),True,3.523582,43.323137,train,3259033
59814,2021,5.0,250.0,CONTINENTAL,France,2474.0,3259333,POINT (3.241413 44.407599),True,3.241413,44.407599,train,3259333
59840,2017,10.0,16.0,MEDITERRANEAN,France,1300.0,3259393,POINT (3.350529 43.27328),True,3.350529,43.27328,train,3259393
59850,2021,5.0,250.0,MEDITERRANEAN,France,2747.0,3262455,POINT (4.335153 44.16122),True,4.335153,44.16122,train,3262455
59874,2018,0.0,-inf,MEDITERRANEAN,France,1214.0,3264282,POINT (4.854744 43.665629),True,4.854744,43.665629,train,3264282
59884,2018,1.0,,MEDITERRANEAN,France,3251.0,3264661,POINT (5.45666 43.60328),True,5.45666,43.60328,train,3264661
59905,2020,10.0,100.0,MEDITERRANEAN,France,4087.0,3265629,POINT (6.50844 43.1563),True,6.50844,43.1563,train,3265629
59948,2021,10.0,80.0,MEDITERRANEAN,France,4029.0,3267099,POINT (6.14878 43.0269),True,6.14878,43.0269,train,3267099
59959,2021,10.0,200.0,MEDITERRANEAN,France,7565.0,3267205,POINT (5.25563 43.488),True,5.25563,43.488,train,3267205
59982,2020,10.0,100.0,MEDITERRANEAN,France,7536.0,3267762,POINT (5.72736 43.7092),True,5.72736,43.7092,train,3267762
59995,2020,10.0,100.0,MEDITERRANEAN,France,5618.0,3268700,POINT (6.4942 43.1739),True,6.4942,43.1739,train,3268700
60007,2017,0.0,2.0,MEDITERRANEAN,France,2719.0,3269039,POINT (5.029407 43.336522),True,5.029407,43.336522,train,3269039
60012,2019,10.0,30.0,MEDITERRANEAN,France,2173.0,3269286,POINT (3.03767 42.74364),True,3.03767,42.74364,train,3269286
60024,2021,10.0,10.0,MEDITERRANEAN,France,1910.0,3269329,POINT (4.80301 43.9547),True,4.80301,43.9547,train,3269329
60048,2017,10.0,-inf,MEDITERRANEAN,France,7955.0,3270570,POINT (3.522334 43.321344),True,3.522334,43.321344,train,3270570
60049,2018,0.0,-inf,MEDITERRANEAN,France,7576.0,3270720,POINT (4.854248 43.664468),True,4.854248,43.664468,train,3270720
60067,2019,1.0,,MEDITERRANEAN,France,146.0,3271722,POINT (6.66559 43.54361),True,6.66559,43.54361,train,3271722
60088,2020,3.0,16.0,MEDITERRANEAN,France,1121.0,3272620,POINT (4.081117 43.576287),True,4.081117,43.576287,train,3272620
60104,2017,10.0,-inf,MEDITERRANEAN,France,6279.0,3273321,POINT (3.511285 43.325895),True,3.511285,43.325895,train,3273321
60106,2021,5.0,250.0,MEDITERRANEAN,France,2643.0,3274216,POINT (3.339271 43.668762),True,3.339271,43.668762,train,3274216
60118,2020,12.0,400.0,MEDITERRANEAN,France,7817.0,3274234,POINT (2.799981 43.55432),True,2.799981,43.55432,train,3274234
60140,2018,10.0,100.0,MEDITERRANEAN,France,9135.0,3275426,POINT (4.410035 43.529083),True,4.410035,43.529083,train,3275426
60145,2017,1.0,,MEDITERRANEAN,France,6226.0,3276632,POINT (5.6634 43.32727),True,5.6634,43.32727,train,3276632
60175,2021,5.0,-inf,MEDITERRANEAN,France,8818.0,3276957,POINT (7.366257 43.929299),True,7.366257,43.929299,train,3276957
60208,2017,10.0,6.0,MEDITERRANEAN,France,11193.0,3277430,POINT (7.131504 43.56572),True,7.131504,43.56572,train,3277430
60220,2021,10.0,100.0,MEDITERRANEAN,France,4701.0,3278063,POINT (4.64548 43.6977),True,4.64548,43.6977,train,3278063
60237,2021,10.0,20.0,MEDITERRANEAN,France,8219.0,3278121,POINT (6.09359 43.0382),True,6.09359,43.0382,train,3278121
60250,2017,10.0,-inf,MEDITERRANEAN,France,6279.0,3278990,POINT (3.513677 43.317787),True,3.513677,43.317787,train,3278990
60252,2021,10.0,5.0,MEDITERRANEAN,France,8633.0,3279386,POINT (4.80253 43.9544),True,4.80253,43.9544,train,3279386
60258,2021,10.0,15.0,MEDITERRANEAN,France,9194.0,3280321,POINT (5.23941 43.4487),True,5.23941,43.4487,train,3280321
60284,2018,10.0,-inf,MEDITERRANEAN,France,10315.0,3280614,POINT (7.187883 43.767542),True,7.187883,43.767542,train,3280614
60326,2021,5.0,100.0,MEDITERRANEAN,France,6874.0,3281350,POINT (3.110389 43.151633),True,3.110389,43.151633,train,3281350
60340,2018,10.0,16.0,MEDITERRANEAN,France,9513.0,3281833,POINT (3.015081 42.803359),True,3.015081,42.803359,train,3281833
60349,2019,10.0,60.0,MEDITERRANEAN,France,3669.0,3283158,POINT (6.046894 43.086722),True,6.046894,43.086722,train,3283158
60366,2017,10.0,4.0,MEDITERRANEAN,France,1069.0,3284235,POINT (5.185728 43.404564),True,5.185728,43.404564,train,3284235
60381,2018,1.0,,MEDITERRANEAN,France,9190.0,3287463,POINT (2.24088 43.14496),True,2.24088,43.14496,train,3287463
60409,2017,0.0,3.0,MEDITERRANEAN,France,9158.0,3288637,POINT (5.61521 43.24426),True,5.61521,43.24426,train,3288637
60420,2020,10.0,20.0,MEDITERRANEAN,France,3958.0,3292607,POINT (4.95869 44.056),True,4.95869,44.056,train,3292607
60439,2021,10.0,1.0,MEDITERRANEAN,France,7493.0,3293496,POINT (5.16496 43.7061),True,5.16496,43.7061,train,3293496
60453,2018,0.0,-inf,MEDITERRANEAN,France,8785.0,3294509,POINT (6.141053 43.030244),True,6.141053,43.030244,train,3294509
60464,2017,1.0,,MEDITERRANEAN,France,4530.0,3295607,POINT (5.52011 43.85332),True,5.52011,43.85332,train,3295607
60491,2018,10.0,16.0,MEDITERRANEAN,France,10082.0,3296185,POINT (3.037941 42.74729),True,3.037941,42.74729,train,3296185
60502,2017,1.0,,MEDITERRANEAN,France,3581.0,3296302,POINT (7.05188 43.72552),True,7.05188,43.72552,train,3296302
60511,2019,10.0,100.0,MEDITERRANEAN,France,10113.0,3296331,POINT (4.448531 44.24908),True,4.448531,44.24908,train,3296331
60548,2018,1.0,,MEDITERRANEAN,France,8106.0,3297959,POINT (7.09836 43.68746),True,7.09836,43.68746,train,3297959
60565,2017,0.0,16.0,ALPINE,Spain,4712.0,3298120,POINT (2.143447 42.443164),True,2.143447,42.443164,train,3298120
60594,2017,0.0,200.0,MEDITERRANEAN,France,7706.0,3299162,POINT (5.647347 43.5409),True,5.647347,43.5409,train,3299162
60606,2018,10.0,40.0,ALPINE,France,1276.0,3300862,POINT (1.933333 42.816667),True,1.933333,42.816667,train,3300862
60631,2017,0.0,200.0,MEDITERRANEAN,France,4003.0,3303081,POINT (5.595608 43.167857),True,5.595608,43.167857,train,3303081
60652,2019,1.0,,MEDITERRANEAN,France,5335.0,3306508,POINT (7.21879 43.93428),True,7.21879,43.93428,train,3306508
60670,2018,0.0,-inf,MEDITERRANEAN,France,2476.0,3307195,POINT (2.596815 42.68012),True,2.596815,42.68012,train,3307195
60671,2018,10.0,16.0,MEDITERRANEAN,France,3466.0,3307397,POINT (3.037635 42.746652),True,3.037635,42.746652,train,3307397
60683,2021,10.0,200.0,MEDITERRANEAN,France,4143.0,3310072,POINT (5.57429 43.2203),True,5.57429,43.2203,train,3310072
60696,2021,10.0,10.0,MEDITERRANEAN,France,3623.0,3312219,POINT (4.804518 43.953259),True,4.804518,43.953259,train,3312219
60700,2021,5.0,250.0,MEDITERRANEAN,France,3935.0,3313641,POINT (3.801788 43.833679),True,3.801788,43.833679,train,3313641
60717,2017,10.0,-inf,MEDITERRANEAN,France,10073.0,3313657,POINT (2.082306 42.841528),True,2.082306,42.841528,train,3313657
60754,2018,0.0,150.0,MEDITERRANEAN,France,8991.0,3313797,POINT (7.261863 43.909559),True,7.261863,43.909559,train,3313797
60795,2020,10.0,-inf,MEDITERRANEAN,France,3845.0,3313936,POINT (6.54851 43.1922),True,6.54851,43.1922,train,3313936
60807,2020,4.0,25.0,MEDITERRANEAN,France,1195.0,3314585,POINT (4.051939 43.560005),True,4.051939,43.560005,train,3314585
60816,2020,4.0,-inf,MEDITERRANEAN,France,3865.0,3316783,POINT (6.768816 43.554023),True,6.768816,43.554023,train,3316783
60836,2021,5.0,50.0,MEDITERRANEAN,France,9388.0,3317463,POINT (2.868603 43.04761),True,2.868603,43.04761,train,3317463
60916,2021,0.0,5.0,ALPINE,France,5317.0,3320162,POINT (7.474747 44.082532),True,7.474747,44.082532,train,3320162
60928,2021,10.0,10.0,MEDITERRANEAN,France,3669.0,3321013,POINT (2.212806 43.329056),True,2.212806,43.329056,train,3321013
60938,2020,10.0,50.0,MEDITERRANEAN,France,8711.0,3323566,POINT (6.39755 43.1445),True,6.39755,43.1445,train,3323566
60948,2020,10.0,40.0,MEDITERRANEAN,France,981.0,3323611,POINT (3.002316 43.615901),True,3.002316,43.615901,train,3323611
60972,2019,0.0,50.0,MEDITERRANEAN,France,3993.0,3323958,POINT (3.435888 43.741992),True,3.435888,43.741992,train,3323958
60985,2017,0.0,16.0,MEDITERRANEAN,France,1176.0,3325831,POINT (3.349243 43.272493),True,3.349243,43.272493,train,3325831
60998,2017,0.0,16.0,MEDITERRANEAN,France,9575.0,3327161,POINT (5.277381 43.535289),True,5.277381,43.535289,train,3327161
61013,2018,1.0,,CONTINENTAL,France,6788.0,3327320,POINT (3.42089 44.55999),True,3.42089,44.55999,train,3327320
61031,2018,0.0,-inf,MEDITERRANEAN,France,6491.0,3327549,POINT (4.857903 43.664),True,4.857903,43.664,train,3327549
61038,2021,5.0,100.0,MEDITERRANEAN,France,9458.0,3327842,POINT (3.172403 43.198437),True,3.172403,43.198437,train,3327842
61053,2017,0.0,60.0,MEDITERRANEAN,France,876.0,3330070,POINT (5.607168 43.238749),True,5.607168,43.238749,train,3330070
61076,2020,4.0,16.0,MEDITERRANEAN,France,9816.0,3335514,POINT (7.036003 43.791492),True,7.036003,43.791492,train,3335514
61086,2017,0.0,100.0,MEDITERRANEAN,France,9572.0,3336324,POINT (4.335123 43.469922),True,4.335123,43.469922,train,3336324
61095,2017,0.0,100.0,MEDITERRANEAN,France,3043.0,3337608,POINT (5.647939 43.541119),True,5.647939,43.541119,train,3337608
61097,2018,10.0,80.0,MEDITERRANEAN,France,6039.0,3341369,POINT (6.136509 43.032879),True,6.136509,43.032879,train,3341369
61117,2020,10.0,-inf,MEDITERRANEAN,France,6808.0,3341408,POINT (6.47807 43.16619),True,6.47807,43.16619,train,3341408
61140,2017,0.0,-inf,MEDITERRANEAN,France,661.0,3343132,POINT (3.826419 44.162321),True,3.826419,44.162321,train,3343132
61162,2021,5.0,16.0,MEDITERRANEAN,France,4130.0,3345431,POINT (3.853744 43.488581),True,3.853744,43.488581,train,3345431
61169,2019,10.0,-inf,MEDITERRANEAN,France,9034.0,3345822,POINT (3.24393 43.218751),True,3.24393,43.218751,train,3345822
61176,2020,10.0,25.0,MEDITERRANEAN,France,5411.0,3346460,POINT (5.3332 44.0313),True,5.3332,44.0313,train,3346460
61197,2017,0.0,-inf,MEDITERRANEAN,France,4871.0,3346973,POINT (3.910303 44.122834),True,3.910303,44.122834,train,3346973
61216,2020,3.0,16.0,MEDITERRANEAN,France,8661.0,3347425,POINT (4.018362 43.554418),True,4.018362,43.554418,train,3347425
61217,2017,1.0,,MEDITERRANEAN,France,10073.0,3350415,POINT (3.00766 43.66415),True,3.00766,43.66415,train,3350415
61235,2017,1.0,,MEDITERRANEAN,France,5071.0,3352016,POINT (2.88299 43.57497),True,2.88299,43.57497,train,3352016
61257,2020,10.0,40.0,MEDITERRANEAN,France,9877.0,3352566,POINT (3.039201 42.811287),True,3.039201,42.811287,train,3352566
61266,2020,10.0,-inf,MEDITERRANEAN,France,2926.0,3353000,POINT (3.033987 42.662167),True,3.033987,42.662167,train,3353000
61272,2018,0.0,25.0,ALPINE,France,340.0,3354442,POINT (1.95193 42.508481),True,1.95193,42.508481,train,3354442
61296,2017,0.0,16.0,MEDITERRANEAN,France,5424.0,3354986,POINT (3.349061 43.272925),True,3.349061,43.272925,train,3354986
61312,2020,10.0,-inf,MEDITERRANEAN,France,4617.0,3356044,POINT (7.122087 43.824477),True,7.122087,43.824477,train,3356044
61350,2017,0.0,-inf,MEDITERRANEAN,France,10895.0,3356343,POINT (4.392032 43.562413),True,4.392032,43.562413,train,3356343
61364,2017,0.0,250.0,MEDITERRANEAN,France,6874.0,3357958,POINT (5.597556 43.235794),True,5.597556,43.235794,train,3357958
61373,2020,4.0,-inf,MEDITERRANEAN,France,351.0,3358860,POINT (7.112334 43.818127),True,7.112334,43.818127,train,3358860
61394,2018,0.0,20.0,MEDITERRANEAN,France,340.0,3359174,POINT (3.667782 43.848473),True,3.667782,43.848473,train,3359174
61398,2021,5.0,250.0,MEDITERRANEAN,France,3345.0,3360015,POINT (3.408544 43.861136),True,3.408544,43.861136,train,3360015
61420,2019,10.0,100.0,MEDITERRANEAN,France,10686.0,3360607,POINT (6.02027 43.1218),True,6.02027,43.1218,train,3360607
61446,2017,0.0,30.0,MEDITERRANEAN,France,7288.0,3361074,POINT (5.688236 43.344806),True,5.688236,43.344806,train,3361074
61464,2018,0.0,40.0,MEDITERRANEAN,France,1314.0,3361490,POINT (6.019469 43.115361),True,6.019469,43.115361,train,3361490
61478,2021,8.0,-inf,MEDITERRANEAN,France,6925.0,3362732,POINT (7.217534 43.824219),True,7.217534,43.824219,train,3362732
61524,2020,10.0,50.0,MEDITERRANEAN,France,9877.0,3363618,POINT (3.847011 43.484488),True,3.847011,43.484488,train,3363618
61551,2021,5.0,30.0,MEDITERRANEAN,France,3935.0,3364737,POINT (6.857133 43.609616),True,6.857133,43.609616,train,3364737
61598,2021,5.0,250.0,MEDITERRANEAN,France,982.0,3367016,POINT (3.633676 43.731726),True,3.633676,43.731726,train,3367016
61610,2017,1.0,,MEDITERRANEAN,France,2474.0,3367340,POINT (3.73759 44.1427),True,3.73759,44.1427,train,3367340
61620,2019,10.0,-inf,MEDITERRANEAN,France,9247.0,3369092,POINT (7.11087 43.7351),True,7.11087,43.7351,train,3369092
61656,2020,10.0,200.0,MEDITERRANEAN,France,11207.0,3369266,POINT (6.02216 43.1206),True,6.02216,43.1206,train,3369266
61674,2019,10.0,30.0,MEDITERRANEAN,France,9572.0,3371778,POINT (7.38387 43.7378),True,7.38387,43.7378,train,3371778
61705,2020,10.0,50.0,MEDITERRANEAN,France,5876.0,3371975,POINT (3.040022 42.81678),True,3.040022,42.81678,train,3371975
61717,2019,1.0,,CONTINENTAL,France,10145.0,3373533,POINT (3.84512 44.42906),True,3.84512,44.42906,train,3373533
61734,2019,10.0,-inf,MEDITERRANEAN,France,8921.0,3374148,POINT (6.600772 43.199069),True,6.600772,43.199069,train,3374148
61788,2017,1.0,,MEDITERRANEAN,France,5412.0,3374673,POINT (6.8064 44.07809),True,6.8064,44.07809,train,3374673
61798,2021,10.0,200.0,MEDITERRANEAN,France,6039.0,3374813,POINT (5.61422 43.5678),True,5.61422,43.5678,train,3374813
61823,2017,10.0,50.0,MEDITERRANEAN,France,2932.0,3376571,POINT (6.103128 43.030886),True,6.103128,43.030886,train,3376571
61839,2020,4.0,276.0,CONTINENTAL,France,9892.0,3376766,POINT (2.861331 43.642034),True,2.861331,43.642034,train,3376766
61850,2020,10.0,20.0,MEDITERRANEAN,France,4530.0,3376828,POINT (5.14791 44.1706),True,5.14791,44.1706,train,3376828
61868,2020,4.0,3.0,MEDITERRANEAN,France,3977.0,3377136,POINT (7.116858 43.829042),True,7.116858,43.829042,train,3377136
61895,2017,0.0,-inf,MEDITERRANEAN,France,4498.0,3378290,POINT (3.655028 44.189554),True,3.655028,44.189554,train,3378290
61927,2020,4.0,200.0,MEDITERRANEAN,France,6039.0,3378563,POINT (6.731432 43.58321),True,6.731432,43.58321,train,3378563
61966,2020,10.0,50.0,MEDITERRANEAN,France,1894.0,3378816,POINT (6.50063 43.19),True,6.50063,43.19,train,3378816
61989,2017,0.0,100.0,MEDITERRANEAN,France,5721.0,3379190,POINT (5.355475 43.21012),True,5.355475,43.21012,train,3379190
62014,2020,6.0,394.0,CONTINENTAL,France,661.0,3380076,POINT (2.973277 43.643028),True,2.973277,43.643028,train,3380076
62029,2018,10.0,15.0,MEDITERRANEAN,France,7548.0,3381855,POINT (6.922016 43.459837),True,6.922016,43.459837,train,3381855
62037,2021,5.0,250.0,MEDITERRANEAN,France,3935.0,3382847,POINT (3.78636 43.875714),True,3.78636,43.875714,train,3382847
62077,2020,4.0,50.0,MEDITERRANEAN,France,4341.0,3384971,POINT (2.787987 42.993824),True,2.787987,42.993824,train,3384971
62105,2020,6.0,200.0,MEDITERRANEAN,France,2474.0,3385063,POINT (5.89756 43.28023),True,5.89756,43.28023,train,3385063
62139,2019,10.0,-inf,MEDITERRANEAN,France,2386.0,3385919,POINT (7.38242 43.74051),True,7.38242,43.74051,train,3385919
62149,2021,6.0,100.0,MEDITERRANEAN,France,9936.0,3386324,POINT (6.724464 43.479313),True,6.724464,43.479313,train,3386324
62157,2017,0.0,-inf,MEDITERRANEAN,France,5071.0,3387492,POINT (3.738674 44.193767),True,3.738674,44.193767,train,3387492
62176,2017,0.0,-inf,MEDITERRANEAN,France,2211.0,3389315,POINT (3.747016 44.145923),True,3.747016,44.145923,train,3389315
62193,2018,10.0,16.0,MEDITERRANEAN,France,3837.0,3390002,POINT (3.050579 42.887182),True,3.050579,42.887182,train,3390002
62212,2020,10.0,200.0,MEDITERRANEAN,France,3717.0,3390868,POINT (6.45742 43.1671),True,6.45742,43.1671,train,3390868
62232,2021,10.0,200.0,MEDITERRANEAN,France,6874.0,3392052,POINT (5.24281 43.4829),True,5.24281,43.4829,train,3392052
62255,2017,0.0,-inf,MEDITERRANEAN,France,8287.0,3392367,POINT (4.811711 43.375473),True,4.811711,43.375473,train,3392367
62259,2019,0.0,30.0,MEDITERRANEAN,France,7671.0,3394203,POINT (6.60298 43.180608),True,6.60298,43.180608,train,3394203
62270,2017,0.0,-inf,MEDITERRANEAN,France,8782.0,3395442,POINT (5.648085 43.541071),True,5.648085,43.541071,train,3395442
62282,2019,1.0,,ALPINE,Spain,6989.0,3396199,POINT (2.53268 42.35451),True,2.53268,42.35451,train,3396199
62309,2020,10.0,-inf,MEDITERRANEAN,France,9862.0,3397236,POINT (6.911192 43.507451),True,6.911192,43.507451,train,3397236
62346,2019,1.0,,MEDITERRANEAN,France,4003.0,3397927,POINT (4.17994 43.92029),True,4.17994,43.92029,train,3397927
62360,2018,10.0,50.0,ALPINE,France,249.0,3399073,POINT (1.9835 42.860861),True,1.9835,42.860861,train,3399073
62400,2018,1.0,,CONTINENTAL,France,7817.0,3399623,POINT (3.50157 44.81102),True,3.50157,44.81102,train,3399623
62420,2018,10.0,16.0,MEDITERRANEAN,France,6866.0,3401488,POINT (5.675665 43.694218),True,5.675665,43.694218,train,3401488
62434,2021,10.0,10.0,MEDITERRANEAN,France,473.0,3401987,POINT (4.80397 43.9531),True,4.80397,43.9531,train,3401987
62440,2019,10.0,-inf,MEDITERRANEAN,France,101.0,3403120,POINT (6.95446 44.197171),True,6.95446,44.197171,train,3403120
62470,2019,1.0,,MEDITERRANEAN,France,5474.0,3404166,POINT (6.8397 43.55449),True,6.8397,43.55449,train,3404166
62483,2017,0.0,100.0,MEDITERRANEAN,France,1304.0,3405244,POINT (5.536907 43.530125),True,5.536907,43.530125,train,3405244
62490,2017,1.0,,MEDITERRANEAN,France,11157.0,3407464,POINT (4.07717 43.81408),True,4.07717,43.81408,train,3407464
62505,2021,5.0,400.0,MEDITERRANEAN,France,6882.0,3409252,POINT (7.118128 43.818183),True,7.118128,43.818183,train,3409252
62548,2020,10.0,16.0,MEDITERRANEAN,France,4013.0,3409470,POINT (3.816698 43.602427),True,3.816698,43.602427,train,3409470
62562,2018,0.0,20.0,MEDITERRANEAN,France,2608.0,3411471,POINT (6.017744 43.118551),True,6.017744,43.118551,train,3411471
62580,2020,10.0,5.0,MEDITERRANEAN,France,3166.0,3412204,POINT (6.55149 43.18748),True,6.55149,43.18748,train,3412204
62583,2018,10.0,-inf,MEDITERRANEAN,France,7925.0,3412550,POINT (6.38117 43.147251),True,6.38117,43.147251,train,3412550
62594,2019,1.0,,MEDITERRANEAN,France,10315.0,3412885,POINT (2.02072 43.01876),True,2.02072,43.01876,train,3412885
62631,2020,3.0,16.0,MEDITERRANEAN,France,3123.0,3417419,POINT (3.876806 43.552934),True,3.876806,43.552934,train,3417419
62649,2020,10.0,50.0,MEDITERRANEAN,France,10715.0,3417799,POINT (5.14969 44.1689),True,5.14969,44.1689,train,3417799
62685,2021,10.0,60.0,MEDITERRANEAN,France,2031.0,3418384,POINT (6.14378 43.0292),True,6.14378,43.0292,train,3418384
62697,2021,5.0,16.0,MEDITERRANEAN,France,8661.0,3418456,POINT (4.036086 43.55676),True,4.036086,43.55676,train,3418456
62705,2018,10.0,-inf,MEDITERRANEAN,France,6703.0,3419450,POINT (4.407228 43.533124),True,4.407228,43.533124,train,3419450
62708,2021,5.0,-inf,MEDITERRANEAN,France,2922.0,3419464,POINT (7.206317 43.80784),True,7.206317,43.80784,train,3419464
62757,2017,0.0,-inf,MEDITERRANEAN,France,4513.0,3422575,POINT (3.799995 44.144298),True,3.799995,44.144298,train,3422575
62770,2017,0.0,-inf,CONTINENTAL,France,1086.0,3423895,POINT (3.508494 44.582984),True,3.508494,44.582984,train,3423895
62797,2018,1.0,,MEDITERRANEAN,France,5249.0,3426129,POINT (5.26443 43.71659),True,5.26443,43.71659,train,3426129
62818,2021,10.0,0.5,ALPINE,France,10534.0,3427504,POINT (2.137833 42.491444),True,2.137833,42.491444,train,3427504
62826,2017,0.0,100.0,MEDITERRANEAN,France,11037.0,3428218,POINT (5.645875 43.540918),True,5.645875,43.540918,train,3428218
62832,2020,3.0,16.0,MEDITERRANEAN,France,6250.0,3428880,POINT (3.815583 43.619335),True,3.815583,43.619335,train,3428880
62857,2020,10.0,50.0,MEDITERRANEAN,France,3723.0,3429384,POINT (6.941993 43.49593),True,6.941993,43.49593,train,3429384
62879,2018,1.0,,MEDITERRANEAN,France,5071.0,3430149,POINT (2.83292 43.50331),True,2.83292,43.50331,train,3430149
62889,2018,10.0,15.0,MEDITERRANEAN,France,7852.0,3430429,POINT (5.675579 43.693446),True,5.675579,43.693446,train,3430429
62899,2021,5.0,250.0,MEDITERRANEAN,France,10800.0,3430504,POINT (3.406366 44.068153),True,3.406366,44.068153,train,3430504
62920,2020,3.0,4.0,MEDITERRANEAN,France,6491.0,3431310,POINT (4.030541 43.558789),True,4.030541,43.558789,train,3431310
62922,2021,5.0,-inf,MEDITERRANEAN,France,3738.0,3432233,POINT (7.218075 43.821729),True,7.218075,43.821729,train,3432233
62943,2020,4.0,16.0,MEDITERRANEAN,France,5882.0,3433971,POINT (3.757022 43.66355),True,3.757022,43.66355,train,3433971
62963,2018,0.0,40.0,ALPINE,France,4790.0,3433994,POINT (1.883945 42.515514),True,1.883945,42.515514,train,3433994
62965,2021,5.0,100.0,MEDITERRANEAN,France,7739.0,3434688,POINT (6.628385 43.763067),True,6.628385,43.763067,train,3434688
63007,2019,1.0,,MEDITERRANEAN,France,10520.0,3436401,POINT (3.07566 43.17841),True,3.07566,43.17841,train,3436401
63023,2018,1.0,,MEDITERRANEAN,France,9636.0,3439996,POINT (3.76029 44.05248),True,3.76029,44.05248,train,3439996
63054,2017,10.0,-inf,MEDITERRANEAN,France,7955.0,3440055,POINT (3.519934 43.328552),True,3.519934,43.328552,train,3440055
63056,2019,10.0,100.0,MEDITERRANEAN,France,6866.0,3440490,POINT (5.61194 43.6617),True,5.61194,43.6617,train,3440490
63070,2018,0.0,-inf,MEDITERRANEAN,France,6689.0,3440611,POINT (7.456207 43.892412),True,7.456207,43.892412,train,3440611
63123,2020,10.0,40.0,MEDITERRANEAN,France,5203.0,3441408,POINT (3.539699 43.303523),True,3.539699,43.303523,train,3441408
63136,2021,5.0,250.0,CONTINENTAL,France,10600.0,3441914,POINT (2.871825 43.578547),True,2.871825,43.578547,train,3441914
63153,2017,10.0,16.0,MEDITERRANEAN,France,5829.0,3442069,POINT (3.350318 43.27311),True,3.350318,43.27311,train,3442069
63168,2018,10.0,16.0,MEDITERRANEAN,France,2683.0,3442638,POINT (3.014141 42.803593),True,3.014141,42.803593,train,3442638
63173,2020,10.0,40.0,MEDITERRANEAN,France,1531.0,3443015,POINT (4.276308 43.458522),True,4.276308,43.458522,train,3443015
63181,2018,1.0,,CONTINENTAL,France,2025.0,3444622,POINT (3.85141 44.66284),True,3.85141,44.66284,train,3444622
63202,2017,10.0,-inf,CONTINENTAL,France,2025.0,3445857,POINT (2.45 43.416667),True,2.45,43.416667,train,3445857
63207,2017,1.0,,MEDITERRANEAN,France,981.0,3448293,POINT (3.71131 44.08907),True,3.71131,44.08907,train,3448293
63232,2017,0.0,12.0,MEDITERRANEAN,France,9370.0,3449100,POINT (5.541526 43.529369),True,5.541526,43.529369,train,3449100
63250,2020,10.0,20.0,MEDITERRANEAN,France,9107.0,3449140,POINT (4.95471 44.0571),True,4.95471,44.0571,train,3449140
63267,2017,0.0,100.0,MEDITERRANEAN,France,9412.0,3452129,POINT (5.602566 43.236889),True,5.602566,43.236889,train,3452129
63292,2018,10.0,25.0,ALPINE,France,2828.0,3453374,POINT (1.961078 42.519502),True,1.961078,42.519502,train,3453374
63329,2017,10.0,16.0,MEDITERRANEAN,France,7315.0,3456314,POINT (4.838329 43.372666),True,4.838329,43.372666,train,3456314
63336,2017,0.0,-inf,MEDITERRANEAN,France,6989.0,3456548,POINT (3.69262 44.130997),True,3.69262,44.130997,train,3456548
63345,2018,0.0,50.0,MEDITERRANEAN,France,9468.0,3456847,POINT (3.794636 43.770769),True,3.794636,43.770769,train,3456847
63349,2017,10.0,-inf,MEDITERRANEAN,France,661.0,3457431,POINT (3.640355 44.160792),True,3.640355,44.160792,train,3457431
63366,2019,10.0,3.0,MEDITERRANEAN,France,8482.0,3458369,POINT (3.041417 42.587333),True,3.041417,42.587333,train,3458369
63383,2018,10.0,100.0,MEDITERRANEAN,France,2703.0,3461355,POINT (1.982917 42.859833),True,1.982917,42.859833,train,3461355
63429,2017,0.0,200.0,MEDITERRANEAN,France,1139.0,3462364,POINT (5.203291 44.125706),True,5.203291,44.125706,train,3462364
63443,2017,0.0,15.0,MEDITERRANEAN,France,7990.0,3463570,POINT (5.698261 43.3603),True,5.698261,43.3603,train,3463570
63458,2021,10.0,60.0,MEDITERRANEAN,France,476.0,3463625,POINT (6.09185 43.0358),True,6.09185,43.0358,train,3463625
63471,2021,10.0,1.0,MEDITERRANEAN,France,2152.0,3463714,POINT (5.38633 43.23211),True,5.38633,43.23211,train,3463714
63473,2017,0.0,-inf,MEDITERRANEAN,France,5071.0,3466028,POINT (3.712561 44.227451),True,3.712561,44.227451,train,3466028
63501,2018,0.0,-inf,MEDITERRANEAN,France,146.0,3466865,POINT (7.311332 43.961207),True,7.311332,43.961207,train,3466865
63550,2020,4.0,100.0,MEDITERRANEAN,France,2055.0,3467766,POINT (4.054682 43.561266),True,4.054682,43.561266,train,3467766
63560,2018,0.0,-inf,MEDITERRANEAN,France,3717.0,3468580,POINT (6.016223 43.117666),True,6.016223,43.117666,train,3468580
63576,2021,10.0,100.0,MEDITERRANEAN,France,2932.0,3468648,POINT (5.71176 43.5409),True,5.71176,43.5409,train,3468648
63598,2021,5.0,250.0,MEDITERRANEAN,France,8106.0,3470263,POINT (3.849459 44.013504),True,3.849459,44.013504,train,3470263
63613,2018,1.0,,CONTINENTAL,France,7942.0,3474511,POINT (3.52608 44.77478),True,3.52608,44.77478,train,3474511
63626,2020,10.0,-inf,MEDITERRANEAN,France,3935.0,3476268,POINT (6.90678 43.515081),True,6.90678,43.515081,train,3476268
63667,2017,0.0,10.0,ALPINE,France,4842.0,3478033,POINT (2.461961 42.502607),True,2.461961,42.502607,train,3478033
63668,2020,10.0,4.0,MEDITERRANEAN,France,7530.0,3478392,POINT (4.76324 44.2131),True,4.76324,44.2131,train,3478392
63681,2021,5.0,250.0,MEDITERRANEAN,France,8917.0,3479310,POINT (3.43256 43.846023),True,3.43256,43.846023,train,3479310
63701,2017,0.0,60.0,MEDITERRANEAN,France,7054.0,3480417,POINT (5.579098 43.242816),True,5.579098,43.242816,train,3480417
63718,2017,10.0,16.0,MEDITERRANEAN,France,6945.0,3481108,POINT (5.715346 43.546061),True,5.715346,43.546061,train,3481108
63744,2017,10.0,15.0,MEDITERRANEAN,France,5203.0,3481181,POINT (5.16069 44.127346),True,5.16069,44.127346,train,3481181
63755,2018,10.0,50.0,MEDITERRANEAN,France,6279.0,3482579,POINT (2.956378 42.824068),True,2.956378,42.824068,train,3482579
63756,2021,10.0,100.0,MEDITERRANEAN,France,1959.0,3483050,POINT (4.98607 43.464),True,4.98607,43.464,train,3483050
63771,2020,10.0,150.0,MEDITERRANEAN,France,9139.0,3484815,POINT (6.77978 43.4576),True,6.77978,43.4576,train,3484815
63799,2018,1.0,,MEDITERRANEAN,France,2386.0,3484873,POINT (7.28858 43.87707),True,7.28858,43.87707,train,3484873
63816,2021,5.0,16.0,MEDITERRANEAN,France,6548.0,3486346,POINT (7.15356 43.658442),True,7.15356,43.658442,train,3486346
63839,2018,1.0,,MEDITERRANEAN,France,476.0,3486597,POINT (6.72044 43.61341),True,6.72044,43.61341,train,3486597
63854,2019,10.0,-inf,MEDITERRANEAN,France,1497.0,3486760,POINT (7.10045 43.747),True,7.10045,43.747,train,3486760
63879,2018,0.0,100.0,MEDITERRANEAN,France,1736.0,3491114,POINT (5.558946 43.187866),True,5.558946,43.187866,train,3491114
63892,2020,10.0,15.0,MEDITERRANEAN,France,6711.0,3491226,POINT (5.46559 43.9131),True,5.46559,43.9131,train,3491226
63908,2021,10.0,200.0,MEDITERRANEAN,France,4341.0,3492736,POINT (6.29308 43.2816),True,6.29308,43.2816,train,3492736
63917,2017,0.0,-inf,MEDITERRANEAN,France,661.0,3493270,POINT (3.732556 44.170468),True,3.732556,44.170468,train,3493270
63927,2021,4.0,10.0,MEDITERRANEAN,France,2185.0,3493607,POINT (6.271797 43.547967),True,6.271797,43.547967,train,3493607
63947,2021,6.0,250.0,MEDITERRANEAN,France,6205.0,3493967,POINT (3.429375 44.09282),True,3.429375,44.09282,train,3493967
63957,2017,10.0,200.0,MEDITERRANEAN,France,6039.0,3494044,POINT (5.690417 43.420562),True,5.690417,43.420562,train,3494044
63979,2017,10.0,-inf,MEDITERRANEAN,France,7955.0,3494193,POINT (3.517373 43.317769),True,3.517373,43.317769,train,3494193
63981,2019,10.0,-inf,MEDITERRANEAN,France,6855.0,3494388,POINT (3.197689 43.199757),True,3.197689,43.199757,train,3494388
64011,2018,1.0,,MEDITERRANEAN,France,7318.0,3495553,POINT (2.78269 43.39568),True,2.78269,43.39568,train,3495553
64035,2017,10.0,-inf,MEDITERRANEAN,France,6279.0,3496369,POINT (3.504925 43.322884),True,3.504925,43.322884,train,3496369
64049,2017,0.0,60.0,MEDITERRANEAN,France,3019.0,3497545,POINT (6.105682 43.031163),True,6.105682,43.031163,train,3497545
64061,2021,4.0,250.0,MEDITERRANEAN,France,1139.0,3498447,POINT (3.813992 43.803204),True,3.813992,43.803204,train,3498447
64080,2018,0.0,-inf,MEDITERRANEAN,France,2990.0,3499149,POINT (5.442635 43.267823),True,5.442635,43.267823,train,3499149
64088,2020,3.0,25.0,MEDITERRANEAN,France,6569.0,3499767,POINT (3.782849 43.460849),True,3.782849,43.460849,train,3499767
64093,2017,0.0,-inf,MEDITERRANEAN,France,5412.0,3499967,POINT (3.829155 44.098698),True,3.829155,44.098698,train,3499967
64110,2017,10.0,30.0,MEDITERRANEAN,France,9922.0,3500383,POINT (5.206093 44.060678),True,5.206093,44.060678,train,3500383
64115,2017,0.0,4.0,MEDITERRANEAN,France,4892.0,3501068,POINT (5.498124 43.22789),True,5.498124,43.22789,train,3501068
64121,2018,10.0,16.0,MEDITERRANEAN,France,5018.0,3501490,POINT (3.052201 42.895284),True,3.052201,42.895284,train,3501490
64130,2018,0.0,100.0,MEDITERRANEAN,France,6836.0,3502305,POINT (5.349328 43.230196),True,5.349328,43.230196,train,3502305
64164,2017,1.0,,ALPINE,France,5335.0,3502613,POINT (6.7594 44.11603),True,6.7594,44.11603,train,3502613
64184,2019,1.0,,MEDITERRANEAN,France,6491.0,3503744,POINT (6.91228 43.53343),True,6.91228,43.53343,train,3503744
64190,2020,10.0,40.0,MEDITERRANEAN,France,9877.0,3504269,POINT (3.302301 43.250293),True,3.302301,43.250293,train,3504269
64199,2018,10.0,16.0,MEDITERRANEAN,France,8243.0,3504393,POINT (3.03799 42.748),True,3.03799,42.748,train,3504393
64210,2017,1.0,,MEDITERRANEAN,France,2386.0,3505909,POINT (7.16912 43.9365),True,7.16912,43.9365,train,3505909
64238,2017,0.0,16.0,MEDITERRANEAN,France,1176.0,3508033,POINT (3.349095 43.272448),True,3.349095,43.272448,train,3508033
64251,2018,0.0,40.0,MEDITERRANEAN,France,7054.0,3508708,POINT (6.018885 43.12112),True,6.018885,43.12112,train,3508708
64265,2021,5.0,50.0,MEDITERRANEAN,France,2075.0,3508869,POINT (2.979419 43.07027),True,2.979419,43.07027,train,3508869
64267,2019,10.0,100.0,MEDITERRANEAN,France,6269.0,3511377,POINT (5.361772 43.208867),True,5.361772,43.208867,train,3511377
64295,2020,10.0,5.0,MEDITERRANEAN,France,3971.0,3515464,POINT (4.94804 44.0552),True,4.94804,44.0552,train,3515464
64307,2020,4.0,400.0,MEDITERRANEAN,France,2474.0,3516787,POINT (3.599585 43.840014),True,3.599585,43.840014,train,3516787
64319,2020,10.0,300.0,MEDITERRANEAN,France,9353.0,3517260,POINT (6.01628 43.1141),True,6.01628,43.1141,train,3517260
64346,2019,10.0,-inf,MEDITERRANEAN,France,6840.0,3521235,POINT (6.03172 43.081417),True,6.03172,43.081417,train,3521235
64351,2019,1.0,,MEDITERRANEAN,France,10909.0,3521693,POINT (2.41268 43.16295),True,2.41268,43.16295,train,3521693
64378,2017,0.0,-inf,MEDITERRANEAN,France,6788.0,3525997,POINT (3.75495 44.121161),True,3.75495,44.121161,train,3525997
64396,2020,10.0,60.0,MEDITERRANEAN,France,10073.0,3526506,POINT (6.50271 43.1753),True,6.50271,43.1753,train,3526506
64416,2021,2.0,4.0,MEDITERRANEAN,France,8711.0,3527169,POINT (7.129543 43.544764),True,7.129543,43.544764,train,3527169
64424,2017,0.0,30.0,MEDITERRANEAN,France,1092.0,3530135,POINT (5.502469 43.406752),True,5.502469,43.406752,train,3530135
64433,2017,1.0,,CONTINENTAL,France,5071.0,3531401,POINT (2.53622 43.39642),True,2.53622,43.39642,train,3531401
64467,2017,10.0,-inf,MEDITERRANEAN,France,10364.0,3532931,POINT (3.037583 42.739556),True,3.037583,42.739556,train,3532931
64476,2021,5.0,-inf,MEDITERRANEAN,France,6079.0,3535367,POINT (6.689489 43.771246),True,6.689489,43.771246,train,3535367
64493,2021,6.0,250.0,MEDITERRANEAN,France,5412.0,3536744,POINT (3.887953 43.949514),True,3.887953,43.949514,train,3536744
64510,2021,5.0,250.0,MEDITERRANEAN,France,3935.0,3537750,POINT (3.281267 43.566758),True,3.281267,43.566758,train,3537750
64521,2018,10.0,16.0,MEDITERRANEAN,France,7315.0,3537945,POINT (3.051093 42.887407),True,3.051093,42.887407,train,3537945
64532,2021,12.0,250.0,CONTINENTAL,France,8424.0,3538405,POINT (3.176171 44.400069),True,3.176171,44.400069,train,3538405
64542,2018,1.0,,MEDITERRANEAN,France,5412.0,3538569,POINT (5.27369 43.89625),True,5.27369,43.89625,train,3538569
64559,2021,5.0,25.0,MEDITERRANEAN,France,4530.0,3540051,POINT (3.140258 43.280654),True,3.140258,43.280654,train,3540051
64582,2021,10.0,100.0,MEDITERRANEAN,France,8027.0,3540388,POINT (4.50518 43.6497),True,4.50518,43.6497,train,3540388
64590,2017,0.0,-inf,MEDITERRANEAN,France,2211.0,3541145,POINT (3.801106 44.228488),True,3.801106,44.228488,train,3541145
64606,2017,1.0,,MEDITERRANEAN,France,2025.0,3541661,POINT (3.58857 44.18048),True,3.58857,44.18048,train,3541661
64617,2021,10.0,200.0,MEDITERRANEAN,France,476.0,3542623,POINT (5.57852 43.2221),True,5.57852,43.2221,train,3542623
64635,2018,10.0,-inf,MEDITERRANEAN,France,4653.0,3544551,POINT (5.558133 43.357242),True,5.558133,43.357242,train,3544551
64658,2021,5.0,-inf,MEDITERRANEAN,France,9458.0,3547011,POINT (7.245322 43.700528),True,7.245322,43.700528,train,3547011
64675,2017,0.0,-inf,MEDITERRANEAN,France,2488.0,3547564,POINT (3.669409 44.196524),True,3.669409,44.196524,train,3547564
64693,2019,0.0,50.0,MEDITERRANEAN,France,441.0,3547795,POINT (3.768571 43.820767),True,3.768571,43.820767,train,3547795
64708,2018,10.0,150.0,MEDITERRANEAN,France,8887.0,3547829,POINT (6.022994 43.1151),True,6.022994,43.1151,train,3547829
64739,2019,1.0,,MEDITERRANEAN,France,5474.0,3548096,POINT (2.60855 43.05482),True,2.60855,43.05482,train,3548096
64789,2017,10.0,20.0,MEDITERRANEAN,France,9555.0,3549693,POINT (5.163172 43.399194),True,5.163172,43.399194,train,3549693
64817,2018,1.0,,MEDITERRANEAN,France,1254.0,3549963,POINT (5.99567 43.5144),True,5.99567,43.5144,train,3549963
64832,2021,5.0,50.0,MEDITERRANEAN,France,1304.0,3551008,POINT (2.836741 43.038267),True,2.836741,43.038267,train,3551008
64854,2018,0.0,50.0,MEDITERRANEAN,France,9513.0,3551809,POINT (5.650598 43.246503),True,5.650598,43.246503,train,3551809
64893,2018,0.0,25.0,MEDITERRANEAN,France,7512.0,3553179,POINT (4.678313 43.493598),True,4.678313,43.493598,train,3553179
64905,2017,0.0,-inf,MEDITERRANEAN,France,3581.0,3553474,POINT (3.887579 44.151194),True,3.887579,44.151194,train,3553474
64925,2020,4.0,50.0,MEDITERRANEAN,France,8208.0,3554443,POINT (3.819633 43.584628),True,3.819633,43.584628,train,3554443
64968,2018,0.0,30.0,MEDITERRANEAN,France,559.0,3556192,POINT (6.022777 43.115412),True,6.022777,43.115412,train,3556192
65020,2017,10.0,-inf,MEDITERRANEAN,France,7955.0,3558163,POINT (3.512501 43.32409),True,3.512501,43.32409,train,3558163
65021,2020,3.0,50.0,MEDITERRANEAN,France,5868.0,3559077,POINT (3.823512 43.464977),True,3.823512,43.464977,train,3559077
65028,2020,6.0,50.0,MEDITERRANEAN,France,3020.0,3560092,POINT (5.930185 43.274751),True,5.930185,43.274751,train,3560092
65060,2017,0.0,40.0,MEDITERRANEAN,France,5557.0,3560755,POINT (5.674417 43.352647),True,5.674417,43.352647,train,3560755
65095,2017,0.0,9.0,ALPINE,France,4842.0,3561090,POINT (2.011047 42.621697),True,2.011047,42.621697,train,3561090
65096,2020,4.0,3.0,MEDITERRANEAN,France,2973.0,3563471,POINT (7.103609 43.798326),True,7.103609,43.798326,train,3563471
65107,2021,10.0,3.0,MEDITERRANEAN,France,1625.0,3564267,POINT (6.32215 43.1956),True,6.32215,43.1956,train,3564267
65130,2019,1.0,,MEDITERRANEAN,France,981.0,3564796,POINT (2.46124 42.91137),True,2.46124,42.91137,train,3564796
65167,2020,10.0,10.0,MEDITERRANEAN,France,10073.0,3565056,POINT (6.54452 43.1923),True,6.54452,43.1923,train,3565056
65179,2019,1.0,,CONTINENTAL,France,10600.0,3566186,POINT (3.84995 44.60889),True,3.84995,44.60889,train,3566186
65186,2019,1.0,,MEDITERRANEAN,France,11157.0,3566681,POINT (5.95849 43.31774),True,5.95849,43.31774,train,3566681
65200,2020,20.0,200.0,MEDITERRANEAN,France,10956.0,3566974,POINT (7.140261 43.718885),True,7.140261,43.718885,train,3566974
65230,2018,0.0,100.0,MEDITERRANEAN,France,6342.0,3567036,POINT (5.375061 43.210123),True,5.375061,43.210123,train,3567036
65243,2017,0.0,-inf,MEDITERRANEAN,France,569.0,3568815,POINT (3.846523 44.19567),True,3.846523,44.19567,train,3568815
65266,2019,1.0,,MEDITERRANEAN,France,8705.0,3569282,POINT (3.49884 43.46225),True,3.49884,43.46225,train,3569282
65280,2020,3.0,16.0,MEDITERRANEAN,France,6909.0,3571274,POINT (6.476603 43.270548),True,6.476603,43.270548,train,3571274
65313,2020,3.0,50.0,MEDITERRANEAN,France,8879.0,3572976,POINT (3.966835 43.565913),True,3.966835,43.565913,train,3572976
65321,2021,5.0,100.0,MEDITERRANEAN,France,8154.0,3574150,POINT (4.669753 43.505993),True,4.669753,43.505993,train,3574150
65337,2020,10.0,100.0,MEDITERRANEAN,France,822.0,3575003,POINT (6.02464 43.1184),True,6.02464,43.1184,train,3575003
65349,2017,10.0,-inf,ALPINE,France,8929.0,3575629,POINT (1.964 42.743194),True,1.964,42.743194,train,3575629
65364,2018,10.0,5.0,MEDITERRANEAN,France,7199.0,3575848,POINT (5.454785 43.380562),True,5.454785,43.380562,train,3575848
65375,2020,4.0,200.0,MEDITERRANEAN,France,7644.0,3576033,POINT (6.000347 43.24315),True,6.000347,43.24315,train,3576033
65387,2017,1.0,,CONTINENTAL,France,9636.0,3576441,POINT (3.21936 44.5438),True,3.21936,44.5438,train,3576441
65433,2021,10.0,100.0,MEDITERRANEAN,France,5760.0,3579983,POINT (5.70179 43.47362),True,5.70179,43.47362,train,3579983
65454,2017,10.0,-inf,MEDITERRANEAN,France,6279.0,3580429,POINT (3.516246 43.329469),True,3.516246,43.329469,train,3580429
65456,2017,0.0,20.0,MEDITERRANEAN,France,4617.0,3581141,POINT (6.097305 43.030739),True,6.097305,43.030739,train,3581141
65476,2018,10.0,16.0,MEDITERRANEAN,France,3125.0,3582975,POINT (3.024483 42.858569),True,3.024483,42.858569,train,3582975
65485,2019,10.0,-inf,MEDITERRANEAN,France,5829.0,3585785,POINT (3.240905 43.215006),True,3.240905,43.215006,train,3585785
65498,2018,10.0,12.0,MEDITERRANEAN,France,11140.0,3585891,POINT (3.687736 43.810912),True,3.687736,43.810912,train,3585891
65514,2021,5.0,4.0,MEDITERRANEAN,France,6836.0,3585931,POINT (2.931418 43.048985),True,2.931418,43.048985,train,3585931
65521,2018,0.0,100.0,MEDITERRANEAN,France,9468.0,3586953,POINT (4.365696 44.227311),True,4.365696,44.227311,train,3586953
65523,2019,10.0,-inf,MEDITERRANEAN,France,1770.0,3587642,POINT (3.034556 42.647),True,3.034556,42.647,train,3587642
65536,2020,10.0,10.0,MEDITERRANEAN,France,11159.0,3588451,POINT (6.10874 43.09552),True,6.10874,43.09552,train,3588451
65550,2021,5.0,-inf,MEDITERRANEAN,France,1736.0,3589016,POINT (5.351248 43.911833),True,5.351248,43.911833,train,3589016
65556,2017,10.0,-inf,MEDITERRANEAN,France,6279.0,3589681,POINT (3.52302 43.319577),True,3.52302,43.319577,train,3589681
65557,2021,5.0,100.0,MEDITERRANEAN,France,982.0,3590758,POINT (3.087772 43.128364),True,3.087772,43.128364,train,3590758
65597,2020,10.0,500.0,MEDITERRANEAN,France,5982.0,3592909,POINT (6.48647 43.1517),True,6.48647,43.1517,train,3592909
65622,2018,10.0,16.0,MEDITERRANEAN,France,1160.0,3595989,POINT (3.050701 42.886742),True,3.050701,42.886742,train,3595989
65645,2017,1.0,,MEDITERRANEAN,France,8784.0,3596698,POINT (5.18923 43.7006),True,5.18923,43.7006,train,3596698
65665,2017,10.0,16.0,MEDITERRANEAN,France,5876.0,3597194,POINT (3.35007 43.272751),True,3.35007,43.272751,train,3597194
65680,2017,0.0,20.0,MEDITERRANEAN,France,10073.0,3597844,POINT (6.097067 43.028819),True,6.097067,43.028819,train,3597844
65687,2021,5.0,200.0,MEDITERRANEAN,France,8208.0,3598033,POINT (3.289634 43.37179),True,3.289634,43.37179,train,3598033
65722,2020,6.0,400.0,MEDITERRANEAN,France,9647.0,3599501,POINT (2.752934 43.532775),True,2.752934,43.532775,train,3599501
65730,2021,6.0,4.0,MEDITERRANEAN,France,1309.0,3600135,POINT (6.388883 43.26986),True,6.388883,43.26986,train,3600135
65745,2019,1.0,,MEDITERRANEAN,France,1629.0,3600511,POINT (7.05783 43.7973),True,7.05783,43.7973,train,3600511
65766,2021,10.0,200.0,MEDITERRANEAN,France,1304.0,3602146,POINT (5.657024 43.224962),True,5.657024,43.224962,train,3602146
65778,2021,10.0,30.0,MEDITERRANEAN,France,661.0,3602922,POINT (2.210361 43.327278),True,2.210361,43.327278,train,3602922
65788,2018,1.0,,ALPINE,France,3581.0,3606157,POINT (7.31811 43.92977),True,7.31811,43.92977,train,3606157
65803,2018,1.0,,MEDITERRANEAN,France,2386.0,3606924,POINT (7.391 43.90838),True,7.391,43.90838,train,3606924
65844,2020,10.0,12.0,MEDITERRANEAN,France,1306.0,3611894,POINT (6.50606 43.1801),True,6.50606,43.1801,train,3611894
65913,2021,6.0,250.0,MEDITERRANEAN,France,2643.0,3612682,POINT (3.033946 43.519187),True,3.033946,43.519187,train,3612682
65927,2018,10.0,16.0,MEDITERRANEAN,France,5203.0,3612833,POINT (3.038262 42.771945),True,3.038262,42.771945,train,3612833
65935,2021,10.0,200.0,MEDITERRANEAN,France,9565.0,3615107,POINT (4.98012 43.48439),True,4.98012,43.48439,train,3615107
65956,2021,10.0,10.0,MEDITERRANEAN,France,5420.0,3615588,POINT (4.80205 43.954174),True,4.80205,43.954174,train,3615588
65966,2020,10.0,50.0,MEDITERRANEAN,France,5334.0,3616377,POINT (6.50692 43.1582),True,6.50692,43.1582,train,3616377
66016,2017,0.0,-inf,MEDITERRANEAN,France,10600.0,3616666,POINT (3.763471 44.157484),True,3.763471,44.157484,train,3616666
66035,2021,5.0,200.0,MEDITERRANEAN,France,2643.0,3617593,POINT (3.768445 43.664371),True,3.768445,43.664371,train,3617593
66082,2020,10.0,50.0,MEDITERRANEAN,France,2926.0,3619629,POINT (3.035044 42.650977),True,3.035044,42.650977,train,3619629
66085,2017,1.0,,MEDITERRANEAN,France,5412.0,3620166,POINT (5.41886 43.82025),True,5.41886,43.82025,train,3620166
66099,2020,10.0,-inf,MEDITERRANEAN,France,3845.0,3621283,POINT (6.54789 43.1883),True,6.54789,43.1883,train,3621283
66119,2019,1.0,,MEDITERRANEAN,France,6226.0,3623054,POINT (3.18232 43.75282),True,3.18232,43.75282,train,3623054
66139,2019,10.0,50.0,MEDITERRANEAN,France,9600.0,3624032,POINT (6.596233 43.197726),True,6.596233,43.197726,train,3624032
66162,2021,5.0,50.0,MEDITERRANEAN,France,7713.0,3625007,POINT (2.931364 43.048874),True,2.931364,43.048874,train,3625007
66181,2018,0.0,16.0,MEDITERRANEAN,France,1195.0,3626407,POINT (3.012419 42.803026),True,3.012419,42.803026,train,3626407
66192,2018,0.0,40.0,MEDITERRANEAN,France,10073.0,3626652,POINT (6.671076 43.313837),True,6.671076,43.313837,train,3626652
66196,2020,10.0,50.0,MEDITERRANEAN,France,5799.0,3627467,POINT (3.037381 42.754643),True,3.037381,42.754643,train,3627467
66208,2020,10.0,40.0,MEDITERRANEAN,France,5799.0,3627822,POINT (3.038294 42.773162),True,3.038294,42.773162,train,3627822
66224,2021,5.0,250.0,MEDITERRANEAN,France,6909.0,3628651,POINT (3.833451 43.824158),True,3.833451,43.824158,train,3628651
66240,2017,0.0,-inf,MEDITERRANEAN,France,1712.0,3628669,POINT (4.334673 43.458014),True,4.334673,43.458014,train,3628669
66254,2019,10.0,-inf,MEDITERRANEAN,France,4495.0,3630252,POINT (7.08605 44.0084),True,7.08605,44.0084,train,3630252
66273,2017,0.0,100.0,MEDITERRANEAN,France,11013.0,3630771,POINT (5.659347 43.543496),True,5.659347,43.543496,train,3630771
66281,2017,10.0,-inf,ALPINE,France,2638.0,3630799,POINT (1.964757 42.742666),True,1.964757,42.742666,train,3630799
66307,2017,0.0,-inf,MEDITERRANEAN,France,5071.0,3632072,POINT (3.745452 44.225018),True,3.745452,44.225018,train,3632072
66320,2017,0.0,100.0,MEDITERRANEAN,France,2474.0,3632642,POINT (5.252606 43.543961),True,5.252606,43.543961,train,3632642
66348,2017,10.0,100.0,MEDITERRANEAN,France,9541.0,3632916,POINT (5.784261 43.733667),True,5.784261,43.733667,train,3632916
66380,2018,0.0,-inf,MEDITERRANEAN,France,10961.0,3633973,POINT (4.450344 43.506146),True,4.450344,43.506146,train,3633973
66382,2019,1.0,,CONTINENTAL,France,2025.0,3634960,POINT (3.1712 44.68808),True,3.1712,44.68808,train,3634960
66395,2020,10.0,40.0,MEDITERRANEAN,France,3466.0,3635164,POINT (3.036847 42.755731),True,3.036847,42.755731,train,3635164
66409,2020,10.0,40.0,MEDITERRANEAN,France,9813.0,3635386,POINT (5.46441 43.9116),True,5.46441,43.9116,train,3635386
66416,2021,10.0,200.0,MEDITERRANEAN,France,10520.0,3635736,POINT (5.666932 43.220646),True,5.666932,43.220646,train,3635736
66428,2017,0.0,30.0,MEDITERRANEAN,France,3958.0,3636411,POINT (3.506935 43.624454),True,3.506935,43.624454,train,3636411
66466,2017,10.0,16.0,MEDITERRANEAN,France,2926.0,3638525,POINT (3.350726 43.273306),True,3.350726,43.273306,train,3638525
66470,2017,1.0,,CONTINENTAL,France,963.0,3638849,POINT (3.85044 44.62688),True,3.85044,44.62688,train,3638849
66472,2019,10.0,-inf,MEDITERRANEAN,France,9877.0,3639844,POINT (3.230204 43.208299),True,3.230204,43.208299,train,3639844
66475,2018,0.0,40.0,MEDITERRANEAN,France,10666.0,3639921,POINT (6.016542 43.119781),True,6.016542,43.119781,train,3639921
66486,2021,10.0,200.0,MEDITERRANEAN,France,5474.0,3641335,POINT (5.669341 43.210099),True,5.669341,43.210099,train,3641335
66513,2017,1.0,,CONTINENTAL,France,843.0,3643288,POINT (3.54977 44.70256),True,3.54977,44.70256,train,3643288
66533,2020,10.0,3.0,MEDITERRANEAN,France,4078.0,3643666,POINT (6.51185 43.1958),True,6.51185,43.1958,train,3643666
66543,2017,0.0,16.0,MEDITERRANEAN,France,3476.0,3644311,POINT (3.348134 43.272226),True,3.348134,43.272226,train,3644311
66558,2020,4.0,200.0,MEDITERRANEAN,France,6110.0,3645360,POINT (5.945801 43.265393),True,5.945801,43.265393,train,3645360
66600,2017,0.0,40.0,MEDITERRANEAN,France,2771.0,3645916,POINT (6.171984 43.032721),True,6.171984,43.032721,train,3645916
66611,2019,0.0,50.0,MEDITERRANEAN,France,2643.0,3646131,POINT (3.448596 43.793998),True,3.448596,43.793998,train,3646131
66634,2020,4.0,25.0,MEDITERRANEAN,France,4541.0,3646333,POINT (3.030137 42.758077),True,3.030137,42.758077,train,3646333
66645,2020,10.0,30.0,MEDITERRANEAN,France,2765.0,3647688,POINT (6.50205 43.1608),True,6.50205,43.1608,train,3647688
66695,2019,10.0,40.0,MEDITERRANEAN,France,669.0,3650039,POINT (3.037306 42.729528),True,3.037306,42.729528,train,3650039
66707,2019,10.0,-inf,MEDITERRANEAN,France,5829.0,3650121,POINT (3.163512 43.254718),True,3.163512,43.254718,train,3650121
66756,2018,0.0,100.0,MEDITERRANEAN,France,8784.0,3650669,POINT (5.651334 43.246701),True,5.651334,43.246701,train,3650669
66767,2021,6.0,-inf,MEDITERRANEAN,France,3125.0,3650767,POINT (7.065042 43.780992),True,7.065042,43.780992,train,3650767
66792,2020,10.0,40.0,MEDITERRANEAN,France,2643.0,3651020,POINT (5.15438 44.1689),True,5.15438,44.1689,train,3651020
66818,2019,1.0,,CONTINENTAL,France,5189.0,3651626,POINT (3.5738 44.64832),True,3.5738,44.64832,train,3651626
66822,2021,6.0,250.0,MEDITERRANEAN,France,10600.0,3651781,POINT (3.435508 44.090637),True,3.435508,44.090637,train,3651781
66839,2017,1.0,,MEDITERRANEAN,France,8784.0,3652064,POINT (5.97672 43.60501),True,5.97672,43.60501,train,3652064
66880,2019,10.0,300.0,MEDITERRANEAN,France,8573.0,3655430,POINT (6.96695 43.9061),True,6.96695,43.9061,train,3655430
66920,2020,6.0,200.0,MEDITERRANEAN,France,963.0,3655490,POINT (3.003734 43.595951),True,3.003734,43.595951,train,3655490
66930,2020,10.0,40.0,MEDITERRANEAN,France,4659.0,3655843,POINT (4.441504 43.455444),True,4.441504,43.455444,train,3655843
66938,2021,5.0,100.0,MEDITERRANEAN,France,11120.0,3655938,POINT (2.953721 43.51081),True,2.953721,43.51081,train,3655938
66947,2018,10.0,80.0,MEDITERRANEAN,France,9245.0,3657789,POINT (2.181667 42.745583),True,2.181667,42.745583,train,3657789
66969,2017,10.0,-inf,MEDITERRANEAN,France,2243.0,3657791,POINT (4.33875 43.456444),True,4.33875,43.456444,train,3657791
66989,2017,0.0,50.0,MEDITERRANEAN,France,3642.0,3658316,POINT (6.106284 43.030705),True,6.106284,43.030705,train,3658316
66994,2020,5.0,200.0,MEDITERRANEAN,France,449.0,3659134,POINT (7.222949 43.790721),True,7.222949,43.790721,train,3659134
67032,2021,5.0,250.0,MEDITERRANEAN,France,2474.0,3659682,POINT (2.85184 43.546398),True,2.85184,43.546398,train,3659682
67050,2021,10.0,4.0,MEDITERRANEAN,France,7889.0,3659972,POINT (6.32306 43.1997),True,6.32306,43.1997,train,3659972
67070,2019,10.0,20.0,ALPINE,France,6685.0,3661013,POINT (7.45986 44.0115),True,7.45986,44.0115,train,3661013
67101,2019,10.0,50.0,MEDITERRANEAN,France,10305.0,3661167,POINT (5.6112 43.6616),True,5.6112,43.6616,train,3661167
67119,2021,5.0,100.0,MEDITERRANEAN,France,11193.0,3661231,POINT (3.077869 43.17517),True,3.077869,43.17517,train,3661231
67134,2021,10.0,4.0,MEDITERRANEAN,France,3195.0,3661271,POINT (6.34259 43.2201),True,6.34259,43.2201,train,3661271
67168,2019,1.0,,MEDITERRANEAN,France,3251.0,3661308,POINT (5.93053 43.26471),True,5.93053,43.26471,train,3661308
67180,2021,4.0,16.0,MEDITERRANEAN,France,1195.0,3662432,POINT (6.084886 43.143816),True,6.084886,43.143816,train,3662432
67190,2021,4.0,250.0,MEDITERRANEAN,France,5249.0,3662795,POINT (3.259137 43.476387),True,3.259137,43.476387,train,3662795
67211,2018,0.0,-inf,MEDITERRANEAN,France,5774.0,3663922,POINT (4.854356 43.66434),True,4.854356,43.66434,train,3663922
67237,2018,1.0,,MEDITERRANEAN,France,2932.0,3664647,POINT (2.82829 42.96421),True,2.82829,42.96421,train,3664647
67263,2018,0.0,60.0,MEDITERRANEAN,France,9458.0,3664892,POINT (6.929874 43.475289),True,6.929874,43.475289,train,3664892
67273,2021,4.0,100.0,MEDITERRANEAN,France,2932.0,3665748,POINT (3.081409 43.1763),True,3.081409,43.1763,train,3665748
67290,2019,1.0,,CONTINENTAL,France,5557.0,3669822,POINT (3.29115 44.32736),True,3.29115,44.32736,train,3669822
67310,2021,5.0,50.0,MEDITERRANEAN,France,2634.0,3671018,POINT (5.116345 44.135601),True,5.116345,44.135601,train,3671018
67334,2020,10.0,10.0,MEDITERRANEAN,France,9714.0,3671989,POINT (6.45734 43.1662),True,6.45734,43.1662,train,3671989
67342,2017,0.0,25.0,MEDITERRANEAN,France,5889.0,3673267,POINT (5.35471 43.230574),True,5.35471,43.230574,train,3673267
67368,2019,1.0,,MEDITERRANEAN,France,8818.0,3673717,POINT (5.33096 44.03863),True,5.33096,44.03863,train,3673717
67412,2018,0.0,30.0,MEDITERRANEAN,France,3642.0,3674589,POINT (6.143884 43.02928),True,6.143884,43.02928,train,3674589
67425,2021,5.0,16.0,MEDITERRANEAN,France,5829.0,3674617,POINT (2.769617 42.979555),True,2.769617,42.979555,train,3674617
67447,2021,10.0,1.0,MEDITERRANEAN,France,4048.0,3676711,POINT (5.16195 43.6929),True,5.16195,43.6929,train,3676711
67468,2020,10.0,4.0,MEDITERRANEAN,France,559.0,3677600,POINT (5.87909 43.29148),True,5.87909,43.29148,train,3677600
67481,2018,0.0,36.0,ALPINE,France,7817.0,3678176,POINT (1.997105 42.52632),True,1.997105,42.52632,train,3678176
67490,2019,1.0,,CONTINENTAL,France,8428.0,3678937,POINT (3.66903 44.41335),True,3.66903,44.41335,train,3678937
67494,2019,1.0,,MEDITERRANEAN,France,11157.0,3679496,POINT (2.67876 42.49779),True,2.67876,42.49779,train,3679496
67514,2020,4.0,400.0,CONTINENTAL,France,963.0,3681855,POINT (2.985848 43.629532),True,2.985848,43.629532,train,3681855
67522,2020,10.0,100.0,MEDITERRANEAN,France,9714.0,3681995,POINT (4.9512 44.0559),True,4.9512,44.0559,train,3681995
67555,2018,10.0,60.0,MEDITERRANEAN,France,8811.0,3682043,POINT (2.018778 42.819667),True,2.018778,42.819667,train,3682043
67577,2019,10.0,20.0,MEDITERRANEAN,France,5982.0,3682437,POINT (6.11336 43.09496),True,6.11336,43.09496,train,3682437
67592,2018,1.0,,MEDITERRANEAN,France,661.0,3682602,POINT (2.70314 42.51566),True,2.70314,42.51566,train,3682602
67610,2021,5.0,5.0,ALPINE,Andorra,4551.0,3682644,POINT (1.729652 42.521974),True,1.729652,42.521974,train,3682644
67627,2018,0.0,20.0,MEDITERRANEAN,France,9243.0,3682901,POINT (3.603244 43.74257),True,3.603244,43.74257,train,3682901
67642,2019,1.0,,ALPINE,France,1705.0,3685276,POINT (2.09576 42.64173),True,2.09576,42.64173,train,3685276
67700,2020,10.0,45.0,MEDITERRANEAN,France,5483.0,3686641,POINT (6.49458 43.1747),True,6.49458,43.1747,train,3686641
67740,2018,1.0,,MEDITERRANEAN,France,6684.0,3687316,POINT (2.4124 42.94734),True,2.4124,42.94734,train,3687316
67782,2021,4.0,-inf,MEDITERRANEAN,France,9572.0,3688091,POINT (7.030347 43.668857),True,7.030347,43.668857,train,3688091
67796,2018,10.0,16.0,MEDITERRANEAN,France,8332.0,3688450,POINT (5.336846 43.214629),True,5.336846,43.214629,train,3688450
67806,2020,4.0,50.0,MEDITERRANEAN,France,3433.0,3690466,POINT (7.086641 43.78063),True,7.086641,43.78063,train,3690466
67846,2018,1.0,,MEDITERRANEAN,France,1304.0,3690520,POINT (3.02958 43.43033),True,3.02958,43.43033,train,3690520
67871,2017,10.0,16.0,MEDITERRANEAN,France,7968.0,3690709,POINT (3.349009 43.272359),True,3.349009,43.272359,train,3690709
67884,2021,4.0,-inf,MEDITERRANEAN,France,10305.0,3691714,POINT (2.920151 43.052143),True,2.920151,43.052143,train,3691714
67915,2017,0.0,3.0,MEDITERRANEAN,France,7644.0,3692472,POINT (5.400065 43.291609),True,5.400065,43.291609,train,3692472
67922,2018,10.0,-inf,MEDITERRANEAN,France,6689.0,3693137,POINT (1.921417 42.833361),True,1.921417,42.833361,train,3693137
67935,2018,10.0,100.0,MEDITERRANEAN,France,4326.0,3693904,POINT (7.084535 43.609951),True,7.084535,43.609951,train,3693904
68015,2019,10.0,60.0,MEDITERRANEAN,France,812.0,3694059,POINT (6.11833 43.0996),True,6.11833,43.0996,train,3694059
68036,2018,0.0,25.0,MEDITERRANEAN,France,6355.0,3695738,POINT (4.418892 43.514624),True,4.418892,43.514624,train,3695738
68042,2021,4.0,16.0,MEDITERRANEAN,France,9565.0,3697130,POINT (2.821497 42.999747),True,2.821497,42.999747,train,3697130
68074,2021,10.0,60.0,MEDITERRANEAN,France,8784.0,3697192,POINT (5.10303 44.1875),True,5.10303,44.1875,train,3697192
68111,2021,5.0,100.0,MEDITERRANEAN,France,10520.0,3698283,POINT (3.143891 43.21343),True,3.143891,43.21343,train,3698283
68127,2018,1.0,,MEDITERRANEAN,France,2474.0,3699973,POINT (4.44058 44.23935),True,4.44058,44.23935,train,3699973
68138,2021,6.0,50.0,MEDITERRANEAN,France,5766.0,3700242,POINT (6.395794 43.266644),True,6.395794,43.266644,train,3700242
68152,2019,10.0,40.0,MEDITERRANEAN,France,5016.0,3700924,POINT (6.043126 43.085577),True,6.043126,43.085577,train,3700924
68201,2018,0.0,100.0,MEDITERRANEAN,France,2634.0,3703547,POINT (6.136872 43.032562),True,6.136872,43.032562,train,3703547
68215,2018,10.0,25.0,MEDITERRANEAN,France,9243.0,3704437,POINT (3.62104 43.554651),True,3.62104,43.554651,train,3704437
68220,2017,0.0,-inf,MEDITERRANEAN,France,10600.0,3705726,POINT (3.762618 44.082692),True,3.762618,44.082692,train,3705726
68229,2021,10.0,200.0,MEDITERRANEAN,France,10281.0,3705838,POINT (4.84058 43.6503),True,4.84058,43.6503,train,3705838
68241,2021,10.0,40.0,MEDITERRANEAN,France,9513.0,3705893,POINT (6.93009 43.4756),True,6.93009,43.4756,train,3705893
68248,2019,1.0,,MEDITERRANEAN,France,10600.0,3705983,POINT (3.96799 44.33736),True,3.96799,44.33736,train,3705983
68265,2019,1.0,,MEDITERRANEAN,France,5412.0,3706333,POINT (1.99655 42.96479),True,1.99655,42.96479,train,3706333
68288,2021,10.0,100.0,MEDITERRANEAN,France,10305.0,3707737,POINT (5.12481 43.4897),True,5.12481,43.4897,train,3707737
68294,2019,10.0,-inf,MEDITERRANEAN,France,10427.0,3708163,POINT (6.69351 43.7635),True,6.69351,43.7635,train,3708163
68325,2021,10.0,300.0,MEDITERRANEAN,France,5451.0,3708507,POINT (4.75263 43.5971),True,4.75263,43.5971,train,3708507
68352,2020,4.0,400.0,MEDITERRANEAN,France,963.0,3711168,POINT (2.985267 43.59457),True,2.985267,43.59457,train,3711168
68366,2021,5.0,100.0,MEDITERRANEAN,France,1736.0,3711693,POINT (2.970908 43.477939),True,2.970908,43.477939,train,3711693
68376,2018,1.0,,CONTINENTAL,France,4871.0,3712229,POINT (3.87316 44.53661),True,3.87316,44.53661,train,3712229
68397,2020,10.0,40.0,MEDITERRANEAN,France,2173.0,3712836,POINT (3.31376 43.25621),True,3.31376,43.25621,train,3712836
68405,2018,10.0,16.0,MEDITERRANEAN,France,2173.0,3713134,POINT (3.03851 42.777546),True,3.03851,42.777546,train,3713134
68406,2017,1.0,,MEDITERRANEAN,France,9714.0,3713971,POINT (3.48425 43.96582),True,3.48425,43.96582,train,3713971
68432,2017,0.0,-inf,MEDITERRANEAN,France,981.0,3714092,POINT (3.879364 44.186708),True,3.879364,44.186708,train,3714092
68445,2018,1.0,,MEDITERRANEAN,France,1736.0,3714459,POINT (3.67743 43.71187),True,3.67743,43.71187,train,3714459
68465,2020,10.0,100.0,MEDITERRANEAN,France,9304.0,3714692,POINT (6.49943 43.1642),True,6.49943,43.1642,train,3714692
68484,2020,4.0,400.0,MEDITERRANEAN,France,7755.0,3717265,POINT (2.998138 43.608182),True,2.998138,43.608182,train,3717265
68506,2018,10.0,2.0,MEDITERRANEAN,France,11140.0,3718281,POINT (6.396001 43.659528),True,6.396001,43.659528,train,3718281
68516,2017,0.0,100.0,MEDITERRANEAN,France,180.0,3718404,POINT (5.485025 43.510838),True,5.485025,43.510838,train,3718404
68533,2019,1.0,,ALPINE,France,7746.0,3719767,POINT (2.50884 42.48024),True,2.50884,42.48024,train,3719767
68549,2017,1.0,,MEDITERRANEAN,France,6039.0,3720232,POINT (5.54745 43.4567),True,5.54745,43.4567,train,3720232
68587,2017,0.0,5.0,MEDITERRANEAN,France,3464.0,3722062,POINT (6.093771 43.03832),True,6.093771,43.03832,train,3722062
68594,2017,0.0,30.0,MEDITERRANEAN,France,2539.0,3722310,POINT (6.107259 43.031514),True,6.107259,43.031514,train,3722310
68605,2020,4.0,200.0,MEDITERRANEAN,France,5882.0,3722479,POINT (3.202805 43.484639),True,3.202805,43.484639,train,3722479
68642,2020,10.0,4.0,MEDITERRANEAN,France,6840.0,3726431,POINT (6.50363 43.1835),True,6.50363,43.1835,train,3726431
68673,2021,10.0,5.0,MEDITERRANEAN,France,8959.0,3727042,POINT (4.801812 43.954024),True,4.801812,43.954024,train,3727042
68677,2019,10.0,-inf,MEDITERRANEAN,France,6851.0,3728109,POINT (6.580872 43.214561),True,6.580872,43.214561,train,3728109
68708,2017,0.0,50.0,MEDITERRANEAN,France,7315.0,3730401,POINT (4.919673 43.432348),True,4.919673,43.432348,train,3730401
68722,2017,0.0,16.0,MEDITERRANEAN,France,9513.0,3730644,POINT (3.349695 43.275874),True,3.349695,43.275874,train,3730644
68744,2018,1.0,,MEDITERRANEAN,France,1276.0,3732358,POINT (2.559 42.91121),True,2.559,42.91121,train,3732358
68754,2021,5.0,250.0,MEDITERRANEAN,France,6039.0,3733545,POINT (3.330916 43.553073),True,3.330916,43.553073,train,3733545
68776,2019,1.0,,MEDITERRANEAN,France,2474.0,3734997,POINT (6.41882 43.55322),True,6.41882,43.55322,train,3734997
68799,2020,10.0,3.0,MEDITERRANEAN,France,82.0,3736631,POINT (6.48249 43.1656),True,6.48249,43.1656,train,3736631
68806,2018,1.0,,MEDITERRANEAN,France,8784.0,3737281,POINT (2.63131 42.71344),True,2.63131,42.71344,train,3737281
68837,2021,10.0,1.0,MEDITERRANEAN,France,1176.0,3737558,POINT (5.05195 43.3314),True,5.05195,43.3314,train,3737558
68872,2017,1.0,,MEDITERRANEAN,France,7536.0,3738067,POINT (7.49026 43.90372),True,7.49026,43.90372,train,3738067
68898,2020,10.0,50.0,MEDITERRANEAN,France,982.0,3741956,POINT (4.020223 43.55487),True,4.020223,43.55487,train,3741956
68904,2018,10.0,20.0,MEDITERRANEAN,France,7118.0,3744535,POINT (6.096113 43.134654),True,6.096113,43.134654,train,3744535
68936,2019,1.0,,MEDITERRANEAN,France,4029.0,3745969,POINT (2.78019 43.07222),True,2.78019,43.07222,train,3745969
68963,2018,10.0,-inf,MEDITERRANEAN,France,1276.0,3746329,POINT (1.939194 42.830583),True,1.939194,42.830583,train,3746329
68973,2021,10.0,10.0,MEDITERRANEAN,France,6491.0,3746708,POINT (4.80531 43.9553),True,4.80531,43.9553,train,3746708
68976,2021,10.0,200.0,MEDITERRANEAN,France,9458.0,3747012,POINT (4.77879 43.6663),True,4.77879,43.6663,train,3747012
68997,2020,4.0,25.0,MEDITERRANEAN,France,4977.0,3747777,POINT (2.960077 42.810609),True,2.960077,42.810609,train,3747777
69063,2018,1.0,,MEDITERRANEAN,France,10953.0,3752362,POINT (6.10857 43.72647),True,6.10857,43.72647,train,3752362
69071,2021,5.0,250.0,CONTINENTAL,France,4871.0,3752795,POINT (2.739629 43.440807),True,2.739629,43.440807,train,3752795
69091,2017,0.0,5.0,MEDITERRANEAN,France,2665.0,3753501,POINT (5.516038 43.532159),True,5.516038,43.532159,train,3753501
69107,2017,0.0,100.0,MEDITERRANEAN,France,9030.0,3753692,POINT (5.510155 43.405215),True,5.510155,43.405215,train,3753692
69111,2018,1.0,,MEDITERRANEAN,France,2932.0,3755783,POINT (2.61008 43.37828),True,2.61008,43.37828,train,3755783
69149,2021,5.0,250.0,CONTINENTAL,France,11013.0,3756001,POINT (2.747484 43.448899),True,2.747484,43.448899,train,3756001
69173,2017,0.0,30.0,MEDITERRANEAN,France,6874.0,3756163,POINT (5.595672 43.166802),True,5.595672,43.166802,train,3756163
69186,2021,5.0,100.0,MEDITERRANEAN,France,9030.0,3756527,POINT (3.099531 43.157506),True,3.099531,43.157506,train,3756527
69203,2021,10.0,200.0,MEDITERRANEAN,France,476.0,3757782,POINT (5.64104 43.58799),True,5.64104,43.58799,train,3757782
69218,2020,10.0,60.0,MEDITERRANEAN,France,8208.0,3760631,POINT (4.95175 44.056),True,4.95175,44.056,train,3760631
69230,2018,0.0,100.0,MEDITERRANEAN,France,2075.0,3761112,POINT (4.449561 43.459409),True,4.449561,43.459409,train,3761112
69234,2017,0.0,10.0,MEDITERRANEAN,France,8958.0,3762563,POINT (5.024147 43.34436),True,5.024147,43.34436,train,3762563
69264,2019,10.0,25.0,MEDITERRANEAN,France,669.0,3762816,POINT (3.034139 42.659306),True,3.034139,42.659306,train,3762816
69298,2019,10.0,60.0,MEDITERRANEAN,France,6836.0,3763390,POINT (6.11244 43.10054),True,6.11244,43.10054,train,3763390
69322,2018,0.0,30.0,MEDITERRANEAN,France,2356.0,3766833,POINT (6.019348 43.1154),True,6.019348,43.1154,train,3766833
69331,2018,10.0,10.0,MEDITERRANEAN,France,10632.0,3767313,POINT (6.415067 43.596248),True,6.415067,43.596248,train,3767313
69363,2017,1.0,,MEDITERRANEAN,France,11193.0,3768190,POINT (2.88128 43.39523),True,2.88128,43.39523,train,3768190
69385,2020,10.0,100.0,MEDITERRANEAN,France,9581.0,3769416,POINT (6.54966 43.18868),True,6.54966,43.18868,train,3769416
69423,2017,10.0,-inf,MEDITERRANEAN,France,6279.0,3770771,POINT (3.51701 43.318563),True,3.51701,43.318563,train,3770771
69424,2019,10.0,-inf,MEDITERRANEAN,France,8208.0,3771050,POINT (3.145569 43.26874),True,3.145569,43.26874,train,3771050
69429,2017,0.0,10.0,MEDITERRANEAN,France,1519.0,3771873,POINT (6.10342 43.029689),True,6.10342,43.029689,train,3771873
69443,2021,5.0,-inf,MEDITERRANEAN,France,2420.0,3774039,POINT (4.87677 43.463765),True,4.87677,43.463765,train,3774039
69451,2017,0.0,3.0,MEDITERRANEAN,France,8332.0,3775641,POINT (6.093879 43.03919),True,6.093879,43.03919,train,3775641
69460,2017,1.0,,MEDITERRANEAN,France,9458.0,3775741,POINT (5.66861 43.41705),True,5.66861,43.41705,train,3775741
69484,2018,10.0,16.0,MEDITERRANEAN,France,10590.0,3776593,POINT (3.050386 42.890501),True,3.050386,42.890501,train,3776593
69494,2020,10.0,4.0,MEDITERRANEAN,France,3501.0,3777491,POINT (6.48432 43.1534),True,6.48432,43.1534,train,3777491
69513,2017,0.0,16.0,MEDITERRANEAN,France,6855.0,3777646,POINT (3.349185 43.272952),True,3.349185,43.272952,train,3777646
69531,2020,10.0,-inf,MEDITERRANEAN,France,1736.0,3778263,POINT (4.74436 44.2041),True,4.74436,44.2041,train,3778263
69547,2020,10.0,40.0,MEDITERRANEAN,France,5203.0,3778639,POINT (3.043214 42.839605),True,3.043214,42.839605,train,3778639
69575,2020,4.0,-inf,MEDITERRANEAN,France,10947.0,3779165,POINT (6.937662 43.524309),True,6.937662,43.524309,train,3779165
69627,2018,0.0,18.0,ALPINE,France,924.0,3780994,POINT (1.950628 42.516703),True,1.950628,42.516703,train,3780994
69640,2017,10.0,500.0,MEDITERRANEAN,France,11140.0,3781792,POINT (3.037778 42.766361),True,3.037778,42.766361,train,3781792
69691,2018,0.0,-inf,MEDITERRANEAN,France,473.0,3782457,POINT (4.619089 43.708948),True,4.619089,43.708948,train,3782457
69706,2020,10.0,20.0,MEDITERRANEAN,France,5994.0,3782841,POINT (4.95656 44.0577),True,4.95656,44.0577,train,3782841
69714,2021,5.0,-inf,MEDITERRANEAN,France,6141.0,3783574,POINT (5.104568 44.12814),True,5.104568,44.12814,train,3783574
69745,2019,10.0,50.0,MEDITERRANEAN,France,2753.0,3784829,POINT (6.576148 43.194558),True,6.576148,43.194558,train,3784829
69815,2021,5.0,-inf,MEDITERRANEAN,France,1655.0,3786086,POINT (7.366069 43.915856),True,7.366069,43.915856,train,3786086
69846,2018,1.0,,MEDITERRANEAN,France,4498.0,3787142,POINT (2.72777 42.56945),True,2.72777,42.56945,train,3787142
69866,2020,10.0,2.0,MEDITERRANEAN,France,4617.0,3788122,POINT (6.50047 43.1688),True,6.50047,43.1688,train,3788122
69870,2021,5.0,250.0,MEDITERRANEAN,France,1831.0,3788271,POINT (2.855093 43.545196),True,2.855093,43.545196,train,3788271
69925,2018,10.0,16.0,MEDITERRANEAN,France,10893.0,3789928,POINT (3.037078 42.771469),True,3.037078,42.771469,train,3789928
69941,2020,8.0,400.0,MEDITERRANEAN,France,5412.0,3790470,POINT (2.978049 43.592801),True,2.978049,43.592801,train,3790470
69955,2020,4.0,-inf,MEDITERRANEAN,France,4628.0,3791195,POINT (7.11775 43.820983),True,7.11775,43.820983,train,3791195
69982,2020,10.0,-inf,MEDITERRANEAN,France,5618.0,3791622,POINT (6.5108 43.1952),True,6.5108,43.1952,train,3791622
69997,2017,1.0,,MEDITERRANEAN,France,1254.0,3792359,POINT (6.08494 43.36739),True,6.08494,43.36739,train,3792359
70020,2020,10.0,-inf,MEDITERRANEAN,France,7963.0,3792489,POINT (7.12376 43.8258),True,7.12376,43.8258,train,3792489
70038,2020,10.0,30.0,MEDITERRANEAN,France,4349.0,3793760,POINT (2.270972 43.165222),True,2.270972,43.165222,train,3793760
70043,2019,1.0,,MEDITERRANEAN,France,6925.0,3793842,POINT (5.65021 43.52555),True,5.65021,43.52555,train,3793842
70067,2018,10.0,16.0,MEDITERRANEAN,France,9053.0,3794145,POINT (3.01703 42.829156),True,3.01703,42.829156,train,3794145
70081,2018,0.0,100.0,MEDITERRANEAN,France,7770.0,3794874,POINT (5.45595 43.212038),True,5.45595,43.212038,train,3794874
70099,2021,6.0,25.0,MEDITERRANEAN,France,3597.0,3795184,POINT (3.93597 44.356234),True,3.93597,44.356234,train,3795184
70137,2021,5.0,100.0,MEDITERRANEAN,France,1396.0,3795910,POINT (3.116304 43.148041),True,3.116304,43.148041,train,3795910
70166,2020,4.0,200.0,MEDITERRANEAN,France,9388.0,3798404,POINT (5.919 43.27452),True,5.919,43.27452,train,3798404
70195,2017,10.0,16.0,MEDITERRANEAN,France,6410.0,3799457,POINT (3.348369 43.272424),True,3.348369,43.272424,train,3799457
70210,2019,10.0,20.0,MEDITERRANEAN,France,5016.0,3800267,POINT (6.608304 43.172867),True,6.608304,43.172867,train,3800267
70220,2018,10.0,16.0,MEDITERRANEAN,France,7968.0,3800441,POINT (3.024298 42.856491),True,3.024298,42.856491,train,3800441
70226,2021,10.0,100.0,MEDITERRANEAN,France,3747.0,3800489,POINT (4.75234 43.6704),True,4.75234,43.6704,train,3800489
70250,2019,10.0,100.0,MEDITERRANEAN,France,9572.0,3801315,POINT (5.362139 43.208517),True,5.362139,43.208517,train,3801315
70267,2021,10.0,30.0,MEDITERRANEAN,France,3958.0,3801401,POINT (2.229444 43.198917),True,2.229444,43.198917,train,3801401
70274,2018,0.0,25.0,CONTINENTAL,France,433.0,3801757,POINT (3.696237 44.399993),True,3.696237,44.399993,train,3801757
70299,2017,0.0,-inf,MEDITERRANEAN,France,10255.0,3802515,POINT (3.726993 44.192089),True,3.726993,44.192089,train,3802515
70308,2017,1.0,,MEDITERRANEAN,France,2474.0,3804376,POINT (3.63277 43.92819),True,3.63277,43.92819,train,3804376
70333,2021,5.0,50.0,MEDITERRANEAN,France,146.0,3805203,POINT (3.788498 43.664392),True,3.788498,43.664392,train,3805203
70356,2021,4.0,250.0,MEDITERRANEAN,France,146.0,3805851,POINT (3.881429 43.970294),True,3.881429,43.970294,train,3805851
70371,2019,10.0,-inf,MEDITERRANEAN,France,8482.0,3806545,POINT (3.037528 42.745139),True,3.037528,42.745139,train,3806545
70401,2018,1.0,,MEDITERRANEAN,France,5721.0,3809879,POINT (6.09671 43.54692),True,6.09671,43.54692,train,3809879
70423,2019,10.0,25.0,MEDITERRANEAN,France,6560.0,3810688,POINT (6.033461 43.081602),True,6.033461,43.081602,train,3810688
70433,2021,10.0,200.0,MEDITERRANEAN,France,4003.0,3810743,POINT (5.67688 43.22665),True,5.67688,43.22665,train,3810743
70460,2021,10.0,20.0,MEDITERRANEAN,France,11159.0,3810931,POINT (6.11621 43.12771),True,6.11621,43.12771,train,3810931
70477,2021,10.0,200.0,MEDITERRANEAN,France,3723.0,3813646,POINT (5.71548 43.53904),True,5.71548,43.53904,train,3813646
70498,2017,10.0,-inf,MEDITERRANEAN,France,7955.0,3813910,POINT (3.519878 43.322255),True,3.519878,43.322255,train,3813910
70499,2018,10.0,200.0,ALPINE,France,9707.0,3814005,POINT (1.997917 42.862139),True,1.997917,42.862139,train,3814005
70545,2019,10.0,10.0,MEDITERRANEAN,France,5219.0,3816518,POINT (5.12461 43.49),True,5.12461,43.49,train,3816518
70560,2017,1.0,,MEDITERRANEAN,France,11157.0,3817976,POINT (2.85452 43.16173),True,2.85452,43.16173,train,3817976
70577,2017,0.0,-inf,MEDITERRANEAN,France,3067.0,3818553,POINT (3.642164 44.167109),True,3.642164,44.167109,train,3818553
70602,2021,5.0,-inf,MEDITERRANEAN,France,7054.0,3821372,POINT (6.972923 43.649864),True,6.972923,43.649864,train,3821372
70633,2017,0.0,4.0,MEDITERRANEAN,France,5483.0,3824497,POINT (5.549003 43.530571),True,5.549003,43.530571,train,3824497
70644,2017,1.0,,MEDITERRANEAN,France,3251.0,3824799,POINT (5.84763 43.51932),True,5.84763,43.51932,train,3824799
70660,2017,1.0,,MEDITERRANEAN,France,4171.0,3826009,POINT (7.19857 43.98923),True,7.19857,43.98923,train,3826009
70670,2017,0.0,100.0,MEDITERRANEAN,France,4029.0,3826028,POINT (5.352122 43.231719),True,5.352122,43.231719,train,3826028
70679,2021,10.0,50.0,MEDITERRANEAN,France,857.0,3827189,POINT (5.02108 43.4002),True,5.02108,43.4002,train,3827189
70685,2018,10.0,100.0,MEDITERRANEAN,France,9385.0,3827222,POINT (5.489581 43.278352),True,5.489581,43.278352,train,3827222
70709,2017,10.0,-inf,MEDITERRANEAN,France,6279.0,3828757,POINT (3.521605 43.317128),True,3.521605,43.317128,train,3828757
70710,2020,10.0,20.0,MEDITERRANEAN,France,154.0,3830346,POINT (6.51181 43.1858),True,6.51181,43.1858,train,3830346
70726,2020,4.0,200.0,MEDITERRANEAN,France,6689.0,3830643,POINT (7.130088 43.749324),True,7.130088,43.749324,train,3830643
70746,2020,10.0,200.0,MEDITERRANEAN,France,5882.0,3831317,POINT (6.0227 43.1205),True,6.0227,43.1205,train,3831317
70762,2021,4.0,100.0,MEDITERRANEAN,France,6039.0,3832660,POINT (4.045601 43.560269),True,4.045601,43.560269,train,3832660
70769,2019,10.0,150.0,MEDITERRANEAN,France,3935.0,3832756,POINT (6.04789 43.087432),True,6.04789,43.087432,train,3832756
70797,2017,0.0,-inf,MEDITERRANEAN,France,9348.0,3833473,POINT (5.59498 43.166999),True,5.59498,43.166999,train,3833473
70811,2017,10.0,16.0,MEDITERRANEAN,France,2643.0,3833579,POINT (5.67427 43.319725),True,5.67427,43.319725,train,3833579
70831,2020,10.0,200.0,MEDITERRANEAN,France,1903.0,3834014,POINT (6.906718 43.447975),True,6.906718,43.447975,train,3834014
70849,2017,0.0,2.0,MEDITERRANEAN,France,10289.0,3835001,POINT (5.549387 43.53031),True,5.549387,43.53031,train,3835001
70860,2017,1.0,,CONTINENTAL,France,5189.0,3835564,POINT (3.57222 44.57638),True,3.57222,44.57638,train,3835564
70877,2021,10.0,3.0,MEDITERRANEAN,France,3140.0,3836371,POINT (6.32897 43.1967),True,6.32897,43.1967,train,3836371
70891,2018,0.0,50.0,MEDITERRANEAN,France,7195.0,3836586,POINT (5.353965 43.20991),True,5.353965,43.20991,train,3836586
70898,2021,10.0,50.0,MEDITERRANEAN,France,1162.0,3839038,POINT (5.09914 44.1882),True,5.09914,44.1882,train,3839038
70924,2018,1.0,,ALPINE,France,6171.0,3839301,POINT (7.50988 44.11902),True,7.50988,44.11902,train,3839301
70937,2017,0.0,100.0,MEDITERRANEAN,France,9412.0,3840194,POINT (5.54921 43.530782),True,5.54921,43.530782,train,3840194
70945,2021,6.0,2.0,MEDITERRANEAN,France,7571.0,3842084,POINT (6.789015 43.700324),True,6.789015,43.700324,train,3842084
70962,2019,0.0,20.0,MEDITERRANEAN,France,3723.0,3842162,POINT (6.034536 43.083822),True,6.034536,43.083822,train,3842162
70975,2017,0.0,-inf,MEDITERRANEAN,France,2474.0,3842749,POINT (3.836443 44.158599),True,3.836443,44.158599,train,3842749
70983,2017,0.0,-inf,MEDITERRANEAN,France,981.0,3842778,POINT (3.813171 44.218678),True,3.813171,44.218678,train,3842778
71006,2019,1.0,,MEDITERRANEAN,France,10909.0,3846553,POINT (6.15568 43.68883),True,6.15568,43.68883,train,3846553
71024,2017,0.0,-inf,MEDITERRANEAN,France,661.0,3847696,POINT (3.660797 44.151013),True,3.660797,44.151013,train,3847696
71037,2021,5.0,20.0,MEDITERRANEAN,France,1173.0,3847917,POINT (4.840261 43.482202),True,4.840261,43.482202,train,3847917
71039,2021,10.0,100.0,MEDITERRANEAN,France,262.0,3848047,POINT (4.9951 43.391),True,4.9951,43.391,train,3848047
71061,2017,0.0,20.0,MEDITERRANEAN,France,6652.0,3849125,POINT (5.595381 43.16689),True,5.595381,43.16689,train,3849125
71070,2017,1.0,,MEDITERRANEAN,France,10247.0,3849438,POINT (2.38787 42.85753),True,2.38787,42.85753,train,3849438
71090,2017,0.0,4.0,MEDITERRANEAN,France,9820.0,3850169,POINT (4.779534 43.350577),True,4.779534,43.350577,train,3850169
71093,2020,10.0,-inf,MEDITERRANEAN,France,3251.0,3851419,POINT (6.50476 43.1819),True,6.50476,43.1819,train,3851419
71112,2019,0.0,50.0,MEDITERRANEAN,France,2386.0,3852353,POINT (3.352947 43.757257),True,3.352947,43.757257,train,3852353
71126,2021,10.0,50.0,MEDITERRANEAN,France,4530.0,3852427,POINT (5.10462 44.187),True,5.10462,44.187,train,3852427
71155,2020,5.0,16.0,MEDITERRANEAN,France,8983.0,3853499,POINT (7.045582 43.788001),True,7.045582,43.788001,train,3853499
71186,2018,1.0,,MEDITERRANEAN,France,515.0,3854201,POINT (4.5149 44.2199),True,4.5149,44.2199,train,3854201
71230,2020,4.0,-inf,MEDITERRANEAN,France,1842.0,3855420,POINT (6.911531 43.524158),True,6.911531,43.524158,train,3855420
71254,2017,10.0,-inf,MEDITERRANEAN,France,6279.0,3855463,POINT (3.518702 43.328558),True,3.518702,43.328558,train,3855463
71256,2021,5.0,250.0,MEDITERRANEAN,France,1392.0,3855800,POINT (4.089556 43.911693),True,4.089556,43.911693,train,3855800
71278,2017,1.0,,MEDITERRANEAN,France,51.0,3855965,POINT (5.00244 43.4176),True,5.00244,43.4176,train,3855965
71293,2020,10.0,400.0,MEDITERRANEAN,France,10909.0,3856266,POINT (6.941807 43.494015),True,6.941807,43.494015,train,3856266
71316,2021,5.0,5.0,MEDITERRANEAN,France,9642.0,3857506,POINT (4.025701 43.557916),True,4.025701,43.557916,train,3857506
71318,2018,10.0,5.0,MEDITERRANEAN,France,6643.0,3857929,POINT (6.39599 43.659556),True,6.39599,43.659556,train,3857929
71329,2018,1.0,,MEDITERRANEAN,France,5969.0,3858306,POINT (6.70536 43.74005),True,6.70536,43.74005,train,3858306
71358,2017,1.0,,MEDITERRANEAN,France,7706.0,3859040,POINT (3.93428 44.03208),True,3.93428,44.03208,train,3859040
71385,2017,10.0,-inf,MEDITERRANEAN,France,6279.0,3859626,POINT (3.521304 43.316509),True,3.521304,43.316509,train,3859626
71386,2021,5.0,250.0,MEDITERRANEAN,France,11157.0,3860106,POINT (4.544057 44.222593),True,4.544057,44.222593,train,3860106
71405,2019,1.0,,MEDITERRANEAN,France,10946.0,3860587,POINT (4.3342 44.06146),True,4.3342,44.06146,train,3860587
71431,2019,1.0,,MEDITERRANEAN,France,5412.0,3862139,POINT (7.27783 44.03971),True,7.27783,44.03971,train,3862139
71503,2019,1.0,,CONTINENTAL,France,581.0,3865014,POINT (3.70195 44.73676),True,3.70195,44.73676,train,3865014
71510,2019,10.0,-inf,MEDITERRANEAN,France,4985.0,3865199,POINT (6.047195 43.089396),True,6.047195,43.089396,train,3865199
71515,2020,10.0,-inf,MEDITERRANEAN,France,4194.0,3865432,POINT (6.53011 43.2022),True,6.53011,43.2022,train,3865432
71528,2021,4.0,50.0,MEDITERRANEAN,France,146.0,3866187,POINT (3.194845 43.490646),True,3.194845,43.490646,train,3866187
71559,2018,0.0,50.0,MEDITERRANEAN,France,5474.0,3866456,POINT (4.990136 43.435252),True,4.990136,43.435252,train,3866456
71571,2020,6.0,400.0,CONTINENTAL,France,10600.0,3866975,POINT (2.977308 43.648488),True,2.977308,43.648488,train,3866975
71576,2017,10.0,200.0,MEDITERRANEAN,France,5412.0,3868085,POINT (5.209366 44.053643),True,5.209366,44.053643,train,3868085
71588,2020,10.0,100.0,MEDITERRANEAN,France,4477.0,3868199,POINT (6.54162 43.1964),True,6.54162,43.1964,train,3868199
71608,2019,10.0,25.0,MEDITERRANEAN,France,4147.0,3868473,POINT (7.3715 43.7358),True,7.3715,43.7358,train,3868473
71628,2021,6.0,20.0,MEDITERRANEAN,France,8549.0,3868578,POINT (7.108646 43.781673),True,7.108646,43.781673,train,3868578
71654,2020,10.0,30.0,MEDITERRANEAN,France,3722.0,3869350,POINT (6.50624 43.1598),True,6.50624,43.1598,train,3869350
71676,2018,10.0,16.0,MEDITERRANEAN,France,1312.0,3869354,POINT (5.6869 43.694337),True,5.6869,43.694337,train,3869354
71686,2017,0.0,-inf,CONTINENTAL,France,3913.0,3870344,POINT (3.509288 44.583088),True,3.509288,44.583088,train,3870344
71714,2021,5.0,16.0,MEDITERRANEAN,France,10895.0,3870497,POINT (6.452574 43.270502),True,6.452574,43.270502,train,3870497
71740,2018,0.0,100.0,MEDITERRANEAN,France,6652.0,3872096,POINT (5.348423 43.212776),True,5.348423,43.212776,train,3872096
71768,2018,10.0,16.0,MEDITERRANEAN,France,10289.0,3872609,POINT (3.03189 42.746816),True,3.03189,42.746816,train,3872609
71777,2020,5.0,16.0,MEDITERRANEAN,France,5398.0,3872651,POINT (3.815496 43.585113),True,3.815496,43.585113,train,3872651
71784,2021,10.0,4.0,MEDITERRANEAN,France,2539.0,3873849,POINT (3.83246 43.7938),True,3.83246,43.7938,train,3873849
71793,2021,4.0,-inf,MEDITERRANEAN,France,5721.0,3873877,POINT (6.291121 43.545355),True,6.291121,43.545355,train,3873877
71803,2020,3.0,16.0,MEDITERRANEAN,France,6491.0,3874738,POINT (3.872139 43.542785),True,3.872139,43.542785,train,3874738
71814,2018,1.0,,MEDITERRANEAN,France,6925.0,3874783,POINT (6.25839 43.3792),True,6.25839,43.3792,train,3874783
71826,2021,5.0,250.0,MEDITERRANEAN,France,11013.0,3875888,POINT (2.999061 43.519821),True,2.999061,43.519821,train,3875888
71861,2020,10.0,80.0,MEDITERRANEAN,France,1304.0,3877360,POINT (4.96582 44.2593),True,4.96582,44.2593,train,3877360
71875,2017,0.0,-inf,MEDITERRANEAN,France,4871.0,3877459,POINT (3.839027 44.196421),True,3.839027,44.196421,train,3877459
71908,2017,10.0,-inf,MEDITERRANEAN,France,9595.0,3880159,POINT (4.424782 43.584603),True,4.424782,43.584603,train,3880159
71917,2020,3.0,25.0,MEDITERRANEAN,France,8323.0,3882322,POINT (3.788219 43.472042),True,3.788219,43.472042,train,3882322
71924,2018,10.0,30.0,MEDITERRANEAN,France,10408.0,3883525,POINT (6.426826 43.231692),True,6.426826,43.231692,train,3883525
71932,2019,0.0,50.0,MEDITERRANEAN,France,7536.0,3883977,POINT (3.777043 43.659482),True,3.777043,43.659482,train,3883977
71943,2018,10.0,16.0,MEDITERRANEAN,France,10893.0,3884263,POINT (3.018816 42.797972),True,3.018816,42.797972,train,3884263
71991,2021,5.0,100.0,MEDITERRANEAN,France,2634.0,3888731,POINT (3.144531 43.194955),True,3.144531,43.194955,train,3888731
72004,2021,10.0,5.0,MEDITERRANEAN,France,1910.0,3888933,POINT (4.803 43.9547),True,4.803,43.9547,train,3888933
72008,2017,1.0,,MEDITERRANEAN,France,3043.0,3890187,POINT (6.76325 43.84574),True,6.76325,43.84574,train,3890187
72019,2021,5.0,-inf,MEDITERRANEAN,France,4325.0,3890448,POINT (4.795701 43.516119),True,4.795701,43.516119,train,3890448
72024,2017,0.0,-inf,MEDITERRANEAN,France,4871.0,3890467,POINT (3.872667 44.204296),True,3.872667,44.204296,train,3890467
72045,2017,10.0,50.0,MEDITERRANEAN,France,4671.0,3890809,POINT (2.001611 42.828222),True,2.001611,42.828222,train,3890809
72069,2021,10.0,10.0,MEDITERRANEAN,France,5116.0,3892435,POINT (2.215389 43.309583),True,2.215389,43.309583,train,3892435
72076,2021,5.0,2.0,MEDITERRANEAN,France,4719.0,3892986,POINT (6.724158 43.479522),True,6.724158,43.479522,train,3892986
72091,2019,1.0,,MEDITERRANEAN,France,2386.0,3893435,POINT (3.58618 44.0726),True,3.58618,44.0726,train,3893435
72118,2018,1.0,,MEDITERRANEAN,France,5412.0,3893637,POINT (3.28152 43.752),True,3.28152,43.752,train,3893637
72153,2017,10.0,-inf,MEDITERRANEAN,France,245.0,3894394,POINT (3.030833 42.864639),True,3.030833,42.864639,train,3894394
72157,2021,6.0,25.0,MEDITERRANEAN,France,9341.0,3894867,POINT (3.944301 44.359411),True,3.944301,44.359411,train,3894867
72183,2021,5.0,250.0,CONTINENTAL,France,5542.0,3895951,POINT (2.70033 43.555488),True,2.70033,43.555488,train,3895951
72196,2021,10.0,30.0,MEDITERRANEAN,France,3642.0,3896053,POINT (6.09355 43.0384),True,6.09355,43.0384,train,3896053
72201,2017,1.0,,MEDITERRANEAN,France,960.0,3896102,POINT (3.76391 44.19631),True,3.76391,44.19631,train,3896102
72221,2017,1.0,,MEDITERRANEAN,France,5557.0,3897810,POINT (6.96749 43.90926),True,6.96749,43.90926,train,3897810
72242,2017,0.0,80.0,MEDITERRANEAN,France,2386.0,3898605,POINT (5.483987 43.510853),True,5.483987,43.510853,train,3898605
72278,2018,10.0,50.0,ALPINE,France,7095.0,3898858,POINT (2.085269 42.614081),True,2.085269,42.614081,train,3898858
72304,2019,10.0,-inf,MEDITERRANEAN,France,6962.0,3899631,POINT (6.96404 43.8981),True,6.96404,43.8981,train,3899631
72339,2018,10.0,60.0,ALPINE,France,6277.0,3900193,POINT (1.966667 42.75),True,1.966667,42.75,train,3900193
72375,2020,10.0,50.0,MEDITERRANEAN,France,4306.0,3901493,POINT (3.136736 43.129195),True,3.136736,43.129195,train,3901493
72386,2021,10.0,200.0,MEDITERRANEAN,France,9572.0,3902672,POINT (5.672178 43.214294),True,5.672178,43.214294,train,3902672
72403,2018,10.0,50.0,MEDITERRANEAN,France,4977.0,3903329,POINT (5.724881 43.70317),True,5.724881,43.70317,train,3903329
72426,2018,10.0,15.0,MEDITERRANEAN,France,3278.0,3904730,POINT (6.015742 43.120218),True,6.015742,43.120218,train,3904730
72444,2021,5.0,-inf,MEDITERRANEAN,France,7244.0,3904963,POINT (6.585471 43.445436),True,6.585471,43.445436,train,3904963
72454,2017,0.0,16.0,MEDITERRANEAN,France,906.0,3906915,POINT (3.348332 43.27658),True,3.348332,43.27658,train,3906915
72485,2021,5.0,50.0,MEDITERRANEAN,France,9458.0,3907609,POINT (2.878387 43.047919),True,2.878387,43.047919,train,3907609
72518,2018,0.0,40.0,MEDITERRANEAN,France,2311.0,3909136,POINT (6.015955 43.12077),True,6.015955,43.12077,train,3909136
72532,2017,1.0,,MEDITERRANEAN,France,9636.0,3909385,POINT (2.1188 42.98308),True,2.1188,42.98308,train,3909385
72574,2021,10.0,1.0,MEDITERRANEAN,France,6569.0,3910418,POINT (5.15404 43.4564),True,5.15404,43.4564,train,3910418
72579,2017,0.0,-inf,MEDITERRANEAN,France,661.0,3911150,POINT (3.825541 44.116467),True,3.825541,44.116467,train,3911150
72599,2017,0.0,4.0,MEDITERRANEAN,France,4892.0,3911263,POINT (4.322313 43.458733),True,4.322313,43.458733,train,3911263
72610,2021,5.0,50.0,MEDITERRANEAN,France,340.0,3911315,POINT (6.416537 43.270251),True,6.416537,43.270251,train,3911315
72632,2017,0.0,-inf,MEDITERRANEAN,France,10255.0,3913218,POINT (3.823822 44.243659),True,3.823822,44.243659,train,3913218
72653,2017,0.0,80.0,MEDITERRANEAN,France,11159.0,3913691,POINT (6.103185 43.0402),True,6.103185,43.0402,train,3913691
72672,2021,6.0,100.0,MEDITERRANEAN,France,2643.0,3914273,POINT (3.175085 43.198377),True,3.175085,43.198377,train,3914273
72718,2019,1.0,,MEDITERRANEAN,France,6658.0,3915721,POINT (2.92322 42.67631),True,2.92322,42.67631,train,3915721
72721,2018,10.0,16.0,MEDITERRANEAN,France,9107.0,3917646,POINT (3.018767 42.798467),True,3.018767,42.798467,train,3917646
72729,2018,10.0,100.0,MEDITERRANEAN,France,10143.0,3918259,POINT (6.102406 43.137164),True,6.102406,43.137164,train,3918259
