mean,std
30.100546731443227,24.892333663684852
