mean,std
4004.8117727050767,3437.9919958026117
