mean,std
78.76155090332031,26.074047088623047
82.85948944091797,24.484201431274414
71.28756713867188,23.27535629272461
