mean,std
143.7962714157446,43.62620891240985
