mean,std
30.07133913040161,24.85981097962056
