mean,std
30.056937769894873,24.84684297774274
