mean,std
77.63598352305829,25.110230095498043
