mean,std
3884.7257300069773,2939.537956465195
