mean,std
3891.549200082297,2969.362280966568
