mean,std
146.0822169810489,39.518131358355625
