mean,std
78.80220794677734,29.90485382080078
82.98465728759766,28.24833106994629
70.94364929199219,26.760713577270508
