{"mean": [-0.32672056555747986, -0.16962167620658875, -0.17619845271110535, 0.2882591485977173, -0.03932049497961998, -0.16123870015144348, 0.5320594906806946], "std": [0.7041454315185547, 0.6912896037101746, 0.7072046995162964, 0.8659546971321106, 0.8006300926208496, 0.7628145813941956, 1.0884382724761963]}