{"mean": [0.05705229938030243, 0.09219909459352493, 0.10897430777549744, 0.25214147567749023, 0.25250279903411865, 0.1810014247894287, 299.32781982421875], "std": [0.01577509194612503, 0.021605616435408592, 0.033299341797828674, 0.04285351186990738, 0.05710853263735771, 0.055001381784677505, 1.35698401927948]}