Precision_micro_top-1,Recall_micro_top-1,F1_micro_top-1,Precision_samples_top-1,Recall_samples_top-1,F1_samples_top-1,Precision_macro_top-1,Recall_macro_top-1,F1_macro_top-1,Precision_micro_top-3,Recall_micro_top-3,F1_micro_top-3,Precision_samples_top-3,Recall_samples_top-3,F1_samples_top-3,Precision_macro_top-3,Recall_macro_top-3,F1_macro_top-3,Precision_micro_top-5,Recall_micro_top-5,F1_micro_top-5,Precision_samples_top-5,Recall_samples_top-5,F1_samples_top-5,Precision_macro_top-5,Recall_macro_top-5,F1_macro_top-5,Accuracy_multiclass_top-1,Accuracy_multiclass_top-3,Accuracy_multiclass_top-5
0.337773042088439,0.337773042088439,0.337773042088439,0.337773042088439,0.337773042088439,0.337773042088439,0.20480480687172334,0.18039238248849737,0.1588256540889949,0.17812111525483929,0.5343633457645178,0.2671816728822589,0.17812111525483929,0.5343633457645178,0.2671816728822589,0.11471821920023804,0.33961951262661966,0.14604822765115621,0.12360149174214172,0.6180074587107086,0.20600248623690287,0.1236014917421417,0.6180074587107086,0.20600248623690284,0.07785807970266735,0.41477541996937306,0.11795281024254056,0.337773042088439,0.5343633457645178,0.6180074587107086
