Precision_micro,Recall_micro,F1_micro,Precision_samples,Recall_samples,F1_samples,Precision_macro,Recall_macro,F1_macro,AUC_micro,AUC_samples,AUC_macro
0.21059647633198897,0.29395799753484403,0.24539082171248225,0.210596476331989,0.34064189858375904,0.23500183424925683,0.1598681171871421,0.12121467662333647,0.07626799544432517,0.9510241492269358,0.9488151525703545,0.8997842400397853
