Precision_micro,Recall_micro,F1_micro,Precision_samples,Recall_samples,F1_samples,Precision_macro,Recall_macro,F1_macro,AUC_micro,AUC_samples,AUC_macro
0.20359159414137126,0.28418033564046646,0.23722860633882592,0.2035915941413713,0.3482067466032593,0.2334258257264458,0.1030484230399222,0.0870795016501394,0.057313999172964356,0.942914343545537,0.945345004363268,0.8834518578744809
