Precision_micro,Recall_micro,F1_micro,Precision_samples,Recall_samples,F1_samples,Precision_macro,Recall_macro,F1_macro,AUC_micro,AUC_samples,AUC_macro
0.26177032477181067,0.3653882620650422,0.30501951511493886,0.2617703247718106,0.43453897475711595,0.2956075310307792,0.18981642747066602,0.14539848531640895,0.09448853238071578,0.9667401003288805,0.9632317845493843,0.9325441149569563
