Precision_micro,Recall_micro,F1_micro,Precision_samples,Recall_samples,F1_samples,Precision_macro,Recall_macro,F1_macro,AUC_micro,AUC_samples,AUC_macro
0.23426873275313098,0.32700056888214657,0.2729741628782445,0.23426873275313098,0.39148672509043164,0.2655083103540811,0.12401401710791378,0.11033733443070362,0.07729435477631096,0.9465829053977434,0.9477109573732603,0.8850844192979922
