mean,std
30.654699535584506,25.70223457928363
