mean,std
629.6244506835938,435.9951171875
691.8153076171875,371.3965759277344
460.6056823730469,342.8971252441406
2959.370361328125,925.369140625
