mean,std
26.188058348891673,29.624102936518728
