mean,std
3955.529410424809,3234.002077993207
