mean,std
3932.149871972656,3490.3687862811103
