mean,std
3914.8479827880924,3080.6445717511765
