mean,std
30.269297362566068,25.212980775818476
