mean,std
517.7869262695312,530.5372924804688
565.6556396484375,497.5302734375
376.7779541015625,427.4356994628906
2289.86279296875,1510.10400390625
