mean,std
633.1102905273438,465.04644775390625
692.7642211914062,398.9754333496094
462.1891784667969,370.75921630859375
2950.603515625,927.0215454101562
