mean,std
1187.8192469177131,1182.4769087380596
