mean,std
936.266347143558,1169.9037752672536
