mean,std
1184.0608320129434,1176.725015110066
