mean,std
595.0890138994772,282.4347110246691
