mean,std
1442.4245984008298,718.8127599088908
