Precision_micro,Recall_micro,F1_micro,Precision_samples,Recall_samples,F1_samples,Precision_macro,Recall_macro,F1_macro,AUC_micro,AUC_samples,AUC_macro
0.02770378263185935,0.02770378263185935,0.02770378263185935,0.02770378263185935,0.02770378263185935,0.02770378263185935,0.010899497916083498,0.017046637673082315,0.006490874702280293,0.5525864058359061,0.5521194059669685,0.5448884953705845
